05:37:53 | INFO    | ============================================================
05:37:53 | INFO    | EXPIRY SCALPER v2 — 1m entries | TP=+60% SL=-20% | MaxTrades=4
05:37:53 | INFO    | Theta kill 14:15 | Dead zone 12:00–13:00
05:37:53 | INFO    | ============================================================
05:37:54 | INFO    | RESTORED position NIFTY-Jun2026-24000-PE qty=65 entry=123.95 TP=198.32 SL=99.16
05:37:54 | INFO    | ── 11:07:54 | trade=1/4 | active=True | pnl=₹0 ──
05:37:54 | INFO    | TRAIL SL raised 99.16 → 133.53 (peak=143.10 +15.4%)
05:37:54 | INFO    | MONITOR NIFTY-Jun2026-24000-PE LTP=143.10 PnL=15.4% TP=198.32 SL=133.53 peak=143.10
05:38:24 | INFO    | ── 11:08:24 | trade=1/4 | active=True | pnl=₹0 ──
05:38:24 | INFO    | MONITOR NIFTY-Jun2026-24000-PE LTP=143.00 PnL=15.4% TP=198.32 SL=133.53 peak=143.10
05:38:54 | INFO    | ── 11:08:54 | trade=1/4 | active=True | pnl=₹0 ──
05:38:54 | INFO    | MONITOR NIFTY-Jun2026-24000-PE LTP=142.80 PnL=15.2% TP=198.32 SL=133.53 peak=143.10
05:39:24 | INFO    | ── 11:09:24 | trade=1/4 | active=True | pnl=₹0 ──
05:39:24 | INFO    | MONITOR NIFTY-Jun2026-24000-PE LTP=142.05 PnL=14.6% TP=198.32 SL=133.53 peak=143.10
05:39:54 | INFO    | ── 11:09:54 | trade=1/4 | active=True | pnl=₹0 ──
05:39:54 | INFO    | MONITOR NIFTY-Jun2026-24000-PE LTP=137.90 PnL=11.3% TP=198.32 SL=133.53 peak=143.10
05:40:24 | INFO    | ── 11:10:24 | trade=1/4 | active=True | pnl=₹0 ──
05:40:24 | INFO    | MONITOR NIFTY-Jun2026-24000-PE LTP=136.80 PnL=10.4% TP=198.32 SL=133.53 peak=143.10
05:40:54 | INFO    | ── 11:10:54 | trade=1/4 | active=True | pnl=₹0 ──
05:40:55 | INFO    | MONITOR NIFTY-Jun2026-24000-PE LTP=133.90 PnL=8.0% TP=198.32 SL=133.53 peak=143.10
05:41:25 | INFO    | ── 11:11:25 | trade=1/4 | active=True | pnl=₹0 ──
05:41:25 | INFO    | MONITOR NIFTY-Jun2026-24000-PE LTP=132.05 PnL=6.5% TP=198.32 SL=133.53 peak=143.10
05:41:25 | INFO    | EXIT SL ❌ @ ₹132.05
05:41:25 | INFO    | ORDER SELL sid=56373 qty=65 → orderId=232260619201810
05:41:25 | INFO    | CLOSED entry=123.95 exit=132.05 PnL=₹527 | daily=₹527
05:41:39 | INFO    | ============================================================
05:41:39 | INFO    | EXPIRY SCALPER v2 — 1m entries | TP=+60% SL=-20% | MaxTrades=4
05:41:39 | INFO    | Theta kill 14:15 | Dead zone 12:00–13:00
05:41:39 | INFO    | ============================================================
05:41:39 | INFO    | ── 11:11:39 | trade=0/4 | active=False | pnl=₹0 ──
05:41:41 | INFO    | Spot=23959.65 | 1m 11:11 C=23961.05 | 1m_bars=30
05:41:41 | INFO    | SCORE → bull=3 bear=0 | VWAP_reject_bull@23953 | HH_HL_struct | HTF_bull | vol=587858/avg=625371
05:41:41 | INFO    | SIGNAL CE — VWAP_reject_bull@23953 | HH_HL_struct | HTF_bull
05:41:44 | INFO    | ENTER BUY NIFTY-Jun2026-23950-CE @ ₹136.75 lot=65 cost≈₹8889 bal=₹17988
05:41:44 | INFO    | ORDER BUY sid=56370 qty=65 → orderId=232260619201910
05:41:44 | INFO    | ACTIVE NIFTY-Jun2026-23950-CE entry=136.75 TP=218.80 SL=109.40 trade=1/4
05:42:14 | INFO    | ── 11:12:14 | trade=1/4 | active=True | pnl=₹0 ──
05:42:14 | INFO    | MONITOR NIFTY-Jun2026-23950-CE LTP=136.50 PnL=-0.2% TP=218.80 SL=109.40 peak=136.50
05:42:44 | INFO    | ── 11:12:44 | trade=1/4 | active=True | pnl=₹0 ──
05:42:44 | INFO    | MONITOR NIFTY-Jun2026-23950-CE LTP=136.80 PnL=0.0% TP=218.80 SL=109.40 peak=136.80
05:43:14 | INFO    | ── 11:13:14 | trade=1/4 | active=True | pnl=₹0 ──
05:43:14 | INFO    | MONITOR NIFTY-Jun2026-23950-CE LTP=138.00 PnL=0.9% TP=218.80 SL=109.40 peak=138.00
05:43:44 | INFO    | ── 11:13:44 | trade=1/4 | active=True | pnl=₹0 ──
05:43:44 | INFO    | MONITOR NIFTY-Jun2026-23950-CE LTP=137.30 PnL=0.4% TP=218.80 SL=109.40 peak=138.00
05:44:14 | INFO    | ── 11:14:14 | trade=1/4 | active=True | pnl=₹0 ──
05:44:15 | INFO    | MONITOR NIFTY-Jun2026-23950-CE LTP=136.60 PnL=-0.1% TP=218.80 SL=109.40 peak=138.00
05:44:45 | INFO    | ── 11:14:45 | trade=1/4 | active=True | pnl=₹0 ──
05:44:45 | INFO    | MONITOR NIFTY-Jun2026-23950-CE LTP=135.80 PnL=-0.7% TP=218.80 SL=109.40 peak=138.00
05:45:15 | INFO    | ── 11:15:15 | trade=1/4 | active=True | pnl=₹0 ──
05:45:15 | INFO    | MONITOR NIFTY-Jun2026-23950-CE LTP=137.25 PnL=0.4% TP=218.80 SL=109.40 peak=138.00
05:45:45 | INFO    | ── 11:15:45 | trade=1/4 | active=True | pnl=₹0 ──
05:45:45 | INFO    | MONITOR NIFTY-Jun2026-23950-CE LTP=136.55 PnL=-0.1% TP=218.80 SL=109.40 peak=138.00
05:46:15 | INFO    | ── 11:16:15 | trade=1/4 | active=True | pnl=₹0 ──
05:46:15 | INFO    | MONITOR NIFTY-Jun2026-23950-CE LTP=132.90 PnL=-2.8% TP=218.80 SL=109.40 peak=138.00
05:46:45 | INFO    | ── 11:16:45 | trade=1/4 | active=True | pnl=₹0 ──
05:46:45 | INFO    | MONITOR NIFTY-Jun2026-23950-CE LTP=132.75 PnL=-2.9% TP=218.80 SL=109.40 peak=138.00
05:47:15 | INFO    | ── 11:17:15 | trade=1/4 | active=True | pnl=₹0 ──
05:47:15 | INFO    | MONITOR NIFTY-Jun2026-23950-CE LTP=135.40 PnL=-1.0% TP=218.80 SL=109.40 peak=138.00
05:47:25 | INFO    | ============================================================
05:47:25 | INFO    | EXPIRY SCALPER v2 — 1m entries | TP=+60% SL=-20% | MaxTrades=4
05:47:25 | INFO    | Theta kill 14:15 | Dead zone 12:00–13:00
05:47:25 | INFO    | ============================================================
05:47:26 | INFO    | RESTORED position NIFTY-Jun2026-23950-CE qty=65 entry=142.28 TP=227.64 SL=113.82
05:47:26 | INFO    | ── 11:17:26 | trade=1/4 | active=True | pnl=₹0 ──
05:47:26 | INFO    | MONITOR NIFTY-Jun2026-23950-CE LTP=135.70 PnL=-4.6% (₹-427) TP=227.64 SL=113.82 peak=142.28
05:47:56 | INFO    | ── 11:17:56 | trade=1/4 | active=True | pnl=₹0 ──
05:47:56 | INFO    | MONITOR NIFTY-Jun2026-23950-CE LTP=134.45 PnL=-5.5% (₹-509) TP=227.64 SL=113.82 peak=142.28
05:48:26 | INFO    | ── 11:18:26 | trade=1/4 | active=True | pnl=₹0 ──
05:48:26 | INFO    | SCORE → bull=1 bear=0 | HTF_bull | vol=189838/avg=590726
05:48:26 | INFO    | MOMENTUM refresh score=1 (bull=1 bear=0)
05:48:26 | INFO    | MONITOR NIFTY-Jun2026-23950-CE LTP=135.35 PnL=-4.9% (₹-450) TP=227.64 SL=113.82 peak=142.28
05:48:56 | INFO    | ── 11:18:56 | trade=1/4 | active=True | pnl=₹0 ──
05:48:56 | INFO    | MONITOR NIFTY-Jun2026-23950-CE LTP=136.30 PnL=-4.2% (₹-388) TP=227.64 SL=113.82 peak=142.28
05:49:26 | INFO    | ── 11:19:26 | trade=1/4 | active=True | pnl=₹0 ──
05:49:27 | INFO    | MONITOR NIFTY-Jun2026-23950-CE LTP=136.90 PnL=-3.8% (₹-349) TP=227.64 SL=113.82 peak=142.28
05:49:57 | INFO    | ── 11:19:57 | trade=1/4 | active=True | pnl=₹0 ──
05:49:57 | INFO    | SCORE → bull=3 bear=0 | EMA_align_bull | VWAP_reject_bull@23952 | HTF_bull | vol=414867/avg=593442
05:49:57 | INFO    | MOMENTUM refresh score=3 (bull=3 bear=0)
05:49:57 | INFO    | MONITOR NIFTY-Jun2026-23950-CE LTP=136.85 PnL=-3.8% (₹-353) TP=227.64 SL=113.82 peak=142.28
05:50:27 | INFO    | ── 11:20:27 | trade=1/4 | active=True | pnl=₹0 ──
05:50:27 | INFO    | MONITOR NIFTY-Jun2026-23950-CE LTP=135.00 PnL=-5.1% (₹-473) TP=227.64 SL=113.82 peak=142.28
05:50:57 | INFO    | ── 11:20:57 | trade=1/4 | active=True | pnl=₹0 ──
05:50:57 | INFO    | MONITOR NIFTY-Jun2026-23950-CE LTP=135.20 PnL=-5.0% (₹-460) TP=227.64 SL=113.82 peak=142.28
05:51:27 | INFO    | ── 11:21:27 | trade=1/4 | active=True | pnl=₹0 ──
05:51:27 | INFO    | SCORE → bull=1 bear=0 | HTF_bull | vol=138291/avg=512524
05:51:27 | INFO    | MOMENTUM refresh score=1 (bull=1 bear=0)
05:51:27 | INFO    | MONITOR NIFTY-Jun2026-23950-CE LTP=134.65 PnL=-5.4% (₹-496) TP=227.64 SL=113.82 peak=142.28
05:51:57 | INFO    | ── 11:21:57 | trade=1/4 | active=True | pnl=₹0 ──
05:51:57 | INFO    | MONITOR NIFTY-Jun2026-23950-CE LTP=133.20 PnL=-6.4% (₹-590) TP=227.64 SL=113.82 peak=142.28
05:52:27 | INFO    | ── 11:22:27 | trade=1/4 | active=True | pnl=₹0 ──
05:52:28 | INFO    | MONITOR NIFTY-Jun2026-23950-CE LTP=133.80 PnL=-6.0% (₹-551) TP=227.64 SL=113.82 peak=142.28
05:52:58 | INFO    | ── 11:22:58 | trade=1/4 | active=True | pnl=₹0 ──
05:52:58 | INFO    | SCORE → bull=2 bear=0 | VWAP_reject_bull@23952 | HTF_bull | vol=384089/avg=514966
05:52:58 | INFO    | MOMENTUM refresh score=2 (bull=2 bear=0)
05:52:58 | INFO    | MONITOR NIFTY-Jun2026-23950-CE LTP=133.60 PnL=-6.1% (₹-564) TP=227.64 SL=113.82 peak=142.28
05:53:28 | INFO    | ── 11:23:28 | trade=1/4 | active=True | pnl=₹0 ──
05:53:28 | INFO    | MONITOR NIFTY-Jun2026-23950-CE LTP=132.45 PnL=-6.9% (₹-639) TP=227.64 SL=113.82 peak=142.28
05:53:58 | INFO    | ── 11:23:58 | trade=1/4 | active=True | pnl=₹0 ──
05:53:58 | INFO    | MONITOR NIFTY-Jun2026-23950-CE LTP=131.00 PnL=-7.9% (₹-733) TP=227.64 SL=113.82 peak=142.28
05:54:28 | INFO    | ── 11:24:28 | trade=1/4 | active=True | pnl=₹0 ──
05:54:28 | INFO    | SCORE → bull=0 bear=2 | VWAP_reject_bear@23952 | HTF_bear | vol=208053/avg=469189
05:54:28 | INFO    | MOMENTUM refresh score=2 (bull=0 bear=2)
05:54:28 | INFO    | MONITOR NIFTY-Jun2026-23950-CE LTP=131.00 PnL=-7.9% (₹-733) TP=227.64 SL=113.82 peak=142.28
05:54:58 | INFO    | ── 11:24:58 | trade=1/4 | active=True | pnl=₹0 ──
05:54:59 | INFO    | MONITOR NIFTY-Jun2026-23950-CE LTP=130.20 PnL=-8.5% (₹-785) TP=227.64 SL=113.82 peak=142.28
05:55:29 | INFO    | ── 11:25:29 | trade=1/4 | active=True | pnl=₹0 ──
05:55:29 | INFO    | MONITOR NIFTY-Jun2026-23950-CE LTP=131.15 PnL=-7.8% (₹-723) TP=227.64 SL=113.82 peak=142.28
05:55:59 | INFO    | ── 11:25:59 | trade=1/4 | active=True | pnl=₹0 ──
05:55:59 | INFO    | SCORE → bull=0 bear=4 | EMA_cross_bear | VWAP_reject_bear@23952 | HTF_bear | vol=562064/avg=483832
05:55:59 | INFO    | MOMENTUM refresh score=4 (bull=0 bear=4)
05:55:59 | INFO    | MONITOR NIFTY-Jun2026-23950-CE LTP=128.00 PnL=-10.0% (₹-928) TP=227.64 SL=113.82 peak=142.28
05:56:29 | INFO    | ── 11:26:29 | trade=1/4 | active=True | pnl=₹0 ──
05:56:29 | INFO    | MONITOR NIFTY-Jun2026-23950-CE LTP=129.90 PnL=-8.7% (₹-804) TP=227.64 SL=113.82 peak=142.28
05:56:59 | INFO    | ── 11:26:59 | trade=1/4 | active=True | pnl=₹0 ──
05:56:59 | INFO    | MONITOR NIFTY-Jun2026-23950-CE LTP=129.60 PnL=-8.9% (₹-824) TP=227.64 SL=113.82 peak=142.28
05:57:29 | INFO    | ── 11:27:29 | trade=1/4 | active=True | pnl=₹0 ──
05:57:30 | INFO    | SCORE → bull=0 bear=3 | EMA_align_bear | VWAP_reject_bear@23952 | HTF_bear | vol=248883/avg=450777
05:57:30 | INFO    | MOMENTUM refresh score=3 (bull=0 bear=3)
05:57:30 | INFO    | MONITOR NIFTY-Jun2026-23950-CE LTP=130.30 PnL=-8.4% (₹-778) TP=227.64 SL=113.82 peak=142.28
05:58:00 | INFO    | ── 11:28:00 | trade=1/4 | active=True | pnl=₹0 ──
05:58:00 | INFO    | MONITOR NIFTY-Jun2026-23950-CE LTP=130.05 PnL=-8.6% (₹-795) TP=227.64 SL=113.82 peak=142.28
05:58:30 | INFO    | ── 11:28:30 | trade=1/4 | active=True | pnl=₹0 ──
05:58:30 | INFO    | MONITOR NIFTY-Jun2026-23950-CE LTP=131.20 PnL=-7.8% (₹-720) TP=227.64 SL=113.82 peak=142.28
05:59:00 | INFO    | ── 11:29:00 | trade=1/4 | active=True | pnl=₹0 ──
05:59:00 | INFO    | SCORE → bull=0 bear=2 | EMA_align_bear | HTF_bear | vol=0/avg=458482
05:59:00 | INFO    | MOMENTUM refresh score=2 (bull=0 bear=2)
05:59:00 | INFO    | MONITOR NIFTY-Jun2026-23950-CE LTP=132.00 PnL=-7.2% (₹-668) TP=227.64 SL=113.82 peak=142.28
05:59:30 | INFO    | ── 11:29:30 | trade=1/4 | active=True | pnl=₹0 ──
05:59:30 | INFO    | MONITOR NIFTY-Jun2026-23950-CE LTP=133.30 PnL=-6.3% (₹-583) TP=227.64 SL=113.82 peak=142.28
06:00:00 | INFO    | ── 11:30:00 | trade=1/4 | active=True | pnl=₹0 ──
06:00:00 | INFO    | MONITOR NIFTY-Jun2026-23950-CE LTP=133.45 PnL=-6.2% (₹-574) TP=227.64 SL=113.82 peak=142.28
06:00:30 | INFO    | ── 11:30:30 | trade=1/4 | active=True | pnl=₹0 ──
06:00:31 | INFO    | SCORE → bull=0 bear=3 | EMA_align_bear | VWAP_reject_bear@23952 | HTF_bear | vol=359086/avg=528691
06:00:31 | INFO    | MOMENTUM refresh score=3 (bull=0 bear=3)
06:00:31 | INFO    | MONITOR NIFTY-Jun2026-23950-CE LTP=130.40 PnL=-8.3% (₹-772) TP=227.64 SL=113.82 peak=142.28
06:01:01 | INFO    | ── 11:31:01 | trade=1/4 | active=True | pnl=₹0 ──
06:01:01 | INFO    | MONITOR NIFTY-Jun2026-23950-CE LTP=134.85 PnL=-5.2% (₹-483) TP=227.64 SL=113.82 peak=142.28
06:01:31 | INFO    | ── 11:31:31 | trade=1/4 | active=True | pnl=₹0 ──
06:01:31 | INFO    | MONITOR NIFTY-Jun2026-23950-CE LTP=133.85 PnL=-5.9% (₹-548) TP=227.64 SL=113.82 peak=142.28
06:02:01 | INFO    | ── 11:32:01 | trade=1/4 | active=True | pnl=₹0 ──
06:02:01 | INFO    | SCORE → bull=2 bear=1 | EMA_align_bull | VWAP_reject_bull@23953 | HTF_bear | vol=2760/avg=516704
06:02:01 | INFO    | MOMENTUM refresh score=2 (bull=2 bear=1)
06:02:01 | INFO    | MONITOR NIFTY-Jun2026-23950-CE LTP=134.00 PnL=-5.8% (₹-538) TP=227.64 SL=113.82 peak=142.28
06:02:31 | INFO    | ── 11:32:31 | trade=1/4 | active=True | pnl=₹0 ──
06:02:31 | INFO    | MONITOR NIFTY-Jun2026-23950-CE LTP=135.65 PnL=-4.7% (₹-431) TP=227.64 SL=113.82 peak=142.28
06:03:01 | INFO    | ── 11:33:01 | trade=1/4 | active=True | pnl=₹0 ──
06:03:01 | INFO    | MONITOR NIFTY-Jun2026-23950-CE LTP=135.55 PnL=-4.7% (₹-437) TP=227.64 SL=113.82 peak=142.28
06:03:31 | INFO    | ── 11:33:31 | trade=1/4 | active=True | pnl=₹0 ──
06:03:32 | INFO    | SCORE → bull=3 bear=0 | EMA_align_bull | VWAP_reject_bull@23953 | HTF_bull | vol=226040/avg=512594
06:03:32 | INFO    | MOMENTUM refresh score=3 (bull=3 bear=0)
06:03:32 | INFO    | MONITOR NIFTY-Jun2026-23950-CE LTP=138.00 PnL=-3.0% (₹-278) TP=227.64 SL=113.82 peak=142.28
06:04:02 | INFO    | ── 11:34:02 | trade=1/4 | active=True | pnl=₹0 ──
06:04:02 | INFO    | MONITOR NIFTY-Jun2026-23950-CE LTP=138.40 PnL=-2.7% (₹-252) TP=227.64 SL=113.82 peak=142.28
06:04:32 | INFO    | ── 11:34:32 | trade=1/4 | active=True | pnl=₹0 ──
06:04:32 | INFO    | MONITOR NIFTY-Jun2026-23950-CE LTP=137.45 PnL=-3.4% (₹-314) TP=227.64 SL=113.82 peak=142.28
06:05:02 | INFO    | ── 11:35:02 | trade=1/4 | active=True | pnl=₹0 ──
06:05:02 | INFO    | SCORE → bull=3 bear=0 | EMA_align_bull | VWAP_reject_bull@23954 | HTF_bull | vol=21529/avg=477263
06:05:02 | INFO    | MOMENTUM refresh score=3 (bull=3 bear=0)
06:05:02 | INFO    | MONITOR NIFTY-Jun2026-23950-CE LTP=137.40 PnL=-3.4% (₹-317) TP=227.64 SL=113.82 peak=142.28
06:05:32 | INFO    | ── 11:35:32 | trade=1/4 | active=True | pnl=₹0 ──
06:05:32 | INFO    | MONITOR NIFTY-Jun2026-23950-CE LTP=138.60 PnL=-2.6% (₹-239) TP=227.64 SL=113.82 peak=142.28
06:06:02 | INFO    | ── 11:36:02 | trade=1/4 | active=True | pnl=₹0 ──
06:06:03 | INFO    | MONITOR NIFTY-Jun2026-23950-CE LTP=137.00 PnL=-3.7% (₹-343) TP=227.64 SL=113.82 peak=142.28
06:06:33 | INFO    | ── 11:36:33 | trade=1/4 | active=True | pnl=₹0 ──
06:06:33 | INFO    | SCORE → bull=2 bear=0 | EMA_align_bull | HTF_bull | vol=261409/avg=503928
06:06:33 | INFO    | MOMENTUM refresh score=2 (bull=2 bear=0)
06:06:33 | INFO    | MONITOR NIFTY-Jun2026-23950-CE LTP=136.20 PnL=-4.3% (₹-395) TP=227.64 SL=113.82 peak=142.28
06:07:03 | INFO    | ── 11:37:03 | trade=1/4 | active=True | pnl=₹0 ──
06:07:03 | INFO    | MONITOR NIFTY-Jun2026-23950-CE LTP=136.85 PnL=-3.8% (₹-353) TP=227.64 SL=113.82 peak=142.28
06:07:33 | INFO    | ── 11:37:33 | trade=1/4 | active=True | pnl=₹0 ──
06:07:33 | INFO    | MONITOR NIFTY-Jun2026-23950-CE LTP=136.85 PnL=-3.8% (₹-353) TP=227.64 SL=113.82 peak=142.28
06:08:03 | INFO    | ── 11:38:03 | trade=1/4 | active=True | pnl=₹0 ──
06:08:04 | INFO    | SCORE → bull=2 bear=0 | EMA_align_bull | HTF_bull | vol=11056/avg=450173
06:08:04 | INFO    | MOMENTUM refresh score=2 (bull=2 bear=0)
06:08:04 | INFO    | MONITOR NIFTY-Jun2026-23950-CE LTP=136.55 PnL=-4.0% (₹-372) TP=227.64 SL=113.82 peak=142.28
06:08:34 | INFO    | ── 11:38:34 | trade=1/4 | active=True | pnl=₹0 ──
06:08:34 | INFO    | MONITOR NIFTY-Jun2026-23950-CE LTP=136.10 PnL=-4.3% (₹-401) TP=227.64 SL=113.82 peak=142.28
06:09:04 | INFO    | ── 11:39:04 | trade=1/4 | active=True | pnl=₹0 ──
06:09:04 | INFO    | MONITOR NIFTY-Jun2026-23950-CE LTP=134.30 PnL=-5.6% (₹-518) TP=227.64 SL=113.82 peak=142.28
06:09:34 | INFO    | ── 11:39:34 | trade=1/4 | active=True | pnl=₹0 ──
06:09:34 | INFO    | SCORE → bull=1 bear=1 | VWAP_reject_bear@23957 | HTF_bull | vol=351778/avg=459722
06:09:34 | INFO    | MOMENTUM refresh score=1 (bull=1 bear=1)
06:09:34 | INFO    | MONITOR NIFTY-Jun2026-23950-CE LTP=133.10 PnL=-6.4% (₹-596) TP=227.64 SL=113.82 peak=142.28
06:10:04 | INFO    | ── 11:40:04 | trade=1/4 | active=True | pnl=₹0 ──
06:10:04 | INFO    | MONITOR NIFTY-Jun2026-23950-CE LTP=133.30 PnL=-6.3% (₹-583) TP=227.64 SL=113.82 peak=142.28
06:10:34 | INFO    | ── 11:40:34 | trade=1/4 | active=True | pnl=₹0 ──
06:10:34 | INFO    | MONITOR NIFTY-Jun2026-23950-CE LTP=134.00 PnL=-5.8% (₹-538) TP=227.64 SL=113.82 peak=142.28
06:11:04 | INFO    | ── 11:41:04 | trade=1/4 | active=True | pnl=₹0 ──
06:11:05 | INFO    | SCORE → bull=1 bear=1 | VWAP_reject_bear@23956 | HTF_bull | vol=30670/avg=430150
06:11:05 | INFO    | MOMENTUM refresh score=1 (bull=1 bear=1)
06:11:05 | INFO    | MONITOR NIFTY-Jun2026-23950-CE LTP=131.45 PnL=-7.6% (₹-704) TP=227.64 SL=113.82 peak=142.28
06:11:35 | INFO    | ── 11:41:35 | trade=1/4 | active=True | pnl=₹0 ──
06:11:35 | INFO    | MONITOR NIFTY-Jun2026-23950-CE LTP=133.90 PnL=-5.9% (₹-544) TP=227.64 SL=113.82 peak=142.28
06:12:05 | INFO    | ── 11:42:05 | trade=1/4 | active=True | pnl=₹0 ──
06:12:05 | INFO    | MONITOR NIFTY-Jun2026-23950-CE LTP=135.10 PnL=-5.0% (₹-466) TP=227.64 SL=113.82 peak=142.28
06:12:35 | INFO    | ── 11:42:35 | trade=1/4 | active=True | pnl=₹0 ──
06:12:35 | INFO    | SCORE → bull=1 bear=0 | HTF_bull | vol=465325/avg=475870
06:12:35 | INFO    | MOMENTUM refresh score=1 (bull=1 bear=0)
06:12:35 | INFO    | MONITOR NIFTY-Jun2026-23950-CE LTP=134.65 PnL=-5.4% (₹-496) TP=227.64 SL=113.82 peak=142.28
06:13:05 | INFO    | ── 11:43:05 | trade=1/4 | active=True | pnl=₹0 ──
06:13:05 | INFO    | MONITOR NIFTY-Jun2026-23950-CE LTP=135.10 PnL=-5.0% (₹-466) TP=227.64 SL=113.82 peak=142.28
06:13:35 | INFO    | ── 11:43:35 | trade=1/4 | active=True | pnl=₹0 ──
06:13:35 | INFO    | MONITOR NIFTY-Jun2026-23950-CE LTP=134.40 PnL=-5.5% (₹-512) TP=227.64 SL=113.82 peak=142.28
06:14:05 | INFO    | ── 11:44:05 | trade=1/4 | active=True | pnl=₹0 ──
06:14:06 | INFO    | SCORE → bull=1 bear=0 | HTF_bull | vol=33944/avg=462902
06:14:06 | INFO    | MOMENTUM refresh score=1 (bull=1 bear=0)
06:14:06 | INFO    | MONITOR NIFTY-Jun2026-23950-CE LTP=133.30 PnL=-6.3% (₹-583) TP=227.64 SL=113.82 peak=142.28
06:14:36 | INFO    | ── 11:44:36 | trade=1/4 | active=True | pnl=₹0 ──
06:14:36 | INFO    | MONITOR NIFTY-Jun2026-23950-CE LTP=132.80 PnL=-6.7% (₹-616) TP=227.64 SL=113.82 peak=142.28
06:15:06 | INFO    | ── 11:45:06 | trade=1/4 | active=True | pnl=₹0 ──
06:15:06 | INFO    | MONITOR NIFTY-Jun2026-23950-CE LTP=130.45 PnL=-8.3% (₹-769) TP=227.64 SL=113.82 peak=142.28
06:15:36 | INFO    | ── 11:45:36 | trade=1/4 | active=True | pnl=₹0 ──
06:15:36 | INFO    | SCORE → bull=0 bear=4 | EMA_cross_bear | VWAP_reject_bear@23955 | HTF_bear | vol=289247/avg=478637
06:15:36 | INFO    | MOMENTUM refresh score=4 (bull=0 bear=4)
06:15:36 | INFO    | MONITOR NIFTY-Jun2026-23950-CE LTP=131.85 PnL=-7.3% (₹-678) TP=227.64 SL=113.82 peak=142.28
06:16:06 | INFO    | ── 11:46:06 | trade=1/4 | active=True | pnl=₹0 ──
06:16:06 | INFO    | MONITOR NIFTY-Jun2026-23950-CE LTP=129.85 PnL=-8.7% (₹-808) TP=227.64 SL=113.82 peak=142.28
06:16:36 | INFO    | ── 11:46:36 | trade=1/4 | active=True | pnl=₹0 ──
06:16:36 | INFO    | MONITOR NIFTY-Jun2026-23950-CE LTP=130.45 PnL=-8.3% (₹-769) TP=227.64 SL=113.82 peak=142.28
06:17:06 | INFO    | ── 11:47:06 | trade=1/4 | active=True | pnl=₹0 ──
06:17:07 | INFO    | SCORE → bull=0 bear=2 | EMA_align_bear | HTF_bear | vol=41008/avg=498687
06:17:07 | INFO    | MOMENTUM refresh score=2 (bull=0 bear=2)
06:17:07 | INFO    | MONITOR NIFTY-Jun2026-23950-CE LTP=130.50 PnL=-8.3% (₹-765) TP=227.64 SL=113.82 peak=142.28
06:17:37 | INFO    | ── 11:47:37 | trade=1/4 | active=True | pnl=₹0 ──
06:17:37 | INFO    | MONITOR NIFTY-Jun2026-23950-CE LTP=129.55 PnL=-8.9% (₹-827) TP=227.64 SL=113.82 peak=142.28
06:18:07 | INFO    | ── 11:48:07 | trade=1/4 | active=True | pnl=₹0 ──
06:18:07 | INFO    | MONITOR NIFTY-Jun2026-23950-CE LTP=129.70 PnL=-8.8% (₹-817) TP=227.64 SL=113.82 peak=142.28
06:18:37 | INFO    | ── 11:48:37 | trade=1/4 | active=True | pnl=₹0 ──
06:18:37 | INFO    | SCORE → bull=0 bear=3 | EMA_align_bear | VWAP_reject_bear@23954 | HTF_bear | vol=360824/avg=550838
06:18:37 | INFO    | MOMENTUM refresh score=3 (bull=0 bear=3)
06:18:37 | INFO    | MONITOR NIFTY-Jun2026-23950-CE LTP=128.60 PnL=-9.6% (₹-889) TP=227.64 SL=113.82 peak=142.28
06:19:07 | INFO    | ── 11:49:07 | trade=1/4 | active=True | pnl=₹0 ──
06:19:07 | INFO    | MONITOR NIFTY-Jun2026-23950-CE LTP=129.00 PnL=-9.3% (₹-863) TP=227.64 SL=113.82 peak=142.28
06:19:37 | INFO    | ── 11:49:37 | trade=1/4 | active=True | pnl=₹0 ──
06:19:38 | INFO    | MONITOR NIFTY-Jun2026-23950-CE LTP=130.85 PnL=-8.0% (₹-743) TP=227.64 SL=113.82 peak=142.28
06:20:08 | INFO    | ── 11:50:08 | trade=1/4 | active=True | pnl=₹0 ──
06:20:08 | INFO    | SCORE → bull=0 bear=2 | EMA_align_bear | HTF_bear | vol=65872/avg=628666
06:20:08 | INFO    | MOMENTUM refresh score=2 (bull=0 bear=2)
06:20:08 | INFO    | MONITOR NIFTY-Jun2026-23950-CE LTP=130.60 PnL=-8.2% (₹-759) TP=227.64 SL=113.82 peak=142.28
06:20:38 | INFO    | ── 11:50:38 | trade=1/4 | active=True | pnl=₹0 ──
06:20:38 | INFO    | MONITOR NIFTY-Jun2026-23950-CE LTP=131.05 PnL=-7.9% (₹-730) TP=227.64 SL=113.82 peak=142.28
06:21:08 | INFO    | ── 11:51:08 | trade=1/4 | active=True | pnl=₹0 ──
06:21:08 | INFO    | MONITOR NIFTY-Jun2026-23950-CE LTP=129.30 PnL=-9.1% (₹-843) TP=227.64 SL=113.82 peak=142.28
06:21:38 | INFO    | ── 11:51:38 | trade=1/4 | active=True | pnl=₹0 ──
06:21:38 | INFO    | SCORE → bull=0 bear=2 | EMA_align_bear | HTF_bear | vol=290861/avg=662074
06:21:38 | INFO    | MOMENTUM refresh score=2 (bull=0 bear=2)
06:21:38 | INFO    | MONITOR NIFTY-Jun2026-23950-CE LTP=130.70 PnL=-8.1% (₹-752) TP=227.64 SL=113.82 peak=142.28
06:22:08 | INFO    | ── 11:52:08 | trade=1/4 | active=True | pnl=₹0 ──
06:22:09 | INFO    | MONITOR NIFTY-Jun2026-23950-CE LTP=131.00 PnL=-7.9% (₹-733) TP=227.64 SL=113.82 peak=142.28
06:22:39 | INFO    | ── 11:52:39 | trade=1/4 | active=True | pnl=₹0 ──
06:22:39 | INFO    | MONITOR NIFTY-Jun2026-23950-CE LTP=131.25 PnL=-7.7% (₹-717) TP=227.64 SL=113.82 peak=142.28
06:23:09 | INFO    | ── 11:53:09 | trade=1/4 | active=True | pnl=₹0 ──
06:23:09 | INFO    | SCORE → bull=0 bear=1 | HTF_bear | vol=73896/avg=648316
06:23:09 | INFO    | MOMENTUM refresh score=1 (bull=0 bear=1)
06:23:09 | INFO    | MONITOR NIFTY-Jun2026-23950-CE LTP=132.15 PnL=-7.1% (₹-658) TP=227.64 SL=113.82 peak=142.28
06:23:39 | INFO    | ── 11:53:39 | trade=1/4 | active=True | pnl=₹0 ──
06:23:39 | INFO    | MONITOR NIFTY-Jun2026-23950-CE LTP=130.00 PnL=-8.6% (₹-798) TP=227.64 SL=113.82 peak=142.28
06:24:09 | INFO    | ── 11:54:09 | trade=1/4 | active=True | pnl=₹0 ──
06:24:09 | INFO    | MONITOR NIFTY-Jun2026-23950-CE LTP=129.75 PnL=-8.8% (₹-814) TP=227.64 SL=113.82 peak=142.28
06:24:39 | INFO    | ── 11:54:39 | trade=1/4 | active=True | pnl=₹0 ──
06:24:39 | INFO    | SCORE → bull=0 bear=3 | EMA_align_bear | VWAP_reject_bear@23952 | HTF_bear | vol=291995/avg=676275
06:24:39 | INFO    | MOMENTUM refresh score=3 (bull=0 bear=3)
06:24:39 | INFO    | MONITOR NIFTY-Jun2026-23950-CE LTP=130.05 PnL=-8.6% (₹-795) TP=227.64 SL=113.82 peak=142.28
06:25:09 | INFO    | ── 11:55:09 | trade=1/4 | active=True | pnl=₹0 ──
06:25:10 | INFO    | MONITOR NIFTY-Jun2026-23950-CE LTP=129.55 PnL=-8.9% (₹-827) TP=227.64 SL=113.82 peak=142.28
06:25:40 | INFO    | ── 11:55:40 | trade=1/4 | active=True | pnl=₹0 ──
06:25:40 | INFO    | MONITOR NIFTY-Jun2026-23950-CE LTP=128.50 PnL=-9.7% (₹-895) TP=227.64 SL=113.82 peak=142.28
06:26:10 | INFO    | ── 11:56:10 | trade=1/4 | active=True | pnl=₹0 ──
06:26:10 | INFO    | SCORE → bull=0 bear=2 | EMA_align_bear | HTF_bear | vol=48008/avg=626399
06:26:10 | INFO    | MOMENTUM refresh score=2 (bull=0 bear=2)
06:26:10 | INFO    | MONITOR NIFTY-Jun2026-23950-CE LTP=130.70 PnL=-8.1% (₹-752) TP=227.64 SL=113.82 peak=142.28
06:26:40 | INFO    | ── 11:56:40 | trade=1/4 | active=True | pnl=₹0 ──
06:26:40 | INFO    | MONITOR NIFTY-Jun2026-23950-CE LTP=131.50 PnL=-7.6% (₹-700) TP=227.64 SL=113.82 peak=142.28
06:27:10 | INFO    | ── 11:57:10 | trade=1/4 | active=True | pnl=₹0 ──
06:27:10 | INFO    | MONITOR NIFTY-Jun2026-23950-CE LTP=132.35 PnL=-7.0% (₹-645) TP=227.64 SL=113.82 peak=142.28
06:27:40 | INFO    | ── 11:57:40 | trade=1/4 | active=True | pnl=₹0 ──
06:27:41 | INFO    | SCORE → bull=1 bear=1 | VWAP_reject_bull@23952 | HTF_bear | vol=360969/avg=639586
06:27:41 | INFO    | MOMENTUM refresh score=1 (bull=1 bear=1)
06:27:41 | INFO    | MONITOR NIFTY-Jun2026-23950-CE LTP=133.40 PnL=-6.2% (₹-577) TP=227.64 SL=113.82 peak=142.28
06:28:11 | INFO    | ── 11:58:11 | trade=1/4 | active=True | pnl=₹0 ──
06:28:11 | INFO    | MONITOR NIFTY-Jun2026-23950-CE LTP=134.25 PnL=-5.6% (₹-522) TP=227.64 SL=113.82 peak=142.28
06:28:41 | INFO    | ── 11:58:41 | trade=1/4 | active=True | pnl=₹0 ──
06:28:41 | INFO    | MONITOR NIFTY-Jun2026-23950-CE LTP=133.00 PnL=-6.5% (₹-603) TP=227.64 SL=113.82 peak=142.28
06:29:11 | INFO    | ── 11:59:11 | trade=1/4 | active=True | pnl=₹0 ──
06:29:11 | INFO    | SCORE → bull=0 bear=2 | VWAP_reject_bear@23952 | HTF_bear | vol=107697/avg=534655
06:29:11 | INFO    | MOMENTUM refresh score=2 (bull=0 bear=2)
06:29:11 | INFO    | MONITOR NIFTY-Jun2026-23950-CE LTP=133.30 PnL=-6.3% (₹-583) TP=227.64 SL=113.82 peak=142.28
06:29:41 | INFO    | ── 11:59:41 | trade=1/4 | active=True | pnl=₹0 ──
06:29:41 | INFO    | MONITOR NIFTY-Jun2026-23950-CE LTP=134.80 PnL=-5.3% (₹-486) TP=227.64 SL=113.82 peak=142.28
06:30:11 | INFO    | ── 12:00:11 | trade=1/4 | active=True | pnl=₹0 ──
06:30:11 | INFO    | MONITOR NIFTY-Jun2026-23950-CE LTP=134.50 PnL=-5.5% (₹-505) TP=227.64 SL=113.82 peak=142.28
06:30:41 | INFO    | ── 12:00:41 | trade=1/4 | active=True | pnl=₹0 ──
06:30:42 | INFO    | SCORE → bull=2 bear=0 | VWAP_reject_bull@23952 | HTF_bull | vol=442687/avg=554556
06:30:42 | INFO    | MOMENTUM refresh score=2 (bull=2 bear=0)
06:30:42 | INFO    | MONITOR NIFTY-Jun2026-23950-CE LTP=135.85 PnL=-4.5% (₹-418) TP=227.64 SL=113.82 peak=142.28
06:31:12 | INFO    | ── 12:01:12 | trade=1/4 | active=True | pnl=₹0 ──
06:31:12 | INFO    | MONITOR NIFTY-Jun2026-23950-CE LTP=135.05 PnL=-5.1% (₹-470) TP=227.64 SL=113.82 peak=142.28
06:31:42 | INFO    | ── 12:01:42 | trade=1/4 | active=True | pnl=₹0 ──
06:31:42 | INFO    | MONITOR NIFTY-Jun2026-23950-CE LTP=135.20 PnL=-5.0% (₹-460) TP=227.64 SL=113.82 peak=142.28
06:32:12 | INFO    | ── 12:02:12 | trade=1/4 | active=True | pnl=₹0 ──
06:32:12 | INFO    | SCORE → bull=3 bear=0 | EMA_align_bull | VWAP_reject_bull@23952 | HTF_bull | vol=472400/avg=534743
06:32:12 | INFO    | MOMENTUM refresh score=3 (bull=3 bear=0)
06:32:12 | INFO    | MONITOR NIFTY-Jun2026-23950-CE LTP=137.50 PnL=-3.4% (₹-310) TP=227.64 SL=113.82 peak=142.28
06:32:42 | INFO    | ── 12:02:42 | trade=1/4 | active=True | pnl=₹0 ──
06:32:42 | INFO    | MONITOR NIFTY-Jun2026-23950-CE LTP=138.55 PnL=-2.6% (₹-242) TP=227.64 SL=113.82 peak=142.28
06:33:12 | INFO    | ── 12:03:12 | trade=1/4 | active=True | pnl=₹0 ──
06:33:13 | INFO    | MONITOR NIFTY-Jun2026-23950-CE LTP=136.40 PnL=-4.1% (₹-382) TP=227.64 SL=113.82 peak=142.28
06:33:43 | INFO    | ── 12:03:43 | trade=1/4 | active=True | pnl=₹0 ──
06:33:43 | INFO    | SCORE → bull=2 bear=0 | EMA_align_bull | HTF_bull | vol=444936/avg=571323
06:33:43 | INFO    | MOMENTUM refresh score=2 (bull=2 bear=0)
06:33:43 | INFO    | MONITOR NIFTY-Jun2026-23950-CE LTP=135.25 PnL=-4.9% (₹-457) TP=227.64 SL=113.82 peak=142.28
06:34:13 | INFO    | ── 12:04:13 | trade=1/4 | active=True | pnl=₹0 ──
06:34:13 | INFO    | MONITOR NIFTY-Jun2026-23950-CE LTP=132.30 PnL=-7.0% (₹-648) TP=227.64 SL=113.82 peak=142.28
06:34:43 | INFO    | ── 12:04:43 | trade=1/4 | active=True | pnl=₹0 ──
06:34:43 | INFO    | MONITOR NIFTY-Jun2026-23950-CE LTP=131.55 PnL=-7.5% (₹-697) TP=227.64 SL=113.82 peak=142.28
06:35:13 | INFO    | ── 12:05:13 | trade=1/4 | active=True | pnl=₹0 ──
06:35:13 | INFO    | SCORE → bull=2 bear=0 | VWAP_reject_bull@23952 | HTF_bull | vol=112399/avg=547548
06:35:13 | INFO    | MOMENTUM refresh score=2 (bull=2 bear=0)
06:35:13 | INFO    | MONITOR NIFTY-Jun2026-23950-CE LTP=132.30 PnL=-7.0% (₹-648) TP=227.64 SL=113.82 peak=142.28
06:35:43 | INFO    | ── 12:05:43 | trade=1/4 | active=True | pnl=₹0 ──
06:35:44 | INFO    | MONITOR NIFTY-Jun2026-23950-CE LTP=131.50 PnL=-7.6% (₹-700) TP=227.64 SL=113.82 peak=142.28
06:36:14 | INFO    | ── 12:06:14 | trade=1/4 | active=True | pnl=₹0 ──
06:36:14 | INFO    | MONITOR NIFTY-Jun2026-23950-CE LTP=129.00 PnL=-9.3% (₹-863) TP=227.64 SL=113.82 peak=142.28
06:36:44 | INFO    | ── 12:06:44 | trade=1/4 | active=True | pnl=₹0 ──
06:36:44 | INFO    | SCORE → bull=1 bear=1 | VWAP_reject_bear@23952 | HTF_bull | vol=449359/avg=582994
06:36:44 | INFO    | MOMENTUM refresh score=1 (bull=1 bear=1)
06:36:44 | INFO    | MONITOR NIFTY-Jun2026-23950-CE LTP=130.35 PnL=-8.4% (₹-775) TP=227.64 SL=113.82 peak=142.28
06:37:14 | INFO    | ── 12:07:14 | trade=1/4 | active=True | pnl=₹0 ──
06:37:14 | INFO    | MONITOR NIFTY-Jun2026-23950-CE LTP=131.55 PnL=-7.5% (₹-697) TP=227.64 SL=113.82 peak=142.28
06:37:44 | INFO    | ── 12:07:44 | trade=1/4 | active=True | pnl=₹0 ──
06:37:44 | INFO    | MONITOR NIFTY-Jun2026-23950-CE LTP=131.00 PnL=-7.9% (₹-733) TP=227.64 SL=113.82 peak=142.28
06:38:14 | INFO    | ── 12:08:14 | trade=1/4 | active=True | pnl=₹0 ──
06:38:15 | INFO    | SCORE → bull=2 bear=0 | VWAP_reject_bull@23951 | HTF_bull | vol=138136/avg=507551
06:38:15 | INFO    | MOMENTUM refresh score=2 (bull=2 bear=0)
06:38:15 | INFO    | MONITOR NIFTY-Jun2026-23950-CE LTP=130.20 PnL=-8.5% (₹-785) TP=227.64 SL=113.82 peak=142.28
06:38:45 | INFO    | ── 12:08:45 | trade=1/4 | active=True | pnl=₹0 ──
06:38:45 | INFO    | MONITOR NIFTY-Jun2026-23950-CE LTP=132.25 PnL=-7.0% (₹-652) TP=227.64 SL=113.82 peak=142.28
06:39:15 | INFO    | ── 12:09:15 | trade=1/4 | active=True | pnl=₹0 ──
06:39:15 | INFO    | MONITOR NIFTY-Jun2026-23950-CE LTP=130.65 PnL=-8.2% (₹-756) TP=227.64 SL=113.82 peak=142.28
06:39:45 | INFO    | ── 12:09:45 | trade=1/4 | active=True | pnl=₹0 ──
06:39:45 | INFO    | SCORE → bull=1 bear=1 | VWAP_reject_bear@23951 | HTF_bull | vol=279033/avg=522484
06:39:45 | INFO    | MOMENTUM refresh score=1 (bull=1 bear=1)
06:39:45 | INFO    | MONITOR NIFTY-Jun2026-23950-CE LTP=130.65 PnL=-8.2% (₹-756) TP=227.64 SL=113.82 peak=142.28
06:40:15 | INFO    | ── 12:10:15 | trade=1/4 | active=True | pnl=₹0 ──
06:40:15 | INFO    | MONITOR NIFTY-Jun2026-23950-CE LTP=131.65 PnL=-7.5% (₹-691) TP=227.64 SL=113.82 peak=142.28
06:40:45 | INFO    | ── 12:10:45 | trade=1/4 | active=True | pnl=₹0 ──
06:40:45 | INFO    | MONITOR NIFTY-Jun2026-23950-CE LTP=132.40 PnL=-6.9% (₹-642) TP=227.64 SL=113.82 peak=142.28
06:41:15 | INFO    | ── 12:11:15 | trade=1/4 | active=True | pnl=₹0 ──
06:41:16 | INFO    | SCORE → bull=3 bear=0 | EMA_align_bull | VWAP_reject_bull@23951 | HTF_bull | vol=74037/avg=469982
06:41:16 | INFO    | MOMENTUM refresh score=3 (bull=3 bear=0)
06:41:16 | INFO    | MONITOR NIFTY-Jun2026-23950-CE LTP=132.15 PnL=-7.1% (₹-658) TP=227.64 SL=113.82 peak=142.28
06:41:46 | INFO    | ── 12:11:46 | trade=1/4 | active=True | pnl=₹0 ──
06:41:46 | INFO    | MONITOR NIFTY-Jun2026-23950-CE LTP=131.90 PnL=-7.3% (₹-674) TP=227.64 SL=113.82 peak=142.28
06:42:16 | INFO    | ── 12:12:16 | trade=1/4 | active=True | pnl=₹0 ──
06:42:16 | INFO    | MONITOR NIFTY-Jun2026-23950-CE LTP=132.75 PnL=-6.7% (₹-619) TP=227.64 SL=113.82 peak=142.28
06:42:46 | INFO    | ── 12:12:46 | trade=1/4 | active=True | pnl=₹0 ──
06:42:46 | INFO    | SCORE → bull=2 bear=0 | EMA_align_bull | HTF_bull | vol=263029/avg=441698
06:42:46 | INFO    | MOMENTUM refresh score=2 (bull=2 bear=0)
06:42:46 | INFO    | MONITOR NIFTY-Jun2026-23950-CE LTP=131.70 PnL=-7.4% (₹-687) TP=227.64 SL=113.82 peak=142.28
06:43:16 | INFO    | ── 12:13:16 | trade=1/4 | active=True | pnl=₹0 ──
06:43:16 | INFO    | MONITOR NIFTY-Jun2026-23950-CE LTP=131.85 PnL=-7.3% (₹-678) TP=227.64 SL=113.82 peak=142.28
06:43:22 | INFO    | ============================================================
06:43:22 | INFO    | EXPIRY SCALPER v2 — 1m entries | TP=+60% SL=-20% | MaxTrades=4
06:43:22 | INFO    | Theta kill 14:15 | Dead zone 12:00–13:00
06:43:22 | INFO    | ============================================================
06:43:23 | INFO    | RESTORED position NIFTY-Jun2026-23950-CE qty=65 entry=142.28 TP=227.64 SL=113.82
06:43:23 | INFO    | ── 12:13:23 | trade=1/4 | active=True | pnl=₹0 ──
06:43:23 | INFO    | MONITOR NIFTY-Jun2026-23950-CE LTP=132.60 PnL=-6.8% (₹-629) TP=227.64 SL=113.82 peak=142.28
06:43:53 | INFO    | ── 12:13:53 | trade=1/4 | active=True | pnl=₹0 ──
06:43:53 | INFO    | MONITOR NIFTY-Jun2026-23950-CE LTP=133.70 PnL=-6.0% (₹-557) TP=227.64 SL=113.82 peak=142.28
06:44:23 | INFO    | ── 12:14:23 | trade=1/4 | active=True | pnl=₹0 ──
06:44:23 | INFO    | SCORE → bull=3 bear=0 | EMA_align_bull | VWAP_reject_bull@23951 | HTF_bull | vol=168606/avg=422650
06:44:23 | INFO    | MOMENTUM refresh score=3 (bull=3 bear=0)
06:44:23 | INFO    | MONITOR NIFTY-Jun2026-23950-CE LTP=134.45 PnL=-5.5% (₹-509) TP=227.64 SL=113.82 peak=142.28
06:44:53 | INFO    | ── 12:14:53 | trade=1/4 | active=True | pnl=₹0 ──
06:44:53 | INFO    | MONITOR NIFTY-Jun2026-23950-CE LTP=134.55 PnL=-5.4% (₹-502) TP=227.64 SL=113.82 peak=142.28
06:45:23 | INFO    | ── 12:15:23 | trade=1/4 | active=True | pnl=₹0 ──
06:45:24 | INFO    | MONITOR NIFTY-Jun2026-23950-CE LTP=133.20 PnL=-6.4% (₹-590) TP=227.64 SL=113.82 peak=142.28
06:45:54 | INFO    | ── 12:15:54 | trade=1/4 | active=True | pnl=₹0 ──
06:45:54 | INFO    | SCORE → bull=2 bear=0 | EMA_align_bull | HTF_bull | vol=342313/avg=421745
06:45:54 | INFO    | MOMENTUM refresh score=2 (bull=2 bear=0)
06:45:54 | INFO    | MONITOR NIFTY-Jun2026-23950-CE LTP=133.90 PnL=-5.9% (₹-544) TP=227.64 SL=113.82 peak=142.28
06:46:24 | INFO    | ── 12:16:24 | trade=1/4 | active=True | pnl=₹0 ──
06:46:24 | INFO    | MONITOR NIFTY-Jun2026-23950-CE LTP=135.45 PnL=-4.8% (₹-444) TP=227.64 SL=113.82 peak=142.28
06:46:54 | INFO    | ── 12:16:54 | trade=1/4 | active=True | pnl=₹0 ──
06:46:54 | INFO    | MONITOR NIFTY-Jun2026-23950-CE LTP=136.40 PnL=-4.1% (₹-382) TP=227.64 SL=113.82 peak=142.28
06:47:24 | INFO    | ── 12:17:24 | trade=1/4 | active=True | pnl=₹0 ──
06:47:25 | INFO    | SCORE → bull=3 bear=0 | EMA_align_bull | VWAP_reject_bull@23952 | HTF_bull | vol=110161/avg=390102
06:47:25 | INFO    | MOMENTUM refresh score=3 (bull=3 bear=0)
06:47:25 | INFO    | MONITOR NIFTY-Jun2026-23950-CE LTP=136.55 PnL=-4.0% (₹-372) TP=227.64 SL=113.82 peak=142.28
06:47:55 | INFO    | ── 12:17:55 | trade=1/4 | active=True | pnl=₹0 ──
06:47:55 | INFO    | MONITOR NIFTY-Jun2026-23950-CE LTP=135.80 PnL=-4.6% (₹-421) TP=227.64 SL=113.82 peak=142.28
06:48:25 | INFO    | ── 12:18:25 | trade=1/4 | active=True | pnl=₹0 ──
06:48:25 | INFO    | MONITOR NIFTY-Jun2026-23950-CE LTP=133.65 PnL=-6.1% (₹-561) TP=227.64 SL=113.82 peak=142.28
06:48:55 | INFO    | ── 12:18:55 | trade=1/4 | active=True | pnl=₹0 ──
06:48:55 | INFO    | SCORE → bull=1 bear=0 | HTF_bull | vol=395522/avg=409737
06:48:55 | INFO    | MOMENTUM refresh score=1 (bull=1 bear=0)
06:48:55 | INFO    | MONITOR NIFTY-Jun2026-23950-CE LTP=134.05 PnL=-5.8% (₹-535) TP=227.64 SL=113.82 peak=142.28
06:49:25 | INFO    | ── 12:19:25 | trade=1/4 | active=True | pnl=₹0 ──
06:49:25 | INFO    | MONITOR NIFTY-Jun2026-23950-CE LTP=132.45 PnL=-6.9% (₹-639) TP=227.64 SL=113.82 peak=142.28
06:49:55 | INFO    | ── 12:19:55 | trade=1/4 | active=True | pnl=₹0 ──
06:49:55 | INFO    | MONITOR NIFTY-Jun2026-23950-CE LTP=132.45 PnL=-6.9% (₹-639) TP=227.64 SL=113.82 peak=142.28
06:50:25 | INFO    | ── 12:20:25 | trade=1/4 | active=True | pnl=₹0 ──
06:50:26 | INFO    | SCORE → bull=2 bear=0 | VWAP_reject_bull@23954 | HTF_bull | vol=239618/avg=403817
06:50:26 | INFO    | MOMENTUM refresh score=2 (bull=2 bear=0)
06:50:26 | INFO    | MONITOR NIFTY-Jun2026-23950-CE LTP=134.05 PnL=-5.8% (₹-535) TP=227.64 SL=113.82 peak=142.28
06:50:56 | INFO    | ── 12:20:56 | trade=1/4 | active=True | pnl=₹0 ──
06:50:56 | INFO    | MONITOR NIFTY-Jun2026-23950-CE LTP=135.35 PnL=-4.9% (₹-450) TP=227.64 SL=113.82 peak=142.28
06:51:26 | INFO    | ── 12:21:26 | trade=1/4 | active=True | pnl=₹0 ──
06:51:26 | INFO    | MONITOR NIFTY-Jun2026-23950-CE LTP=137.50 PnL=-3.4% (₹-310) TP=227.64 SL=113.82 peak=142.28
06:51:56 | INFO    | ── 12:21:56 | trade=1/4 | active=True | pnl=₹0 ──
06:51:56 | INFO    | SCORE → bull=3 bear=0 | EMA_align_bull | VWAP_reject_bull@23954 | HTF_bull | vol=325963/avg=417208
06:51:56 | INFO    | MOMENTUM refresh score=3 (bull=3 bear=0)
06:51:56 | INFO    | MONITOR NIFTY-Jun2026-23950-CE LTP=137.80 PnL=-3.1% (₹-291) TP=227.64 SL=113.82 peak=142.28
06:52:26 | INFO    | ── 12:22:26 | trade=1/4 | active=True | pnl=₹0 ──
06:52:26 | INFO    | MONITOR NIFTY-Jun2026-23950-CE LTP=137.10 PnL=-3.6% (₹-336) TP=227.64 SL=113.82 peak=142.28
06:52:56 | INFO    | ── 12:22:56 | trade=1/4 | active=True | pnl=₹0 ──
06:52:56 | INFO    | MONITOR NIFTY-Jun2026-23950-CE LTP=138.55 PnL=-2.6% (₹-242) TP=227.64 SL=113.82 peak=142.28
06:53:26 | INFO    | ── 12:23:26 | trade=1/4 | active=True | pnl=₹0 ──
06:53:27 | INFO    | SCORE → bull=4 bear=0 | EMA_align_bull | VWAP_reject_bull@23955 | HH_HL_struct | HTF_bull | vol=262112/avg=388341
06:53:27 | INFO    | MOMENTUM refresh score=4 (bull=4 bear=0)
06:53:27 | INFO    | MONITOR NIFTY-Jun2026-23950-CE LTP=139.65 PnL=-1.8% (₹-171) TP=227.64 SL=113.82 peak=142.28
06:53:57 | INFO    | ── 12:23:57 | trade=1/4 | active=True | pnl=₹0 ──
06:53:57 | INFO    | MONITOR NIFTY-Jun2026-23950-CE LTP=138.75 PnL=-2.5% (₹-229) TP=227.64 SL=113.82 peak=142.28
06:54:27 | INFO    | ── 12:24:27 | trade=1/4 | active=True | pnl=₹0 ──
06:54:27 | INFO    | MONITOR NIFTY-Jun2026-23950-CE LTP=137.65 PnL=-3.3% (₹-301) TP=227.64 SL=113.82 peak=142.28
06:54:57 | INFO    | ── 12:24:57 | trade=1/4 | active=True | pnl=₹0 ──
06:54:57 | INFO    | SCORE → bull=2 bear=0 | EMA_align_bull | HTF_bull | vol=399716/avg=408673
06:54:57 | INFO    | MOMENTUM refresh score=2 (bull=2 bear=0)
06:54:57 | INFO    | MONITOR NIFTY-Jun2026-23950-CE LTP=137.45 PnL=-3.4% (₹-314) TP=227.64 SL=113.82 peak=142.28
06:55:27 | INFO    | ── 12:25:27 | trade=1/4 | active=True | pnl=₹0 ──
06:55:27 | INFO    | MONITOR NIFTY-Jun2026-23950-CE LTP=136.55 PnL=-4.0% (₹-372) TP=227.64 SL=113.82 peak=142.28
06:55:57 | INFO    | ── 12:25:57 | trade=1/4 | active=True | pnl=₹0 ──
06:55:58 | INFO    | MONITOR NIFTY-Jun2026-23950-CE LTP=139.55 PnL=-1.9% (₹-177) TP=227.64 SL=113.82 peak=142.28
06:56:28 | INFO    | ── 12:26:28 | trade=1/4 | active=True | pnl=₹0 ──
06:56:28 | INFO    | SCORE → bull=3 bear=0 | EMA_align_bull | VWAP_reject_bull@23957 | HTF_bull | vol=146904/avg=395460
06:56:28 | INFO    | MOMENTUM refresh score=3 (bull=3 bear=0)
06:56:28 | INFO    | MONITOR NIFTY-Jun2026-23950-CE LTP=139.85 PnL=-1.7% (₹-158) TP=227.64 SL=113.82 peak=142.28
06:56:58 | INFO    | ── 12:26:58 | trade=1/4 | active=True | pnl=₹0 ──
06:56:58 | INFO    | MONITOR NIFTY-Jun2026-23950-CE LTP=140.90 PnL=-1.0% (₹-89) TP=227.64 SL=113.82 peak=142.28
06:57:28 | INFO    | ── 12:27:28 | trade=1/4 | active=True | pnl=₹0 ──
06:57:28 | INFO    | MONITOR NIFTY-Jun2026-23950-CE LTP=139.55 PnL=-1.9% (₹-177) TP=227.64 SL=113.82 peak=142.28
06:57:58 | INFO    | ── 12:27:58 | trade=1/4 | active=True | pnl=₹0 ──
06:57:58 | INFO    | SCORE → bull=3 bear=0 | EMA_align_bull | VWAP_reject_bull@23958 | HTF_bull | vol=479536/avg=427006
06:57:58 | INFO    | MOMENTUM refresh score=3 (bull=3 bear=0)
06:57:58 | INFO    | MONITOR NIFTY-Jun2026-23950-CE LTP=141.85 PnL=-0.3% (₹-28) TP=227.64 SL=113.82 peak=142.28
06:58:28 | INFO    | ── 12:28:28 | trade=1/4 | active=True | pnl=₹0 ──
06:58:28 | INFO    | MONITOR NIFTY-Jun2026-23950-CE LTP=140.25 PnL=-1.4% (₹-132) TP=227.64 SL=113.82 peak=142.28
06:58:58 | INFO    | ── 12:28:58 | trade=1/4 | active=True | pnl=₹0 ──
06:58:59 | INFO    | MONITOR NIFTY-Jun2026-23950-CE LTP=140.50 PnL=-1.2% (₹-115) TP=227.64 SL=113.82 peak=142.28
06:59:29 | INFO    | ── 12:29:29 | trade=1/4 | active=True | pnl=₹0 ──
06:59:29 | INFO    | SCORE → bull=2 bear=0 | EMA_align_bull | HTF_bull | vol=171871/avg=419256
06:59:29 | INFO    | MOMENTUM refresh score=2 (bull=2 bear=0)
06:59:29 | INFO    | MONITOR NIFTY-Jun2026-23950-CE LTP=139.65 PnL=-1.8% (₹-171) TP=227.64 SL=113.82 peak=142.28
06:59:59 | INFO    | ── 12:29:59 | trade=1/4 | active=True | pnl=₹0 ──
06:59:59 | INFO    | MONITOR NIFTY-Jun2026-23950-CE LTP=139.25 PnL=-2.1% (₹-197) TP=227.64 SL=113.82 peak=142.28
07:00:29 | INFO    | ── 12:30:29 | trade=1/4 | active=True | pnl=₹0 ──
07:00:29 | INFO    | MONITOR NIFTY-Jun2026-23950-CE LTP=141.50 PnL=-0.5% (₹-50) TP=227.64 SL=113.82 peak=142.28
07:00:59 | INFO    | ── 12:30:59 | trade=1/4 | active=True | pnl=₹0 ──
07:00:59 | INFO    | SCORE → bull=3 bear=0 | EMA_align_bull | VWAP_reject_bull@23960 | HTF_bull | vol=432200/avg=437555
07:00:59 | INFO    | MOMENTUM refresh score=3 (bull=3 bear=0)
07:00:59 | INFO    | MONITOR NIFTY-Jun2026-23950-CE LTP=140.10 PnL=-1.5% (₹-141) TP=227.64 SL=113.82 peak=142.28
07:01:29 | INFO    | ── 12:31:29 | trade=1/4 | active=True | pnl=₹0 ──
07:01:30 | INFO    | MONITOR NIFTY-Jun2026-23950-CE LTP=139.75 PnL=-1.8% (₹-164) TP=227.64 SL=113.82 peak=142.28
07:02:00 | INFO    | ── 12:32:00 | trade=1/4 | active=True | pnl=₹0 ──
07:02:00 | INFO    | MONITOR NIFTY-Jun2026-23950-CE LTP=137.30 PnL=-3.5% (₹-323) TP=227.64 SL=113.82 peak=142.28
07:02:30 | INFO    | ── 12:32:30 | trade=1/4 | active=True | pnl=₹0 ──
07:02:30 | INFO    | SCORE → bull=2 bear=0 | VWAP_reject_bull@23960 | HTF_bull | vol=270505/avg=426881
07:02:30 | INFO    | MOMENTUM refresh score=2 (bull=2 bear=0)
07:02:30 | INFO    | MONITOR NIFTY-Jun2026-23950-CE LTP=138.40 PnL=-2.7% (₹-252) TP=227.64 SL=113.82 peak=142.28
07:03:00 | INFO    | ── 12:33:00 | trade=1/4 | active=True | pnl=₹0 ──
07:03:00 | INFO    | MONITOR NIFTY-Jun2026-23950-CE LTP=139.75 PnL=-1.8% (₹-164) TP=227.64 SL=113.82 peak=142.28
07:03:30 | INFO    | ── 12:33:30 | trade=1/4 | active=True | pnl=₹0 ──
07:03:30 | INFO    | MONITOR NIFTY-Jun2026-23950-CE LTP=141.00 PnL=-0.9% (₹-83) TP=227.64 SL=113.82 peak=142.28
07:04:00 | INFO    | ── 12:34:00 | trade=1/4 | active=True | pnl=₹0 ──
07:04:01 | INFO    | SCORE → bull=3 bear=0 | EMA_align_bull | VWAP_reject_bull@23961 | HTF_bull | vol=8258/avg=410259
07:04:01 | INFO    | MOMENTUM refresh score=3 (bull=3 bear=0)
07:04:01 | INFO    | MONITOR NIFTY-Jun2026-23950-CE LTP=138.75 PnL=-2.5% (₹-229) TP=227.64 SL=113.82 peak=142.28
07:04:31 | INFO    | ── 12:34:31 | trade=1/4 | active=True | pnl=₹0 ──
07:04:31 | INFO    | MONITOR NIFTY-Jun2026-23950-CE LTP=138.80 PnL=-2.4% (₹-226) TP=227.64 SL=113.82 peak=142.28
07:05:01 | INFO    | ── 12:35:01 | trade=1/4 | active=True | pnl=₹0 ──
07:05:01 | INFO    | MONITOR NIFTY-Jun2026-23950-CE LTP=137.10 PnL=-3.6% (₹-336) TP=227.64 SL=113.82 peak=142.28
07:05:31 | INFO    | ── 12:35:31 | trade=1/4 | active=True | pnl=₹0 ──
07:05:31 | INFO    | SCORE → bull=1 bear=0 | HTF_bull | vol=180766/avg=419485
07:05:31 | INFO    | MOMENTUM refresh score=1 (bull=1 bear=0)
07:05:31 | INFO    | MONITOR NIFTY-Jun2026-23950-CE LTP=135.95 PnL=-4.4% (₹-411) TP=227.64 SL=113.82 peak=142.28
07:06:01 | INFO    | ── 12:36:01 | trade=1/4 | active=True | pnl=₹0 ──
07:06:01 | INFO    | MONITOR NIFTY-Jun2026-23950-CE LTP=134.25 PnL=-5.6% (₹-522) TP=227.64 SL=113.82 peak=142.28
07:06:31 | INFO    | ── 12:36:31 | trade=1/4 | active=True | pnl=₹0 ──
07:06:32 | INFO    | MONITOR NIFTY-Jun2026-23950-CE LTP=133.70 PnL=-6.0% (₹-557) TP=227.64 SL=113.82 peak=142.28
07:07:02 | INFO    | ── 12:37:02 | trade=1/4 | active=True | pnl=₹0 ──
07:07:02 | INFO    | SCORE → bull=0 bear=1 | HTF_bear | vol=12209/avg=404817
07:07:02 | INFO    | MOMENTUM refresh score=1 (bull=0 bear=1)
07:07:02 | INFO    | MONITOR NIFTY-Jun2026-23950-CE LTP=134.35 PnL=-5.6% (₹-515) TP=227.64 SL=113.82 peak=142.28
07:07:32 | INFO    | ── 12:37:32 | trade=1/4 | active=True | pnl=₹0 ──
07:07:32 | INFO    | MONITOR NIFTY-Jun2026-23950-CE LTP=135.45 PnL=-4.8% (₹-444) TP=227.64 SL=113.82 peak=142.28
07:08:02 | INFO    | ── 12:38:02 | trade=1/4 | active=True | pnl=₹0 ──
07:08:02 | INFO    | MONITOR NIFTY-Jun2026-23950-CE LTP=134.40 PnL=-5.5% (₹-512) TP=227.64 SL=113.82 peak=142.28
07:08:32 | INFO    | ── 12:38:32 | trade=1/4 | active=True | pnl=₹0 ──
07:08:32 | INFO    | SCORE → bull=2 bear=1 | EMA_align_bull | VWAP_reject_bull@23962 | HTF_bear | vol=287505/avg=420176
07:08:32 | INFO    | MOMENTUM refresh score=2 (bull=2 bear=1)
07:08:32 | INFO    | MONITOR NIFTY-Jun2026-23950-CE LTP=137.00 PnL=-3.7% (₹-343) TP=227.64 SL=113.82 peak=142.28
07:09:02 | INFO    | ── 12:39:02 | trade=1/4 | active=True | pnl=₹0 ──
07:09:03 | INFO    | MONITOR NIFTY-Jun2026-23950-CE LTP=136.10 PnL=-4.3% (₹-401) TP=227.64 SL=113.82 peak=142.28
07:09:33 | INFO    | ── 12:39:33 | trade=1/4 | active=True | pnl=₹0 ──
07:09:33 | INFO    | MONITOR NIFTY-Jun2026-23950-CE LTP=137.60 PnL=-3.3% (₹-304) TP=227.64 SL=113.82 peak=142.28
07:10:03 | INFO    | ── 12:40:03 | trade=1/4 | active=True | pnl=₹0 ──
07:10:03 | INFO    | SCORE → bull=1 bear=1 | EMA_align_bull | HTF_bear | vol=17109/avg=394681
07:10:03 | INFO    | MOMENTUM refresh score=1 (bull=1 bear=1)
07:10:03 | INFO    | MONITOR NIFTY-Jun2026-23950-CE LTP=136.10 PnL=-4.3% (₹-401) TP=227.64 SL=113.82 peak=142.28
07:10:33 | INFO    | ── 12:40:33 | trade=1/4 | active=True | pnl=₹0 ──
07:10:33 | INFO    | MONITOR NIFTY-Jun2026-23950-CE LTP=133.95 PnL=-5.9% (₹-541) TP=227.64 SL=113.82 peak=142.28
07:11:03 | INFO    | ── 12:41:03 | trade=1/4 | active=True | pnl=₹0 ──
07:11:03 | INFO    | MONITOR NIFTY-Jun2026-23950-CE LTP=132.75 PnL=-6.7% (₹-619) TP=227.64 SL=113.82 peak=142.28
07:11:33 | INFO    | ── 12:41:33 | trade=1/4 | active=True | pnl=₹0 ──
07:11:33 | INFO    | SCORE → bull=0 bear=2 | VWAP_reject_bear@23963 | HTF_bear | vol=353968/avg=424331
07:11:33 | INFO    | MOMENTUM refresh score=2 (bull=0 bear=2)
07:11:33 | INFO    | MONITOR NIFTY-Jun2026-23950-CE LTP=133.95 PnL=-5.9% (₹-541) TP=227.64 SL=113.82 peak=142.28
07:12:03 | INFO    | ── 12:42:03 | trade=1/4 | active=True | pnl=₹0 ──
07:12:04 | INFO    | MONITOR NIFTY-Jun2026-23950-CE LTP=133.90 PnL=-5.9% (₹-544) TP=227.64 SL=113.82 peak=142.28
07:12:34 | INFO    | ── 12:42:34 | trade=1/4 | active=True | pnl=₹0 ──
07:12:34 | INFO    | MONITOR NIFTY-Jun2026-23950-CE LTP=130.95 PnL=-8.0% (₹-736) TP=227.64 SL=113.82 peak=142.28
07:13:04 | INFO    | ── 12:43:04 | trade=1/4 | active=True | pnl=₹0 ──
07:13:04 | INFO    | SCORE → bull=0 bear=3 | EMA_align_bear | VWAP_reject_bear@23963 | HTF_bear | vol=64812/avg=394453
07:13:04 | INFO    | MOMENTUM refresh score=3 (bull=0 bear=3)
07:13:04 | INFO    | MONITOR NIFTY-Jun2026-23950-CE LTP=127.40 PnL=-10.5% (₹-967) TP=227.64 SL=113.82 peak=142.28
07:13:34 | INFO    | ── 12:43:34 | trade=1/4 | active=True | pnl=₹0 ──
07:13:34 | INFO    | MONITOR NIFTY-Jun2026-23950-CE LTP=121.60 PnL=-14.5% (₹-1344) TP=227.64 SL=113.82 peak=142.28
07:14:04 | INFO    | ── 12:44:04 | trade=1/4 | active=True | pnl=₹0 ──
07:14:04 | INFO    | MONITOR NIFTY-Jun2026-23950-CE LTP=124.15 PnL=-12.7% (₹-1178) TP=227.64 SL=113.82 peak=142.28
07:14:34 | INFO    | ── 12:44:34 | trade=1/4 | active=True | pnl=₹0 ──
07:14:35 | INFO    | SCORE → bull=0 bear=2 | EMA_align_bear | HTF_bear | vol=261461/avg=542143
07:14:35 | INFO    | MOMENTUM refresh score=2 (bull=0 bear=2)
07:14:35 | INFO    | MONITOR NIFTY-Jun2026-23950-CE LTP=129.00 PnL=-9.3% (₹-863) TP=227.64 SL=113.82 peak=142.28
07:15:05 | INFO    | ── 12:45:05 | trade=1/4 | active=True | pnl=₹0 ──
07:15:05 | INFO    | MONITOR NIFTY-Jun2026-23950-CE LTP=128.60 PnL=-9.6% (₹-889) TP=227.64 SL=113.82 peak=142.28
07:15:35 | INFO    | ── 12:45:35 | trade=1/4 | active=True | pnl=₹0 ──
07:15:35 | INFO    | MONITOR NIFTY-Jun2026-23950-CE LTP=127.75 PnL=-10.2% (₹-944) TP=227.64 SL=113.82 peak=142.28
07:16:05 | INFO    | ── 12:46:05 | trade=1/4 | active=True | pnl=₹0 ──
07:16:05 | INFO    | SCORE → bull=0 bear=1 | HTF_bear | vol=42322/avg=591732
07:16:05 | INFO    | MOMENTUM refresh score=1 (bull=0 bear=1)
07:16:05 | INFO    | MONITOR NIFTY-Jun2026-23950-CE LTP=134.20 PnL=-5.7% (₹-525) TP=227.64 SL=113.82 peak=142.28
07:16:35 | INFO    | ── 12:46:35 | trade=1/4 | active=True | pnl=₹0 ──
07:16:35 | INFO    | MONITOR NIFTY-Jun2026-23950-CE LTP=131.10 PnL=-7.9% (₹-726) TP=227.64 SL=113.82 peak=142.28
07:17:05 | INFO    | ── 12:47:05 | trade=1/4 | active=True | pnl=₹0 ──
07:17:06 | INFO    | MONITOR NIFTY-Jun2026-23950-CE LTP=131.80 PnL=-7.4% (₹-681) TP=227.64 SL=113.82 peak=142.28
07:17:36 | INFO    | ── 12:47:36 | trade=1/4 | active=True | pnl=₹0 ──
07:17:36 | INFO    | SCORE → bull=0 bear=1 | HTF_bear | vol=237259/avg=615767
07:17:36 | INFO    | MOMENTUM refresh score=1 (bull=0 bear=1)
07:17:36 | INFO    | MONITOR NIFTY-Jun2026-23950-CE LTP=130.90 PnL=-8.0% (₹-739) TP=227.64 SL=113.82 peak=142.28
07:18:06 | INFO    | ── 12:48:06 | trade=1/4 | active=True | pnl=₹0 ──
07:18:06 | INFO    | MONITOR NIFTY-Jun2026-23950-CE LTP=129.80 PnL=-8.8% (₹-811) TP=227.64 SL=113.82 peak=142.28
07:18:36 | INFO    | ── 12:48:36 | trade=1/4 | active=True | pnl=₹0 ──
07:18:36 | INFO    | MONITOR NIFTY-Jun2026-23950-CE LTP=129.65 PnL=-8.9% (₹-821) TP=227.64 SL=113.82 peak=142.28
07:19:06 | INFO    | ── 12:49:06 | trade=1/4 | active=True | pnl=₹0 ──
07:19:06 | INFO    | SCORE → bull=0 bear=3 | EMA_align_bear | VWAP_reject_bear@23960 | HTF_bear | vol=37573/avg=601113
07:19:06 | INFO    | MOMENTUM refresh score=3 (bull=0 bear=3)
07:19:06 | INFO    | MONITOR NIFTY-Jun2026-23950-CE LTP=129.90 PnL=-8.7% (₹-804) TP=227.64 SL=113.82 peak=142.28
07:19:36 | INFO    | ── 12:49:36 | trade=1/4 | active=True | pnl=₹0 ──
07:19:37 | INFO    | MONITOR NIFTY-Jun2026-23950-CE LTP=128.00 PnL=-10.0% (₹-928) TP=227.64 SL=113.82 peak=142.28
07:20:07 | INFO    | ── 12:50:07 | trade=1/4 | active=True | pnl=₹0 ──
07:20:07 | INFO    | MONITOR NIFTY-Jun2026-23950-CE LTP=129.00 PnL=-9.3% (₹-863) TP=227.64 SL=113.82 peak=142.28
07:20:37 | INFO    | ── 12:50:37 | trade=1/4 | active=True | pnl=₹0 ──
07:20:37 | INFO    | SCORE → bull=0 bear=3 | EMA_align_bear | VWAP_reject_bear@23960 | HTF_bear | vol=221508/avg=619554
07:20:37 | INFO    | MOMENTUM refresh score=3 (bull=0 bear=3)
07:20:37 | INFO    | MONITOR NIFTY-Jun2026-23950-CE LTP=130.10 PnL=-8.6% (₹-791) TP=227.64 SL=113.82 peak=142.28
07:21:07 | INFO    | ── 12:51:07 | trade=1/4 | active=True | pnl=₹0 ──
07:21:07 | INFO    | MONITOR NIFTY-Jun2026-23950-CE LTP=131.00 PnL=-7.9% (₹-733) TP=227.64 SL=113.82 peak=142.28
07:21:37 | INFO    | ── 12:51:37 | trade=1/4 | active=True | pnl=₹0 ──
07:21:37 | INFO    | MONITOR NIFTY-Jun2026-23950-CE LTP=132.25 PnL=-7.0% (₹-652) TP=227.64 SL=113.82 peak=142.28
07:22:07 | INFO    | ── 12:52:07 | trade=1/4 | active=True | pnl=₹0 ──
07:22:08 | INFO    | SCORE → bull=0 bear=1 | HTF_bear | vol=45754/avg=582255
07:22:08 | INFO    | MOMENTUM refresh score=1 (bull=0 bear=1)
07:22:08 | INFO    | MONITOR NIFTY-Jun2026-23950-CE LTP=131.45 PnL=-7.6% (₹-704) TP=227.64 SL=113.82 peak=142.28
07:22:38 | INFO    | ── 12:52:38 | trade=1/4 | active=True | pnl=₹0 ──
07:22:38 | INFO    | MONITOR NIFTY-Jun2026-23950-CE LTP=129.30 PnL=-9.1% (₹-843) TP=227.64 SL=113.82 peak=142.28
07:23:08 | INFO    | ── 12:53:08 | trade=1/4 | active=True | pnl=₹0 ──
07:23:08 | INFO    | MONITOR NIFTY-Jun2026-23950-CE LTP=128.55 PnL=-9.6% (₹-892) TP=227.64 SL=113.82 peak=142.28
07:23:38 | INFO    | ── 12:53:38 | trade=1/4 | active=True | pnl=₹0 ──
07:23:38 | INFO    | SCORE → bull=0 bear=3 | EMA_align_bear | VWAP_reject_bear@23959 | HTF_bear | vol=217613/avg=463183
07:23:38 | INFO    | MOMENTUM refresh score=3 (bull=0 bear=3)
07:23:38 | INFO    | MONITOR NIFTY-Jun2026-23950-CE LTP=128.80 PnL=-9.5% (₹-876) TP=227.64 SL=113.82 peak=142.28
07:24:08 | INFO    | ── 12:54:08 | trade=1/4 | active=True | pnl=₹0 ──
07:24:08 | INFO    | MONITOR NIFTY-Jun2026-23950-CE LTP=128.15 PnL=-9.9% (₹-918) TP=227.64 SL=113.82 peak=142.28
07:24:38 | INFO    | ── 12:54:38 | trade=1/4 | active=True | pnl=₹0 ──
07:24:38 | INFO    | MONITOR NIFTY-Jun2026-23950-CE LTP=129.00 PnL=-9.3% (₹-863) TP=227.64 SL=113.82 peak=142.28
07:25:08 | INFO    | ── 12:55:08 | trade=1/4 | active=True | pnl=₹0 ──
07:25:09 | INFO    | SCORE → bull=0 bear=4 | EMA_align_bear | VWAP_reject_bear@23958 | LH_LL_struct | HTF_bear | vol=41107/avg=366927
07:25:09 | INFO    | MOMENTUM refresh score=4 (bull=0 bear=4)
07:25:09 | INFO    | MONITOR NIFTY-Jun2026-23950-CE LTP=126.95 PnL=-10.8% (₹-996) TP=227.64 SL=113.82 peak=142.28
07:25:39 | INFO    | ── 12:55:39 | trade=1/4 | active=True | pnl=₹0 ──
07:25:39 | INFO    | MONITOR NIFTY-Jun2026-23950-CE LTP=126.25 PnL=-11.3% (₹-1042) TP=227.64 SL=113.82 peak=142.28
07:26:09 | INFO    | ── 12:56:09 | trade=1/4 | active=True | pnl=₹0 ──
07:26:09 | INFO    | MONITOR NIFTY-Jun2026-23950-CE LTP=125.85 PnL=-11.5% (₹-1068) TP=227.64 SL=113.82 peak=142.28
07:26:39 | INFO    | ── 12:56:39 | trade=1/4 | active=True | pnl=₹0 ──
07:26:39 | INFO    | SCORE → bull=0 bear=4 | EMA_align_bear | VWAP_reject_bear@23957 | LH_LL_struct | HTF_bear | vol=230523/avg=382137
07:26:39 | INFO    | MOMENTUM refresh score=4 (bull=0 bear=4)
07:26:39 | INFO    | MONITOR NIFTY-Jun2026-23950-CE LTP=126.00 PnL=-11.4% (₹-1058) TP=227.64 SL=113.82 peak=142.28
07:27:09 | INFO    | ── 12:57:09 | trade=1/4 | active=True | pnl=₹0 ──
07:27:09 | INFO    | MONITOR NIFTY-Jun2026-23950-CE LTP=126.00 PnL=-11.4% (₹-1058) TP=227.64 SL=113.82 peak=142.28
07:27:39 | INFO    | ── 12:57:39 | trade=1/4 | active=True | pnl=₹0 ──
07:27:40 | INFO    | MONITOR NIFTY-Jun2026-23950-CE LTP=122.10 PnL=-14.2% (₹-1311) TP=227.64 SL=113.82 peak=142.28
07:28:10 | INFO    | ── 12:58:10 | trade=1/4 | active=True | pnl=₹0 ──
07:28:10 | INFO    | SCORE → bull=0 bear=3 | EMA_align_bear | VWAP_reject_bear@23956 | HTF_bear | vol=79498/avg=366831
07:28:10 | INFO    | MOMENTUM refresh score=3 (bull=0 bear=3)
07:28:10 | INFO    | MONITOR NIFTY-Jun2026-23950-CE LTP=120.75 PnL=-15.1% (₹-1399) TP=227.64 SL=113.82 peak=142.28
07:28:40 | INFO    | ── 12:58:40 | trade=1/4 | active=True | pnl=₹0 ──
07:28:40 | INFO    | MONITOR NIFTY-Jun2026-23950-CE LTP=120.45 PnL=-15.3% (₹-1419) TP=227.64 SL=113.82 peak=142.28
07:29:10 | INFO    | ── 12:59:10 | trade=1/4 | active=True | pnl=₹0 ──
07:29:10 | INFO    | MONITOR NIFTY-Jun2026-23950-CE LTP=118.95 PnL=-16.4% (₹-1516) TP=227.64 SL=113.82 peak=142.28
07:29:40 | INFO    | ── 12:59:40 | trade=1/4 | active=True | pnl=₹0 ──
07:29:40 | INFO    | SCORE → bull=0 bear=3 | EMA_align_bear | VWAP_reject_bear@23954 | HTF_bear | vol=335184/avg=400232
07:29:40 | INFO    | MOMENTUM refresh score=3 (bull=0 bear=3)
07:29:40 | INFO    | MONITOR NIFTY-Jun2026-23950-CE LTP=118.90 PnL=-16.4% (₹-1519) TP=227.64 SL=113.82 peak=142.28
07:30:10 | INFO    | ── 13:00:10 | trade=1/4 | active=True | pnl=₹0 ──
07:30:11 | INFO    | MONITOR NIFTY-Jun2026-23950-CE LTP=120.40 PnL=-15.4% (₹-1422) TP=227.64 SL=113.82 peak=142.28
07:30:41 | INFO    | ── 13:00:41 | trade=1/4 | active=True | pnl=₹0 ──
07:30:41 | INFO    | MONITOR NIFTY-Jun2026-23950-CE LTP=121.55 PnL=-14.6% (₹-1347) TP=227.64 SL=113.82 peak=142.28
07:31:11 | INFO    | ── 13:01:11 | trade=1/4 | active=True | pnl=₹0 ──
07:31:11 | INFO    | SCORE → bull=0 bear=3 | EMA_align_bear | VWAP_reject_bear@23953 | HTF_bear | vol=111282/avg=391400
07:31:11 | INFO    | MOMENTUM refresh score=3 (bull=0 bear=3)
07:31:11 | INFO    | MONITOR NIFTY-Jun2026-23950-CE LTP=119.25 PnL=-16.2% (₹-1497) TP=227.64 SL=113.82 peak=142.28
07:31:41 | INFO    | ── 13:01:41 | trade=1/4 | active=True | pnl=₹0 ──
07:31:41 | INFO    | MONITOR NIFTY-Jun2026-23950-CE LTP=118.80 PnL=-16.5% (₹-1526) TP=227.64 SL=113.82 peak=142.28
07:32:11 | INFO    | ── 13:02:11 | trade=1/4 | active=True | pnl=₹0 ──
07:32:11 | INFO    | MONITOR NIFTY-Jun2026-23950-CE LTP=120.05 PnL=-15.6% (₹-1445) TP=227.64 SL=113.82 peak=142.28
07:32:41 | INFO    | ── 13:02:41 | trade=1/4 | active=True | pnl=₹0 ──
07:32:42 | INFO    | SCORE → bull=0 bear=3 | EMA_align_bear | VWAP_reject_bear@23951 | HTF_bear | vol=228356/avg=419418
07:32:42 | INFO    | MOMENTUM refresh score=3 (bull=0 bear=3)
07:32:42 | INFO    | MONITOR NIFTY-Jun2026-23950-CE LTP=119.60 PnL=-15.9% (₹-1474) TP=227.64 SL=113.82 peak=142.28
07:33:12 | INFO    | ── 13:03:12 | trade=1/4 | active=True | pnl=₹0 ──
07:33:12 | INFO    | MONITOR NIFTY-Jun2026-23950-CE LTP=118.10 PnL=-17.0% (₹-1571) TP=227.64 SL=113.82 peak=142.28
07:33:42 | INFO    | ── 13:03:42 | trade=1/4 | active=True | pnl=₹0 ──
07:33:42 | INFO    | MONITOR NIFTY-Jun2026-23950-CE LTP=118.15 PnL=-17.0% (₹-1568) TP=227.64 SL=113.82 peak=142.28
07:34:12 | INFO    | ── 13:04:12 | trade=1/4 | active=True | pnl=₹0 ──
07:34:12 | INFO    | SCORE → bull=0 bear=3 | EMA_align_bear | VWAP_reject_bear@23949 | HTF_bear | vol=118233/avg=416900
07:34:12 | INFO    | MOMENTUM refresh score=3 (bull=0 bear=3)
07:34:12 | INFO    | MONITOR NIFTY-Jun2026-23950-CE LTP=116.80 PnL=-17.9% (₹-1656) TP=227.64 SL=113.82 peak=142.28
07:34:42 | INFO    | ── 13:04:42 | trade=1/4 | active=True | pnl=₹0 ──
07:34:42 | INFO    | MONITOR NIFTY-Jun2026-23950-CE LTP=117.05 PnL=-17.7% (₹-1640) TP=227.64 SL=113.82 peak=142.28
07:35:12 | INFO    | ── 13:05:12 | trade=1/4 | active=True | pnl=₹0 ──
07:35:12 | INFO    | MONITOR NIFTY-Jun2026-23950-CE LTP=115.75 PnL=-18.6% (₹-1724) TP=227.64 SL=113.82 peak=142.28
07:35:42 | INFO    | ── 13:05:42 | trade=1/4 | active=True | pnl=₹0 ──
07:35:43 | INFO    | SCORE → bull=0 bear=3 | EMA_align_bear | VWAP_reject_bear@23947 | HTF_bear | vol=402558/avg=472881
07:35:43 | INFO    | MOMENTUM refresh score=3 (bull=0 bear=3)
07:35:43 | INFO    | MONITOR NIFTY-Jun2026-23950-CE LTP=115.75 PnL=-18.6% (₹-1724) TP=227.64 SL=113.82 peak=142.28
07:36:13 | INFO    | ── 13:06:13 | trade=1/4 | active=True | pnl=₹0 ──
07:36:13 | INFO    | MONITOR NIFTY-Jun2026-23950-CE LTP=116.00 PnL=-18.5% (₹-1708) TP=227.64 SL=113.82 peak=142.28
07:36:43 | INFO    | ── 13:06:43 | trade=1/4 | active=True | pnl=₹0 ──
07:36:43 | INFO    | MONITOR NIFTY-Jun2026-23950-CE LTP=116.10 PnL=-18.4% (₹-1701) TP=227.64 SL=113.82 peak=142.28
07:37:13 | INFO    | ── 13:07:13 | trade=1/4 | active=True | pnl=₹0 ──
07:37:13 | INFO    | SCORE → bull=0 bear=2 | EMA_align_bear | HTF_bear | vol=123428/avg=495680
07:37:13 | INFO    | MOMENTUM refresh score=2 (bull=0 bear=2)
07:37:13 | INFO    | MONITOR NIFTY-Jun2026-23950-CE LTP=118.40 PnL=-16.8% (₹-1552) TP=227.64 SL=113.82 peak=142.28
07:37:43 | INFO    | ── 13:07:43 | trade=1/4 | active=True | pnl=₹0 ──
07:37:43 | INFO    | MONITOR NIFTY-Jun2026-23950-CE LTP=120.35 PnL=-15.4% (₹-1425) TP=227.64 SL=113.82 peak=142.28
07:38:13 | INFO    | ── 13:08:13 | trade=1/4 | active=True | pnl=₹0 ──
07:38:14 | INFO    | MONITOR NIFTY-Jun2026-23950-CE LTP=121.35 PnL=-14.7% (₹-1360) TP=227.64 SL=113.82 peak=142.28
07:38:44 | INFO    | ── 13:08:44 | trade=1/4 | active=True | pnl=₹0 ──
07:38:44 | INFO    | SCORE → bull=0 bear=1 | HTF_bear | vol=564562/avg=554472
07:38:44 | INFO    | MOMENTUM refresh score=1 (bull=0 bear=1)
07:38:44 | INFO    | MONITOR NIFTY-Jun2026-23950-CE LTP=118.90 PnL=-16.4% (₹-1519) TP=227.64 SL=113.82 peak=142.28
07:39:14 | INFO    | ── 13:09:14 | trade=1/4 | active=True | pnl=₹0 ──
07:39:14 | INFO    | MONITOR NIFTY-Jun2026-23950-CE LTP=119.00 PnL=-16.4% (₹-1513) TP=227.64 SL=113.82 peak=142.28
07:39:44 | INFO    | ── 13:09:44 | trade=1/4 | active=True | pnl=₹0 ──
07:39:44 | INFO    | MONITOR NIFTY-Jun2026-23950-CE LTP=119.00 PnL=-16.4% (₹-1513) TP=227.64 SL=113.82 peak=142.28
07:40:14 | INFO    | ── 13:10:14 | trade=1/4 | active=True | pnl=₹0 ──
07:40:14 | INFO    | SCORE → bull=0 bear=3 | EMA_align_bear | VWAP_reject_bear@23940 | HTF_bear | vol=191568/avg=548807
07:40:14 | INFO    | MOMENTUM refresh score=3 (bull=0 bear=3)
07:40:14 | INFO    | MONITOR NIFTY-Jun2026-23950-CE LTP=116.10 PnL=-18.4% (₹-1701) TP=227.64 SL=113.82 peak=142.28
07:40:44 | INFO    | ── 13:10:44 | trade=1/4 | active=True | pnl=₹0 ──
07:40:45 | INFO    | MONITOR NIFTY-Jun2026-23950-CE LTP=117.25 PnL=-17.6% (₹-1627) TP=227.64 SL=113.82 peak=142.28
07:41:15 | INFO    | ── 13:11:15 | trade=1/4 | active=True | pnl=₹0 ──
07:41:15 | INFO    | MONITOR NIFTY-Jun2026-23950-CE LTP=119.00 PnL=-16.4% (₹-1513) TP=227.64 SL=113.82 peak=142.28
07:41:45 | INFO    | ── 13:11:45 | trade=1/4 | active=True | pnl=₹0 ──
07:41:45 | INFO    | SCORE → bull=0 bear=2 | EMA_align_bear | HTF_bear | vol=348621/avg=560726
07:41:45 | INFO    | MOMENTUM refresh score=2 (bull=0 bear=2)
07:41:45 | INFO    | MONITOR NIFTY-Jun2026-23950-CE LTP=120.45 PnL=-15.3% (₹-1419) TP=227.64 SL=113.82 peak=142.28
07:42:15 | INFO    | ── 13:12:15 | trade=1/4 | active=True | pnl=₹0 ──
07:42:15 | INFO    | MONITOR NIFTY-Jun2026-23950-CE LTP=118.70 PnL=-16.6% (₹-1532) TP=227.64 SL=113.82 peak=142.28
07:42:45 | INFO    | ── 13:12:45 | trade=1/4 | active=True | pnl=₹0 ──
07:42:45 | INFO    | MONITOR NIFTY-Jun2026-23950-CE LTP=119.30 PnL=-16.1% (₹-1493) TP=227.64 SL=113.82 peak=142.28
07:43:15 | INFO    | ── 13:13:15 | trade=1/4 | active=True | pnl=₹0 ──
07:43:16 | INFO    | SCORE → bull=0 bear=3 | EMA_align_bear | VWAP_reject_bear@23938 | HTF_bear | vol=107878/avg=533302
07:43:16 | INFO    | MOMENTUM refresh score=3 (bull=0 bear=3)
07:43:16 | INFO    | MONITOR NIFTY-Jun2026-23950-CE LTP=118.00 PnL=-17.1% (₹-1578) TP=227.64 SL=113.82 peak=142.28
07:43:46 | INFO    | ── 13:13:46 | trade=1/4 | active=True | pnl=₹0 ──
07:43:46 | INFO    | MONITOR NIFTY-Jun2026-23950-CE LTP=119.45 PnL=-16.0% (₹-1484) TP=227.64 SL=113.82 peak=142.28
07:44:16 | INFO    | ── 13:14:16 | trade=1/4 | active=True | pnl=₹0 ──
07:44:16 | INFO    | MONITOR NIFTY-Jun2026-23950-CE LTP=119.40 PnL=-16.1% (₹-1487) TP=227.64 SL=113.82 peak=142.28
07:44:46 | INFO    | ── 13:14:46 | trade=1/4 | active=True | pnl=₹0 ──
07:44:46 | INFO    | SCORE → bull=0 bear=3 | EMA_align_bear | VWAP_reject_bear@23936 | HTF_bear | vol=365389/avg=547645
07:44:46 | INFO    | MOMENTUM refresh score=3 (bull=0 bear=3)
07:44:46 | INFO    | MONITOR NIFTY-Jun2026-23950-CE LTP=119.60 PnL=-15.9% (₹-1474) TP=227.64 SL=113.82 peak=142.28
07:45:16 | INFO    | ── 13:15:16 | trade=1/4 | active=True | pnl=₹0 ──
07:45:16 | INFO    | MONITOR NIFTY-Jun2026-23950-CE LTP=121.40 PnL=-14.7% (₹-1357) TP=227.64 SL=113.82 peak=142.28
07:45:46 | INFO    | ── 13:15:46 | trade=1/4 | active=True | pnl=₹0 ──
07:45:46 | INFO    | MONITOR NIFTY-Jun2026-23950-CE LTP=120.70 PnL=-15.2% (₹-1402) TP=227.64 SL=113.82 peak=142.28
07:46:16 | INFO    | ── 13:16:16 | trade=1/4 | active=True | pnl=₹0 ──
07:46:17 | INFO    | SCORE → bull=1 bear=1 | VWAP_reject_bear@23935 | HTF_bull | vol=147727/avg=484278
07:46:17 | INFO    | MOMENTUM refresh score=1 (bull=1 bear=1)
07:46:17 | INFO    | MONITOR NIFTY-Jun2026-23950-CE LTP=119.90 PnL=-15.7% (₹-1454) TP=227.64 SL=113.82 peak=142.28
07:46:47 | INFO    | ── 13:16:47 | trade=1/4 | active=True | pnl=₹0 ──
07:46:47 | INFO    | MONITOR NIFTY-Jun2026-23950-CE LTP=119.50 PnL=-16.0% (₹-1480) TP=227.64 SL=113.82 peak=142.28
07:47:17 | INFO    | ── 13:17:17 | trade=1/4 | active=True | pnl=₹0 ──
07:47:17 | INFO    | MONITOR NIFTY-Jun2026-23950-CE LTP=120.40 PnL=-15.4% (₹-1422) TP=227.64 SL=113.82 peak=142.28
07:47:47 | INFO    | ── 13:17:47 | trade=1/4 | active=True | pnl=₹0 ──
07:47:47 | INFO    | SCORE → bull=1 bear=1 | VWAP_reject_bear@23934 | HTF_bull | vol=456572/avg=498269
07:47:47 | INFO    | MOMENTUM refresh score=1 (bull=1 bear=1)
07:47:47 | INFO    | MONITOR NIFTY-Jun2026-23950-CE LTP=120.05 PnL=-15.6% (₹-1445) TP=227.64 SL=113.82 peak=142.28
07:48:17 | INFO    | ── 13:18:17 | trade=1/4 | active=True | pnl=₹0 ──
07:48:17 | INFO    | MONITOR NIFTY-Jun2026-23950-CE LTP=118.30 PnL=-16.9% (₹-1558) TP=227.64 SL=113.82 peak=142.28
07:48:47 | INFO    | ── 13:18:47 | trade=1/4 | active=True | pnl=₹0 ──
07:48:48 | INFO    | MONITOR NIFTY-Jun2026-23950-CE LTP=118.95 PnL=-16.4% (₹-1516) TP=227.64 SL=113.82 peak=142.28
07:49:18 | INFO    | ── 13:19:18 | trade=1/4 | active=True | pnl=₹0 ──
07:49:18 | INFO    | SCORE → bull=1 bear=2 | EMA_align_bear | VWAP_reject_bear@23932 | HTF_bull | vol=134685/avg=458795
07:49:18 | INFO    | MOMENTUM refresh score=2 (bull=1 bear=2)
07:49:18 | INFO    | MONITOR NIFTY-Jun2026-23950-CE LTP=117.95 PnL=-17.1% (₹-1581) TP=227.64 SL=113.82 peak=142.28
07:49:48 | INFO    | ── 13:19:48 | trade=1/4 | active=True | pnl=₹0 ──
07:49:48 | INFO    | MONITOR NIFTY-Jun2026-23950-CE LTP=116.90 PnL=-17.8% (₹-1649) TP=227.64 SL=113.82 peak=142.28
07:50:18 | INFO    | ── 13:20:18 | trade=1/4 | active=True | pnl=₹0 ──
07:50:18 | INFO    | MONITOR NIFTY-Jun2026-23950-CE LTP=117.70 PnL=-17.3% (₹-1597) TP=227.64 SL=113.82 peak=142.28
07:50:48 | INFO    | ── 13:20:48 | trade=1/4 | active=True | pnl=₹0 ──
07:50:48 | INFO    | SCORE → bull=0 bear=2 | EMA_align_bear | HTF_bear | vol=453312/avg=479559
07:50:48 | INFO    | MOMENTUM refresh score=2 (bull=0 bear=2)
07:50:48 | INFO    | MONITOR NIFTY-Jun2026-23950-CE LTP=117.65 PnL=-17.3% (₹-1601) TP=227.64 SL=113.82 peak=142.28
07:51:18 | INFO    | ── 13:21:18 | trade=1/4 | active=True | pnl=₹0 ──
07:51:18 | INFO    | MONITOR NIFTY-Jun2026-23950-CE LTP=117.75 PnL=-17.2% (₹-1594) TP=227.64 SL=113.82 peak=142.28
07:51:48 | INFO    | ── 13:21:48 | trade=1/4 | active=True | pnl=₹0 ──
07:51:49 | INFO    | MONITOR NIFTY-Jun2026-23950-CE LTP=118.90 PnL=-16.4% (₹-1519) TP=227.64 SL=113.82 peak=142.28
07:52:19 | INFO    | ── 13:22:19 | trade=1/4 | active=True | pnl=₹0 ──
07:52:19 | INFO    | SCORE → bull=1 bear=1 | VWAP_reject_bear@23929 | HTF_bull | vol=93558/avg=451026
07:52:19 | INFO    | MOMENTUM refresh score=1 (bull=1 bear=1)
07:52:19 | INFO    | MONITOR NIFTY-Jun2026-23950-CE LTP=119.70 PnL=-15.9% (₹-1467) TP=227.64 SL=113.82 peak=142.28
07:52:49 | INFO    | ── 13:22:49 | trade=1/4 | active=True | pnl=₹0 ──
07:52:49 | INFO    | MONITOR NIFTY-Jun2026-23950-CE LTP=118.50 PnL=-16.7% (₹-1545) TP=227.64 SL=113.82 peak=142.28
07:53:19 | INFO    | ── 13:23:19 | trade=1/4 | active=True | pnl=₹0 ──
07:53:19 | INFO    | MONITOR NIFTY-Jun2026-23950-CE LTP=118.00 PnL=-17.1% (₹-1578) TP=227.64 SL=113.82 peak=142.28
07:53:49 | INFO    | ── 13:23:49 | trade=1/4 | active=True | pnl=₹0 ──
07:53:49 | INFO    | SCORE → bull=1 bear=0 | HTF_bull | vol=398521/avg=462395
07:53:49 | INFO    | MOMENTUM refresh score=1 (bull=1 bear=0)
07:53:49 | INFO    | MONITOR NIFTY-Jun2026-23950-CE LTP=119.30 PnL=-16.1% (₹-1493) TP=227.64 SL=113.82 peak=142.28
07:54:19 | INFO    | ── 13:24:19 | trade=1/4 | active=True | pnl=₹0 ──
07:54:20 | INFO    | MONITOR NIFTY-Jun2026-23950-CE LTP=117.40 PnL=-17.5% (₹-1617) TP=227.64 SL=113.82 peak=142.28
07:54:50 | INFO    | ── 13:24:50 | trade=1/4 | active=True | pnl=₹0 ──
07:54:50 | INFO    | MONITOR NIFTY-Jun2026-23950-CE LTP=116.00 PnL=-18.5% (₹-1708) TP=227.64 SL=113.82 peak=142.28
07:55:20 | INFO    | ── 13:25:20 | trade=1/4 | active=True | pnl=₹0 ──
07:55:20 | INFO    | SCORE → bull=0 bear=2 | EMA_align_bear | HTF_bear | vol=123206/avg=463102
07:55:20 | INFO    | MOMENTUM refresh score=2 (bull=0 bear=2)
07:55:20 | INFO    | MONITOR NIFTY-Jun2026-23950-CE LTP=117.50 PnL=-17.4% (₹-1610) TP=227.64 SL=113.82 peak=142.28
07:55:50 | INFO    | ── 13:25:50 | trade=1/4 | active=True | pnl=₹0 ──
07:55:50 | INFO    | MONITOR NIFTY-Jun2026-23950-CE LTP=118.00 PnL=-17.1% (₹-1578) TP=227.64 SL=113.82 peak=142.28
07:56:20 | INFO    | ── 13:26:20 | trade=1/4 | active=True | pnl=₹0 ──
07:56:20 | INFO    | MONITOR NIFTY-Jun2026-23950-CE LTP=117.40 PnL=-17.5% (₹-1617) TP=227.64 SL=113.82 peak=142.28
07:56:50 | INFO    | ── 13:26:50 | trade=1/4 | active=True | pnl=₹0 ──
07:56:51 | INFO    | SCORE → bull=0 bear=2 | EMA_align_bear | HTF_bear | vol=237653/avg=457510
07:56:51 | INFO    | MOMENTUM refresh score=2 (bull=0 bear=2)
07:56:51 | INFO    | MONITOR NIFTY-Jun2026-23950-CE LTP=117.80 PnL=-17.2% (₹-1591) TP=227.64 SL=113.82 peak=142.28
07:57:21 | INFO    | ── 13:27:21 | trade=1/4 | active=True | pnl=₹0 ──
07:57:21 | INFO    | MONITOR NIFTY-Jun2026-23950-CE LTP=117.60 PnL=-17.3% (₹-1604) TP=227.64 SL=113.82 peak=142.28
07:57:51 | INFO    | ── 13:27:51 | trade=1/4 | active=True | pnl=₹0 ──
07:57:51 | INFO    | MONITOR NIFTY-Jun2026-23950-CE LTP=120.55 PnL=-15.3% (₹-1412) TP=227.64 SL=113.82 peak=142.28
07:58:21 | INFO    | ── 13:28:21 | trade=1/4 | active=True | pnl=₹0 ──
07:58:21 | INFO    | SCORE → bull=1 bear=1 | VWAP_reject_bull@23925 | HTF_bear | vol=152096/avg=430671
07:58:21 | INFO    | MOMENTUM refresh score=1 (bull=1 bear=1)
07:58:21 | INFO    | MONITOR NIFTY-Jun2026-23950-CE LTP=120.00 PnL=-15.7% (₹-1448) TP=227.64 SL=113.82 peak=142.28
07:58:51 | INFO    | ── 13:28:51 | trade=1/4 | active=True | pnl=₹0 ──
07:58:51 | INFO    | MONITOR NIFTY-Jun2026-23950-CE LTP=119.40 PnL=-16.1% (₹-1487) TP=227.64 SL=113.82 peak=142.28
07:59:21 | INFO    | ── 13:29:21 | trade=1/4 | active=True | pnl=₹0 ──
07:59:21 | INFO    | MONITOR NIFTY-Jun2026-23950-CE LTP=119.05 PnL=-16.3% (₹-1510) TP=227.64 SL=113.82 peak=142.28
07:59:51 | INFO    | ── 13:29:51 | trade=1/4 | active=True | pnl=₹0 ──
07:59:52 | INFO    | SCORE → bull=1 bear=1 | VWAP_reject_bull@23925 | HTF_bear | vol=260786/avg=437904
07:59:52 | INFO    | MOMENTUM refresh score=1 (bull=1 bear=1)
07:59:52 | INFO    | MONITOR NIFTY-Jun2026-23950-CE LTP=120.70 PnL=-15.2% (₹-1402) TP=227.64 SL=113.82 peak=142.28
08:00:22 | INFO    | ── 13:30:22 | trade=1/4 | active=True | pnl=₹0 ──
08:00:22 | INFO    | MONITOR NIFTY-Jun2026-23950-CE LTP=120.65 PnL=-15.2% (₹-1406) TP=227.64 SL=113.82 peak=142.28
08:00:52 | INFO    | ── 13:30:52 | trade=1/4 | active=True | pnl=₹0 ──
08:00:52 | INFO    | MONITOR NIFTY-Jun2026-23950-CE LTP=120.30 PnL=-15.4% (₹-1428) TP=227.64 SL=113.82 peak=142.28
08:01:22 | INFO    | ── 13:31:22 | trade=1/4 | active=True | pnl=₹0 ──
08:01:22 | INFO    | SCORE → bull=3 bear=0 | EMA_align_bull | HH_HL_struct | HTF_bull | vol=169638/avg=435160
08:01:22 | INFO    | MOMENTUM refresh score=3 (bull=3 bear=0)
08:01:22 | INFO    | MONITOR NIFTY-Jun2026-23950-CE LTP=120.00 PnL=-15.7% (₹-1448) TP=227.64 SL=113.82 peak=142.28
08:01:52 | INFO    | ── 13:31:52 | trade=1/4 | active=True | pnl=₹0 ──
08:01:52 | INFO    | MONITOR NIFTY-Jun2026-23950-CE LTP=120.95 PnL=-15.0% (₹-1386) TP=227.64 SL=113.82 peak=142.28
08:02:22 | INFO    | ── 13:32:22 | trade=1/4 | active=True | pnl=₹0 ──
08:02:23 | INFO    | MONITOR NIFTY-Jun2026-23950-CE LTP=121.15 PnL=-14.8% (₹-1373) TP=227.64 SL=113.82 peak=142.28
08:02:53 | INFO    | ── 13:32:53 | trade=1/4 | active=True | pnl=₹0 ──
08:02:53 | INFO    | SCORE → bull=3 bear=0 | EMA_align_bull | HH_HL_struct | HTF_bull | vol=302133/avg=450860
08:02:53 | INFO    | MOMENTUM refresh score=3 (bull=3 bear=0)
08:02:53 | INFO    | MONITOR NIFTY-Jun2026-23950-CE LTP=119.80 PnL=-15.8% (₹-1461) TP=227.64 SL=113.82 peak=142.28
08:03:23 | INFO    | ── 13:33:23 | trade=1/4 | active=True | pnl=₹0 ──
08:03:23 | INFO    | MONITOR NIFTY-Jun2026-23950-CE LTP=118.25 PnL=-16.9% (₹-1562) TP=227.64 SL=113.82 peak=142.28
08:03:53 | INFO    | ── 13:33:53 | trade=1/4 | active=True | pnl=₹0 ──
08:03:53 | INFO    | MONITOR NIFTY-Jun2026-23950-CE LTP=119.30 PnL=-16.1% (₹-1493) TP=227.64 SL=113.82 peak=142.28
08:04:23 | INFO    | ── 13:34:23 | trade=1/4 | active=True | pnl=₹0 ──
08:04:23 | INFO    | SCORE → bull=3 bear=0 | EMA_align_bull | VWAP_reject_bull@23925 | HTF_bull | vol=266533/avg=402959
08:04:23 | INFO    | MOMENTUM refresh score=3 (bull=3 bear=0)
08:04:23 | INFO    | MONITOR NIFTY-Jun2026-23950-CE LTP=119.80 PnL=-15.8% (₹-1461) TP=227.64 SL=113.82 peak=142.28
08:04:53 | INFO    | ── 13:34:53 | trade=1/4 | active=True | pnl=₹0 ──
08:04:53 | INFO    | MONITOR NIFTY-Jun2026-23950-CE LTP=125.25 PnL=-12.0% (₹-1107) TP=227.64 SL=113.82 peak=142.28
08:05:23 | INFO    | ── 13:35:23 | trade=1/4 | active=True | pnl=₹0 ──
08:05:24 | INFO    | MONITOR NIFTY-Jun2026-23950-CE LTP=124.50 PnL=-12.5% (₹-1155) TP=227.64 SL=113.82 peak=142.28
08:05:54 | INFO    | ── 13:35:54 | trade=1/4 | active=True | pnl=₹0 ──
08:05:54 | INFO    | SCORE → bull=2 bear=0 | EMA_align_bull | HTF_bull | vol=372127/avg=444882
08:05:54 | INFO    | MOMENTUM refresh score=2 (bull=2 bear=0)
08:05:54 | INFO    | MONITOR NIFTY-Jun2026-23950-CE LTP=123.90 PnL=-12.9% (₹-1194) TP=227.64 SL=113.82 peak=142.28
08:06:24 | INFO    | ── 13:36:24 | trade=1/4 | active=True | pnl=₹0 ──
08:06:24 | INFO    | MONITOR NIFTY-Jun2026-23950-CE LTP=125.80 PnL=-11.6% (₹-1071) TP=227.64 SL=113.82 peak=142.28
08:06:54 | INFO    | ── 13:36:54 | trade=1/4 | active=True | pnl=₹0 ──
08:06:54 | INFO    | MONITOR NIFTY-Jun2026-23950-CE LTP=125.25 PnL=-12.0% (₹-1107) TP=227.64 SL=113.82 peak=142.28
08:07:24 | INFO    | ── 13:37:24 | trade=1/4 | active=True | pnl=₹0 ──
08:07:24 | INFO    | SCORE → bull=1 bear=0 | HTF_bull | vol=212815/avg=399553
08:07:24 | INFO    | MOMENTUM refresh score=1 (bull=1 bear=0)
08:07:24 | INFO    | MONITOR NIFTY-Jun2026-23950-CE LTP=122.75 PnL=-13.7% (₹-1269) TP=227.64 SL=113.82 peak=142.28
08:07:54 | INFO    | ── 13:37:54 | trade=1/4 | active=True | pnl=₹0 ──
08:07:55 | INFO    | MONITOR NIFTY-Jun2026-23950-CE LTP=122.20 PnL=-14.1% (₹-1305) TP=227.64 SL=113.82 peak=142.28
08:08:25 | INFO    | ── 13:38:25 | trade=1/4 | active=True | pnl=₹0 ──
08:08:25 | INFO    | MONITOR NIFTY-Jun2026-23950-CE LTP=123.65 PnL=-13.1% (₹-1211) TP=227.64 SL=113.82 peak=142.28
08:08:55 | INFO    | ── 13:38:55 | trade=1/4 | active=True | pnl=₹0 ──
08:08:55 | INFO    | SCORE → bull=3 bear=0 | EMA_align_bull | VWAP_reject_bull@23927 | HTF_bull | vol=420251/avg=440328
08:08:55 | INFO    | MOMENTUM refresh score=3 (bull=3 bear=0)
08:08:55 | INFO    | MONITOR NIFTY-Jun2026-23950-CE LTP=126.00 PnL=-11.4% (₹-1058) TP=227.64 SL=113.82 peak=142.28
08:09:25 | INFO    | ── 13:39:25 | trade=1/4 | active=True | pnl=₹0 ──
08:09:25 | INFO    | MONITOR NIFTY-Jun2026-23950-CE LTP=125.25 PnL=-12.0% (₹-1107) TP=227.64 SL=113.82 peak=142.28
08:09:55 | INFO    | ── 13:39:55 | trade=1/4 | active=True | pnl=₹0 ──
08:09:55 | INFO    | MONITOR NIFTY-Jun2026-23950-CE LTP=125.25 PnL=-12.0% (₹-1107) TP=227.64 SL=113.82 peak=142.28
08:10:25 | INFO    | ── 13:40:25 | trade=1/4 | active=True | pnl=₹0 ──
08:10:26 | INFO    | SCORE → bull=3 bear=0 | EMA_align_bull | VWAP_reject_bull@23929 | HTF_bull | vol=216216/avg=465460
08:10:26 | INFO    | MOMENTUM refresh score=3 (bull=3 bear=0)
08:10:26 | INFO    | MONITOR NIFTY-Jun2026-23950-CE LTP=124.45 PnL=-12.5% (₹-1159) TP=227.64 SL=113.82 peak=142.28
08:10:56 | INFO    | ── 13:40:56 | trade=1/4 | active=True | pnl=₹0 ──
08:10:56 | INFO    | MONITOR NIFTY-Jun2026-23950-CE LTP=126.30 PnL=-11.2% (₹-1038) TP=227.64 SL=113.82 peak=142.28
08:11:26 | INFO    | ── 13:41:26 | trade=1/4 | active=True | pnl=₹0 ──
08:11:26 | INFO    | MONITOR NIFTY-Jun2026-23950-CE LTP=125.20 PnL=-12.0% (₹-1110) TP=227.64 SL=113.82 peak=142.28
08:11:56 | INFO    | ── 13:41:56 | trade=1/4 | active=True | pnl=₹0 ──
08:11:56 | INFO    | SCORE → bull=3 bear=0 | EMA_align_bull | HH_HL_struct | HTF_bull | vol=471731/avg=510968
08:11:56 | INFO    | MOMENTUM refresh score=3 (bull=3 bear=0)
08:11:56 | INFO    | MONITOR NIFTY-Jun2026-23950-CE LTP=124.60 PnL=-12.4% (₹-1149) TP=227.64 SL=113.82 peak=142.28
08:12:26 | INFO    | ── 13:42:26 | trade=1/4 | active=True | pnl=₹0 ──
08:12:26 | INFO    | MONITOR NIFTY-Jun2026-23950-CE LTP=126.00 PnL=-11.4% (₹-1058) TP=227.64 SL=113.82 peak=142.28
08:12:56 | INFO    | ── 13:42:56 | trade=1/4 | active=True | pnl=₹0 ──
08:12:56 | INFO    | MONITOR NIFTY-Jun2026-23950-CE LTP=128.80 PnL=-9.5% (₹-876) TP=227.64 SL=113.82 peak=142.28
08:13:26 | INFO    | ── 13:43:26 | trade=1/4 | active=True | pnl=₹0 ──
08:13:27 | INFO    | SCORE → bull=2 bear=0 | EMA_align_bull | HTF_bull | vol=235664/avg=532877
08:13:27 | INFO    | MOMENTUM refresh score=2 (bull=2 bear=0)
08:13:27 | INFO    | MONITOR NIFTY-Jun2026-23950-CE LTP=127.60 PnL=-10.3% (₹-954) TP=227.64 SL=113.82 peak=142.28
08:13:57 | INFO    | ── 13:43:57 | trade=1/4 | active=True | pnl=₹0 ──
08:13:57 | INFO    | MONITOR NIFTY-Jun2026-23950-CE LTP=129.25 PnL=-9.2% (₹-847) TP=227.64 SL=113.82 peak=142.28
08:14:27 | INFO    | ── 13:44:27 | trade=1/4 | active=True | pnl=₹0 ──
08:14:27 | INFO    | MONITOR NIFTY-Jun2026-23950-CE LTP=128.60 PnL=-9.6% (₹-889) TP=227.64 SL=113.82 peak=142.28
08:14:57 | INFO    | ── 13:44:57 | trade=1/4 | active=True | pnl=₹0 ──
08:14:57 | INFO    | SCORE → bull=2 bear=0 | EMA_align_bull | HTF_bull | vol=522662/avg=549851
08:14:57 | INFO    | MOMENTUM refresh score=2 (bull=2 bear=0)
08:14:57 | INFO    | MONITOR NIFTY-Jun2026-23950-CE LTP=127.50 PnL=-10.4% (₹-960) TP=227.64 SL=113.82 peak=142.28
08:15:27 | INFO    | ── 13:45:27 | trade=1/4 | active=True | pnl=₹0 ──
08:15:27 | INFO    | MONITOR NIFTY-Jun2026-23950-CE LTP=128.35 PnL=-9.8% (₹-905) TP=227.64 SL=113.82 peak=142.28
08:15:57 | INFO    | ── 13:45:57 | trade=1/4 | active=True | pnl=₹0 ──
08:15:57 | INFO    | MONITOR NIFTY-Jun2026-23950-CE LTP=127.50 PnL=-10.4% (₹-960) TP=227.64 SL=113.82 peak=142.28
08:16:27 | INFO    | ── 13:46:27 | trade=1/4 | active=True | pnl=₹0 ──
08:16:28 | INFO    | SCORE → bull=2 bear=0 | EMA_align_bull | HTF_bull | vol=233992/avg=572542
08:16:28 | INFO    | MOMENTUM refresh score=2 (bull=2 bear=0)
08:16:28 | INFO    | MONITOR NIFTY-Jun2026-23950-CE LTP=127.40 PnL=-10.5% (₹-967) TP=227.64 SL=113.82 peak=142.28
08:16:58 | INFO    | ── 13:46:58 | trade=1/4 | active=True | pnl=₹0 ──
08:16:58 | INFO    | MONITOR NIFTY-Jun2026-23950-CE LTP=127.80 PnL=-10.2% (₹-941) TP=227.64 SL=113.82 peak=142.28
08:17:28 | INFO    | ── 13:47:28 | trade=1/4 | active=True | pnl=₹0 ──
08:17:28 | INFO    | MONITOR NIFTY-Jun2026-23950-CE LTP=132.15 PnL=-7.1% (₹-658) TP=227.64 SL=113.82 peak=142.28
08:17:58 | INFO    | ── 13:47:58 | trade=1/4 | active=True | pnl=₹0 ──
08:17:58 | INFO    | SCORE → bull=3 bear=0 | EMA_align_bull | VWAP_reject_bull@23935 | HTF_bull | vol=977356/avg=645591
08:17:58 | INFO    | MOMENTUM refresh score=3 (bull=3 bear=0)
08:17:58 | INFO    | MONITOR NIFTY-Jun2026-23950-CE LTP=131.15 PnL=-7.8% (₹-723) TP=227.64 SL=113.82 peak=142.28
08:18:28 | INFO    | ── 13:48:28 | trade=1/4 | active=True | pnl=₹0 ──
08:18:28 | INFO    | MONITOR NIFTY-Jun2026-23950-CE LTP=128.55 PnL=-9.6% (₹-892) TP=227.64 SL=113.82 peak=142.28
08:18:58 | INFO    | ── 13:48:58 | trade=1/4 | active=True | pnl=₹0 ──
08:18:59 | INFO    | MONITOR NIFTY-Jun2026-23950-CE LTP=130.50 PnL=-8.3% (₹-765) TP=227.64 SL=113.82 peak=142.28
08:19:29 | INFO    | ── 13:49:29 | trade=1/4 | active=True | pnl=₹0 ──
08:19:29 | INFO    | SCORE → bull=3 bear=0 | EMA_align_bull | VWAP_reject_bull@23936 | HTF_bull | vol=357960/avg=603754
08:19:29 | INFO    | MOMENTUM refresh score=3 (bull=3 bear=0)
08:19:29 | INFO    | MONITOR NIFTY-Jun2026-23950-CE LTP=132.95 PnL=-6.6% (₹-606) TP=227.64 SL=113.82 peak=142.28
08:19:59 | INFO    | ── 13:49:59 | trade=1/4 | active=True | pnl=₹0 ──
08:19:59 | INFO    | MONITOR NIFTY-Jun2026-23950-CE LTP=133.70 PnL=-6.0% (₹-557) TP=227.64 SL=113.82 peak=142.28
08:20:29 | INFO    | ── 13:50:29 | trade=1/4 | active=True | pnl=₹0 ──
08:20:29 | INFO    | MONITOR NIFTY-Jun2026-23950-CE LTP=134.10 PnL=-5.7% (₹-531) TP=227.64 SL=113.82 peak=142.28
08:20:59 | INFO    | ── 13:50:59 | trade=1/4 | active=True | pnl=₹0 ──
08:20:59 | INFO    | SCORE → bull=2 bear=0 | EMA_align_bull | HTF_bull | vol=535133/avg=633556
08:20:59 | INFO    | MOMENTUM refresh score=2 (bull=2 bear=0)
08:20:59 | INFO    | MONITOR NIFTY-Jun2026-23950-CE LTP=133.05 PnL=-6.5% (₹-600) TP=227.64 SL=113.82 peak=142.28
08:21:29 | INFO    | ── 13:51:29 | trade=1/4 | active=True | pnl=₹0 ──
08:21:30 | INFO    | MONITOR NIFTY-Jun2026-23950-CE LTP=133.50 PnL=-6.2% (₹-570) TP=227.64 SL=113.82 peak=142.28
08:22:00 | INFO    | ── 13:52:00 | trade=1/4 | active=True | pnl=₹0 ──
08:22:00 | INFO    | MONITOR NIFTY-Jun2026-23950-CE LTP=130.30 PnL=-8.4% (₹-778) TP=227.64 SL=113.82 peak=142.28
08:22:30 | INFO    | ── 13:52:30 | trade=1/4 | active=True | pnl=₹0 ──
08:22:30 | INFO    | SCORE → bull=3 bear=0 | EMA_align_bull | VWAP_reject_bull@23940 | HTF_bull | vol=308740/avg=612934
08:22:30 | INFO    | MOMENTUM refresh score=3 (bull=3 bear=0)
08:22:30 | INFO    | MONITOR NIFTY-Jun2026-23950-CE LTP=132.80 PnL=-6.7% (₹-616) TP=227.64 SL=113.82 peak=142.28
08:23:00 | INFO    | ── 13:53:00 | trade=1/4 | active=True | pnl=₹0 ──
08:23:00 | INFO    | MONITOR NIFTY-Jun2026-23950-CE LTP=130.65 PnL=-8.2% (₹-756) TP=227.64 SL=113.82 peak=142.28
08:23:30 | INFO    | ── 13:53:30 | trade=1/4 | active=True | pnl=₹0 ──
08:23:30 | INFO    | MONITOR NIFTY-Jun2026-23950-CE LTP=131.05 PnL=-7.9% (₹-730) TP=227.64 SL=113.82 peak=142.28
08:24:00 | INFO    | ── 13:54:00 | trade=1/4 | active=True | pnl=₹0 ──
08:24:01 | INFO    | SCORE → bull=2 bear=0 | VWAP_reject_bull@23942 | HTF_bull | vol=0/avg=627064
08:24:01 | INFO    | MOMENTUM refresh score=2 (bull=2 bear=0)
08:24:01 | INFO    | MONITOR NIFTY-Jun2026-23950-CE LTP=131.00 PnL=-7.9% (₹-733) TP=227.64 SL=113.82 peak=142.28
08:24:31 | INFO    | ── 13:54:31 | trade=1/4 | active=True | pnl=₹0 ──
08:24:31 | INFO    | MONITOR NIFTY-Jun2026-23950-CE LTP=130.00 PnL=-8.6% (₹-798) TP=227.64 SL=113.82 peak=142.28
08:25:01 | INFO    | ── 13:55:01 | trade=1/4 | active=True | pnl=₹0 ──
08:25:01 | INFO    | MONITOR NIFTY-Jun2026-23950-CE LTP=130.45 PnL=-8.3% (₹-769) TP=227.64 SL=113.82 peak=142.28
08:25:31 | INFO    | ── 13:55:31 | trade=1/4 | active=True | pnl=₹0 ──
08:25:31 | INFO    | SCORE → bull=2 bear=0 | VWAP_reject_bull@23943 | HTF_bull | vol=347239/avg=659262
08:25:31 | INFO    | MOMENTUM refresh score=2 (bull=2 bear=0)
08:25:31 | INFO    | MONITOR NIFTY-Jun2026-23950-CE LTP=130.95 PnL=-8.0% (₹-736) TP=227.64 SL=113.82 peak=142.28
08:26:01 | INFO    | ── 13:56:01 | trade=1/4 | active=True | pnl=₹0 ──
08:26:01 | INFO    | MONITOR NIFTY-Jun2026-23950-CE LTP=131.85 PnL=-7.3% (₹-678) TP=227.64 SL=113.82 peak=142.28
08:26:31 | INFO    | ── 13:56:31 | trade=1/4 | active=True | pnl=₹0 ──
08:26:31 | INFO    | MONITOR NIFTY-Jun2026-23950-CE LTP=132.10 PnL=-7.2% (₹-661) TP=227.64 SL=113.82 peak=142.28
08:27:01 | INFO    | ── 13:57:01 | trade=1/4 | active=True | pnl=₹0 ──
08:27:02 | INFO    | SCORE → bull=3 bear=0 | EMA_align_bull | VWAP_reject_bull@23944 | HTF_bull | vol=17211/avg=593289
08:27:02 | INFO    | MOMENTUM refresh score=3 (bull=3 bear=0)
08:27:02 | INFO    | MONITOR NIFTY-Jun2026-23950-CE LTP=131.75 PnL=-7.4% (₹-684) TP=227.64 SL=113.82 peak=142.28
08:27:32 | INFO    | ── 13:57:32 | trade=1/4 | active=True | pnl=₹0 ──
08:27:32 | INFO    | MONITOR NIFTY-Jun2026-23950-CE LTP=131.85 PnL=-7.3% (₹-678) TP=227.64 SL=113.82 peak=142.28
08:28:02 | INFO    | ── 13:58:02 | trade=1/4 | active=True | pnl=₹0 ──
08:28:02 | INFO    | MONITOR NIFTY-Jun2026-23950-CE LTP=132.40 PnL=-6.9% (₹-642) TP=227.64 SL=113.82 peak=142.28
08:28:32 | INFO    | ── 13:58:32 | trade=1/4 | active=True | pnl=₹0 ──
08:28:32 | INFO    | SCORE → bull=4 bear=0 | EMA_align_bull | VWAP_reject_bull@23945 | HH_HL_struct | HTF_bull | vol=224961/avg=607197
08:28:32 | INFO    | MOMENTUM refresh score=4 (bull=4 bear=0)
08:28:32 | INFO    | MONITOR NIFTY-Jun2026-23950-CE LTP=133.05 PnL=-6.5% (₹-600) TP=227.64 SL=113.82 peak=142.28
08:29:02 | INFO    | ── 13:59:02 | trade=1/4 | active=True | pnl=₹0 ──
08:29:02 | INFO    | MONITOR NIFTY-Jun2026-23950-CE LTP=135.65 PnL=-4.7% (₹-431) TP=227.64 SL=113.82 peak=142.28
08:29:32 | INFO    | ── 13:59:32 | trade=1/4 | active=True | pnl=₹0 ──
08:29:32 | INFO    | MONITOR NIFTY-Jun2026-23950-CE LTP=137.60 PnL=-3.3% (₹-304) TP=227.64 SL=113.82 peak=142.28
08:30:02 | INFO    | ── 14:00:02 | trade=1/4 | active=True | pnl=₹0 ──
08:30:03 | INFO    | SCORE → bull=4 bear=0 | EMA_align_bull | VWAP_reject_bull@23947 | HH_HL_struct | HTF_bull | vol=33167/avg=557977
08:30:03 | INFO    | MOMENTUM refresh score=4 (bull=4 bear=0)
08:30:03 | INFO    | MONITOR NIFTY-Jun2026-23950-CE LTP=139.30 PnL=-2.1% (₹-193) TP=227.64 SL=113.82 peak=142.28
08:30:33 | INFO    | ── 14:00:33 | trade=1/4 | active=True | pnl=₹0 ──
08:30:33 | INFO    | MONITOR NIFTY-Jun2026-23950-CE LTP=139.65 PnL=-1.8% (₹-171) TP=227.64 SL=113.82 peak=142.28
08:31:03 | INFO    | ── 14:01:03 | trade=1/4 | active=True | pnl=₹0 ──
08:31:03 | INFO    | MONITOR NIFTY-Jun2026-23950-CE LTP=139.60 PnL=-1.9% (₹-174) TP=227.64 SL=113.82 peak=142.28
08:31:33 | INFO    | ── 14:01:33 | trade=1/4 | active=True | pnl=₹0 ──
08:31:33 | INFO    | SCORE → bull=2 bear=0 | EMA_align_bull | HTF_bull | vol=351861/avg=587287
08:31:33 | INFO    | MOMENTUM refresh score=2 (bull=2 bear=0)
08:31:33 | INFO    | MONITOR NIFTY-Jun2026-23950-CE LTP=138.50 PnL=-2.7% (₹-245) TP=227.64 SL=113.82 peak=142.28
08:32:03 | INFO    | ── 14:02:03 | trade=1/4 | active=True | pnl=₹0 ──
08:32:03 | INFO    | MONITOR NIFTY-Jun2026-23950-CE LTP=134.05 PnL=-5.8% (₹-535) TP=227.64 SL=113.82 peak=142.28
08:32:33 | INFO    | ── 14:02:33 | trade=1/4 | active=True | pnl=₹0 ──
08:32:34 | INFO    | MONITOR NIFTY-Jun2026-23950-CE LTP=138.90 PnL=-2.4% (₹-219) TP=227.64 SL=113.82 peak=142.28
08:33:04 | INFO    | ── 14:03:04 | trade=1/4 | active=True | pnl=₹0 ──
08:33:04 | INFO    | SCORE → bull=2 bear=0 | EMA_align_bull | HTF_bull | vol=37877/avg=522528
08:33:04 | INFO    | MOMENTUM refresh score=2 (bull=2 bear=0)
08:33:04 | INFO    | MONITOR NIFTY-Jun2026-23950-CE LTP=137.05 PnL=-3.7% (₹-340) TP=227.64 SL=113.82 peak=142.28
08:33:34 | INFO    | ── 14:03:34 | trade=1/4 | active=True | pnl=₹0 ──
08:33:34 | INFO    | MONITOR NIFTY-Jun2026-23950-CE LTP=137.70 PnL=-3.2% (₹-297) TP=227.64 SL=113.82 peak=142.28
08:34:04 | INFO    | ── 14:04:04 | trade=1/4 | active=True | pnl=₹0 ──
08:34:04 | INFO    | MONITOR NIFTY-Jun2026-23950-CE LTP=138.60 PnL=-2.6% (₹-239) TP=227.64 SL=113.82 peak=142.28
08:34:34 | INFO    | ── 14:04:34 | trade=1/4 | active=True | pnl=₹0 ──
08:34:34 | INFO    | SCORE → bull=2 bear=0 | EMA_align_bull | HTF_bull | vol=254271/avg=541960
08:34:34 | INFO    | MOMENTUM refresh score=2 (bull=2 bear=0)
08:34:34 | INFO    | MONITOR NIFTY-Jun2026-23950-CE LTP=138.15 PnL=-2.9% (₹-268) TP=227.64 SL=113.82 peak=142.28
08:35:04 | INFO    | ── 14:05:04 | trade=1/4 | active=True | pnl=₹0 ──
08:35:05 | INFO    | MONITOR NIFTY-Jun2026-23950-CE LTP=146.80 PnL=3.2% (₹294) TP=227.64 SL=113.82 peak=146.80
08:35:35 | INFO    | ── 14:05:35 | trade=1/4 | active=True | pnl=₹0 ──
08:35:35 | INFO    | MONITOR NIFTY-Jun2026-23950-CE LTP=143.30 PnL=0.7% (₹67) TP=227.64 SL=113.82 peak=146.80
08:36:05 | INFO    | ── 14:06:05 | trade=1/4 | active=True | pnl=₹0 ──
08:36:05 | INFO    | SCORE → bull=3 bear=0 | EMA_align_bull | VWAP_reject_bull@23954 | HTF_bull | vol=55073/avg=585431
08:36:05 | INFO    | MOMENTUM refresh score=3 (bull=3 bear=0)
08:36:05 | INFO    | MONITOR NIFTY-Jun2026-23950-CE LTP=146.05 PnL=2.7% (₹245) TP=227.64 SL=113.82 peak=146.80
08:36:35 | INFO    | ── 14:06:35 | trade=1/4 | active=True | pnl=₹0 ──
08:36:35 | INFO    | MONITOR NIFTY-Jun2026-23950-CE LTP=142.55 PnL=0.2% (₹18) TP=227.64 SL=113.82 peak=146.80
08:37:05 | INFO    | ── 14:07:05 | trade=1/4 | active=True | pnl=₹0 ──
08:37:05 | INFO    | MONITOR NIFTY-Jun2026-23950-CE LTP=143.65 PnL=1.0% (₹89) TP=227.64 SL=113.82 peak=146.80
08:37:35 | INFO    | ── 14:07:35 | trade=1/4 | active=True | pnl=₹0 ──
08:37:36 | INFO    | SCORE → bull=2 bear=0 | EMA_align_bull | HTF_bull | vol=404896/avg=635348
08:37:36 | INFO    | MOMENTUM refresh score=2 (bull=2 bear=0)
08:37:36 | INFO    | MONITOR NIFTY-Jun2026-23950-CE LTP=141.90 PnL=-0.3% (₹-24) TP=227.64 SL=113.82 peak=146.80
08:38:06 | INFO    | ── 14:08:06 | trade=1/4 | active=True | pnl=₹0 ──
08:38:06 | INFO    | MONITOR NIFTY-Jun2026-23950-CE LTP=141.55 PnL=-0.5% (₹-47) TP=227.64 SL=113.82 peak=146.80
08:38:36 | INFO    | ── 14:08:36 | trade=1/4 | active=True | pnl=₹0 ──
08:38:36 | INFO    | MONITOR NIFTY-Jun2026-23950-CE LTP=138.55 PnL=-2.6% (₹-242) TP=227.64 SL=113.82 peak=146.80
08:39:06 | INFO    | ── 14:09:06 | trade=1/4 | active=True | pnl=₹0 ──
08:39:06 | INFO    | SCORE → bull=3 bear=0 | EMA_align_bull | VWAP_reject_bull@23958 | HTF_bull | vol=103369/avg=624094
08:39:06 | INFO    | MOMENTUM refresh score=3 (bull=3 bear=0)
08:39:06 | INFO    | MONITOR NIFTY-Jun2026-23950-CE LTP=141.45 PnL=-0.6% (₹-54) TP=227.64 SL=113.82 peak=146.80
08:39:36 | INFO    | ── 14:09:36 | trade=1/4 | active=True | pnl=₹0 ──
08:39:36 | INFO    | MONITOR NIFTY-Jun2026-23950-CE LTP=141.95 PnL=-0.2% (₹-21) TP=227.64 SL=113.82 peak=146.80
08:40:06 | INFO    | ── 14:10:06 | trade=1/4 | active=True | pnl=₹0 ──
08:40:06 | INFO    | MONITOR NIFTY-Jun2026-23950-CE LTP=141.35 PnL=-0.7% (₹-60) TP=227.64 SL=113.82 peak=146.80
08:40:36 | INFO    | ── 14:10:36 | trade=1/4 | active=True | pnl=₹0 ──
08:40:37 | INFO    | SCORE → bull=3 bear=0 | EMA_align_bull | VWAP_reject_bull@23959 | HTF_bull | vol=560307/avg=673995
08:40:37 | INFO    | MOMENTUM refresh score=3 (bull=3 bear=0)
08:40:37 | INFO    | MONITOR NIFTY-Jun2026-23950-CE LTP=140.30 PnL=-1.4% (₹-128) TP=227.64 SL=113.82 peak=146.80
08:41:07 | INFO    | ── 14:11:07 | trade=1/4 | active=True | pnl=₹0 ──
08:41:07 | INFO    | MONITOR NIFTY-Jun2026-23950-CE LTP=141.60 PnL=-0.5% (₹-44) TP=227.64 SL=113.82 peak=146.80
08:41:37 | INFO    | ── 14:11:37 | trade=1/4 | active=True | pnl=₹0 ──
08:41:37 | INFO    | MONITOR NIFTY-Jun2026-23950-CE LTP=144.15 PnL=1.3% (₹122) TP=227.64 SL=113.82 peak=146.80
08:42:07 | INFO    | ── 14:12:07 | trade=1/4 | active=True | pnl=₹0 ──
08:42:07 | INFO    | SCORE → bull=2 bear=0 | EMA_align_bull | HTF_bull | vol=50645/avg=643291
08:42:07 | INFO    | MOMENTUM refresh score=2 (bull=2 bear=0)
08:42:07 | INFO    | MONITOR NIFTY-Jun2026-23950-CE LTP=142.45 PnL=0.1% (₹11) TP=227.64 SL=113.82 peak=146.80
08:42:37 | INFO    | ── 14:12:37 | trade=1/4 | active=True | pnl=₹0 ──
08:42:37 | INFO    | MONITOR NIFTY-Jun2026-23950-CE LTP=142.90 PnL=0.4% (₹41) TP=227.64 SL=113.82 peak=146.80
08:43:07 | INFO    | ── 14:13:07 | trade=1/4 | active=True | pnl=₹0 ──
08:43:07 | INFO    | MONITOR NIFTY-Jun2026-23950-CE LTP=145.85 PnL=2.5% (₹232) TP=227.64 SL=113.82 peak=146.80
08:43:37 | INFO    | ── 14:13:37 | trade=1/4 | active=True | pnl=₹0 ──
08:43:38 | INFO    | SCORE → bull=1 bear=0 | HTF_bull | vol=450895/avg=699211
08:43:38 | INFO    | MOMENTUM refresh score=1 (bull=1 bear=0)
08:43:38 | INFO    | MONITOR NIFTY-Jun2026-23950-CE LTP=139.50 PnL=-2.0% (₹-180) TP=227.64 SL=113.82 peak=146.80
08:44:08 | INFO    | ── 14:14:08 | trade=1/4 | active=True | pnl=₹0 ──
08:44:08 | INFO    | MONITOR NIFTY-Jun2026-23950-CE LTP=150.00 PnL=5.4% (₹502) TP=227.64 SL=113.82 peak=150.00
08:44:38 | INFO    | ── 14:14:38 | trade=1/4 | active=True | pnl=₹0 ──
08:44:38 | INFO    | MONITOR NIFTY-Jun2026-23950-CE LTP=151.20 PnL=6.3% (₹580) TP=227.64 SL=113.82 peak=151.20
08:45:08 | INFO    | THETA KILL 14:15 — force exit @ ₹151.10
08:45:08 | INFO    | ORDER SELL sid=56370 qty=65 → orderId=34226061956010
08:45:08 | INFO    | THETA EXIT — PnL=₹574 | daily=₹574
10:00:08 | INFO    | Market closed. Done.
10:00:08 | INFO    | Final PnL=₹574 trades=1
10:00:08 | INFO    | === DONE ===
04:02:08 | INFO    | ============================================================
04:02:08 | INFO    | EXPIRY SCALPER v2 — 1m entries | TP=+60% SL=-20% | MaxTrades=4
04:02:08 | INFO    | Theta kill 14:15 | Dead zone 12:00–13:00
04:02:08 | INFO    | ============================================================
04:02:08 | INFO    | ── 09:32:08 | trade=0/4 | active=False | pnl=₹0 ──
04:02:10 | INFO    | OR locked: H=24142.50 L=24073.15 range=69.35 pts
04:02:10 | INFO    | Spot=24132.30 | 1m 09:32 C=24134.35 | 1m_bars=18
04:02:10 | INFO    | SCORE → bull=2 bear=0 | EMA_align_bull | HTF_bull | vol=183366/avg=1113337
04:02:10 | INFO    | SIGNAL CE — EMA_align_bull | HTF_bull
04:02:12 | INFO    | ENTER BUY NIFTY-Jun2026-24150-CE @ ₹71.10 lot=65 cost≈₹4622 bal=₹18825
04:02:12 | INFO    | ORDER BUY sid=56380 qty=65 → orderId=23226062223010
04:02:12 | INFO    | ACTIVE NIFTY-Jun2026-24150-CE entry=71.10 TP=113.76 SL=56.88 trade=1/4
04:02:42 | INFO    | ── 09:32:42 | trade=1/4 | active=True | pnl=₹0 ──
04:02:43 | INFO    | MONITOR NIFTY-Jun2026-24150-CE LTP=70.15 PnL=-1.3% (₹-62) TP=113.76 SL=56.88 peak=71.10
04:03:13 | INFO    | ── 09:33:13 | trade=1/4 | active=True | pnl=₹0 ──
04:03:13 | INFO    | MONITOR NIFTY-Jun2026-24150-CE LTP=71.35 PnL=0.4% (₹16) TP=113.76 SL=56.88 peak=71.35
04:03:43 | INFO    | ── 09:33:43 | trade=1/4 | active=True | pnl=₹0 ──
04:03:43 | INFO    | SCORE → bull=1 bear=0 | HTF_bull | vol=523674/avg=1087704
04:03:43 | INFO    | MOMENTUM refresh score=1 (bull=1 bear=0)
04:03:43 | INFO    | MONITOR NIFTY-Jun2026-24150-CE LTP=71.25 PnL=0.2% (₹10) TP=113.76 SL=56.88 peak=71.35
04:04:13 | INFO    | ── 09:34:13 | trade=1/4 | active=True | pnl=₹0 ──
04:04:13 | INFO    | MONITOR NIFTY-Jun2026-24150-CE LTP=72.20 PnL=1.5% (₹72) TP=113.76 SL=56.88 peak=72.20
04:04:43 | INFO    | ── 09:34:43 | trade=1/4 | active=True | pnl=₹0 ──
04:04:43 | INFO    | MONITOR NIFTY-Jun2026-24150-CE LTP=73.40 PnL=3.2% (₹150) TP=113.76 SL=56.88 peak=73.40
04:05:13 | INFO    | ── 09:35:13 | trade=1/4 | active=True | pnl=₹0 ──
04:05:14 | INFO    | SCORE → bull=3 bear=0 | EMA_align_bull | VWAP_reject_bull@24125 | HTF_bull | vol=243480/avg=904759
04:05:14 | INFO    | MOMENTUM refresh score=3 (bull=3 bear=0)
04:05:14 | INFO    | MONITOR NIFTY-Jun2026-24150-CE LTP=73.00 PnL=2.7% (₹124) TP=113.76 SL=56.88 peak=73.40
04:05:44 | INFO    | ── 09:35:44 | trade=1/4 | active=True | pnl=₹0 ──
04:05:44 | WARNING | Rate limited — sleeping 6s (attempt 1)
04:05:50 | INFO    | MONITOR NIFTY-Jun2026-24150-CE LTP=70.05 PnL=-1.5% (₹-68) TP=113.76 SL=56.88 peak=73.40
04:06:20 | INFO    | ── 09:36:20 | trade=1/4 | active=True | pnl=₹0 ──
04:06:20 | INFO    | MONITOR NIFTY-Jun2026-24150-CE LTP=70.75 PnL=-0.5% (₹-23) TP=113.76 SL=56.88 peak=73.40
04:06:50 | INFO    | ── 09:36:50 | trade=1/4 | active=True | pnl=₹0 ──
04:06:50 | INFO    | SCORE → bull=0 bear=2 | VWAP_reject_bear@24125 | HTF_bear | vol=608414/avg=885321
04:06:50 | INFO    | MOMENTUM refresh score=2 (bull=0 bear=2)
04:06:50 | INFO    | MONITOR NIFTY-Jun2026-24150-CE LTP=68.70 PnL=-3.4% (₹-156) TP=113.76 SL=56.88 peak=73.40
04:07:20 | INFO    | ── 09:37:20 | trade=1/4 | active=True | pnl=₹0 ──
04:07:20 | INFO    | MONITOR NIFTY-Jun2026-24150-CE LTP=69.20 PnL=-2.7% (₹-123) TP=113.76 SL=56.88 peak=73.40
04:07:50 | INFO    | ── 09:37:50 | trade=1/4 | active=True | pnl=₹0 ──
04:07:51 | INFO    | MONITOR NIFTY-Jun2026-24150-CE LTP=68.00 PnL=-4.4% (₹-201) TP=113.76 SL=56.88 peak=73.40
04:08:21 | INFO    | ── 09:38:21 | trade=1/4 | active=True | pnl=₹0 ──
04:08:21 | INFO    | SCORE → bull=0 bear=2 | EMA_align_bear | HTF_bear | vol=290180/avg=809246
04:08:21 | INFO    | MOMENTUM refresh score=2 (bull=0 bear=2)
04:08:21 | INFO    | MONITOR NIFTY-Jun2026-24150-CE LTP=66.70 PnL=-6.2% (₹-286) TP=113.76 SL=56.88 peak=73.40
04:08:51 | INFO    | ── 09:38:51 | trade=1/4 | active=True | pnl=₹0 ──
04:08:51 | INFO    | MONITOR NIFTY-Jun2026-24150-CE LTP=65.20 PnL=-8.3% (₹-383) TP=113.76 SL=56.88 peak=73.40
04:09:21 | INFO    | ── 09:39:21 | trade=1/4 | active=True | pnl=₹0 ──
04:09:21 | INFO    | MONITOR NIFTY-Jun2026-24150-CE LTP=67.50 PnL=-5.1% (₹-234) TP=113.76 SL=56.88 peak=73.40
04:09:51 | INFO    | ── 09:39:51 | trade=1/4 | active=True | pnl=₹0 ──
04:09:51 | INFO    | SCORE → bull=1 bear=1 | VWAP_reject_bull@24125 | HTF_bear | vol=686619/avg=844445
04:09:51 | INFO    | MOMENTUM refresh score=1 (bull=1 bear=1)
04:09:51 | INFO    | MONITOR NIFTY-Jun2026-24150-CE LTP=70.25 PnL=-1.2% (₹-55) TP=113.76 SL=56.88 peak=73.40
04:10:21 | INFO    | ── 09:40:21 | trade=1/4 | active=True | pnl=₹0 ──
04:10:22 | INFO    | MONITOR NIFTY-Jun2026-24150-CE LTP=69.15 PnL=-2.7% (₹-127) TP=113.76 SL=56.88 peak=73.40
04:10:52 | INFO    | ── 09:40:52 | trade=1/4 | active=True | pnl=₹0 ──
04:10:52 | INFO    | MONITOR NIFTY-Jun2026-24150-CE LTP=69.05 PnL=-2.9% (₹-133) TP=113.76 SL=56.88 peak=73.40
04:11:22 | INFO    | ── 09:41:22 | trade=1/4 | active=True | pnl=₹0 ──
04:11:22 | INFO    | SCORE → bull=0 bear=3 | EMA_align_bear | VWAP_reject_bear@24125 | HTF_bear | vol=227917/avg=752687
04:11:22 | INFO    | MOMENTUM refresh score=3 (bull=0 bear=3)
04:11:22 | INFO    | MONITOR NIFTY-Jun2026-24150-CE LTP=68.00 PnL=-4.4% (₹-201) TP=113.76 SL=56.88 peak=73.40
04:11:52 | INFO    | ── 09:41:52 | trade=1/4 | active=True | pnl=₹0 ──
04:11:52 | INFO    | MONITOR NIFTY-Jun2026-24150-CE LTP=67.80 PnL=-4.6% (₹-214) TP=113.76 SL=56.88 peak=73.40
04:12:22 | INFO    | ── 09:42:22 | trade=1/4 | active=True | pnl=₹0 ──
04:12:22 | INFO    | MONITOR NIFTY-Jun2026-24150-CE LTP=66.00 PnL=-7.2% (₹-331) TP=113.76 SL=56.88 peak=73.40
04:12:52 | INFO    | ── 09:42:52 | trade=1/4 | active=True | pnl=₹0 ──
04:12:53 | INFO    | SCORE → bull=0 bear=3 | EMA_align_bear | VWAP_reject_bear@24125 | HTF_bear | vol=491444/avg=754237
04:12:53 | INFO    | MOMENTUM refresh score=3 (bull=0 bear=3)
04:12:53 | INFO    | MONITOR NIFTY-Jun2026-24150-CE LTP=66.20 PnL=-6.9% (₹-318) TP=113.76 SL=56.88 peak=73.40
04:13:23 | INFO    | ── 09:43:23 | trade=1/4 | active=True | pnl=₹0 ──
04:13:23 | INFO    | MONITOR NIFTY-Jun2026-24150-CE LTP=65.50 PnL=-7.9% (₹-364) TP=113.76 SL=56.88 peak=73.40
04:13:53 | INFO    | ── 09:43:53 | trade=1/4 | active=True | pnl=₹0 ──
04:13:53 | INFO    | MONITOR NIFTY-Jun2026-24150-CE LTP=63.40 PnL=-10.8% (₹-500) TP=113.76 SL=56.88 peak=73.40
04:14:23 | INFO    | ── 09:44:23 | trade=1/4 | active=True | pnl=₹0 ──
04:14:23 | INFO    | SCORE → bull=0 bear=2 | EMA_align_bear | HTF_bear | vol=315929/avg=731193
04:14:23 | INFO    | MOMENTUM refresh score=2 (bull=0 bear=2)
04:14:23 | INFO    | MONITOR NIFTY-Jun2026-24150-CE LTP=65.15 PnL=-8.4% (₹-387) TP=113.76 SL=56.88 peak=73.40
04:14:53 | INFO    | ── 09:44:53 | trade=1/4 | active=True | pnl=₹0 ──
04:14:53 | INFO    | MONITOR NIFTY-Jun2026-24150-CE LTP=63.20 PnL=-11.1% (₹-513) TP=113.76 SL=56.88 peak=73.40
04:15:23 | INFO    | ── 09:45:23 | trade=1/4 | active=True | pnl=₹0 ──
04:15:23 | WARNING | Rate limited — sleeping 6s (attempt 1)
04:15:30 | INFO    | MONITOR NIFTY-Jun2026-24150-CE LTP=62.50 PnL=-12.1% (₹-559) TP=113.76 SL=56.88 peak=73.40
04:16:00 | INFO    | ── 09:46:00 | trade=1/4 | active=True | pnl=₹0 ──
04:16:00 | INFO    | SCORE → bull=0 bear=2 | EMA_align_bear | HTF_bear | vol=0/avg=695094
04:16:00 | INFO    | MOMENTUM refresh score=2 (bull=0 bear=2)
04:16:00 | INFO    | MONITOR NIFTY-Jun2026-24150-CE LTP=63.00 PnL=-11.4% (₹-526) TP=113.76 SL=56.88 peak=73.40
04:16:30 | INFO    | ── 09:46:30 | trade=1/4 | active=True | pnl=₹0 ──
04:16:30 | INFO    | MONITOR NIFTY-Jun2026-24150-CE LTP=63.40 PnL=-10.8% (₹-500) TP=113.76 SL=56.88 peak=73.40
04:17:00 | INFO    | ── 09:47:00 | trade=1/4 | active=True | pnl=₹0 ──
04:17:00 | INFO    | MONITOR NIFTY-Jun2026-24150-CE LTP=63.55 PnL=-10.6% (₹-491) TP=113.76 SL=56.88 peak=73.40
04:17:30 | INFO    | ── 09:47:30 | trade=1/4 | active=True | pnl=₹0 ──
04:17:30 | INFO    | SCORE → bull=0 bear=3 | EMA_align_bear | VWAP_reject_bear@24127 | HTF_bear | vol=273742/avg=704755
04:17:30 | INFO    | MOMENTUM refresh score=3 (bull=0 bear=3)
04:17:30 | INFO    | MONITOR NIFTY-Jun2026-24150-CE LTP=61.95 PnL=-12.9% (₹-595) TP=113.76 SL=56.88 peak=73.40
04:18:00 | INFO    | ── 09:48:00 | trade=1/4 | active=True | pnl=₹0 ──
04:18:01 | INFO    | MONITOR NIFTY-Jun2026-24150-CE LTP=61.20 PnL=-13.9% (₹-643) TP=113.76 SL=56.88 peak=73.40
04:18:31 | INFO    | ── 09:48:31 | trade=1/4 | active=True | pnl=₹0 ──
04:18:31 | INFO    | MONITOR NIFTY-Jun2026-24150-CE LTP=61.80 PnL=-13.1% (₹-604) TP=113.76 SL=56.88 peak=73.40
04:19:01 | INFO    | ── 09:49:01 | trade=1/4 | active=True | pnl=₹0 ──
04:19:01 | INFO    | SCORE → bull=0 bear=2 | EMA_align_bear | HTF_bear | vol=7097/avg=619235
04:19:01 | INFO    | MOMENTUM refresh score=2 (bull=0 bear=2)
04:19:01 | INFO    | MONITOR NIFTY-Jun2026-24150-CE LTP=61.25 PnL=-13.9% (₹-640) TP=113.76 SL=56.88 peak=73.40
04:19:31 | INFO    | ── 09:49:31 | trade=1/4 | active=True | pnl=₹0 ──
04:19:31 | INFO    | MONITOR NIFTY-Jun2026-24150-CE LTP=61.95 PnL=-12.9% (₹-595) TP=113.76 SL=56.88 peak=73.40
04:20:01 | INFO    | ── 09:50:01 | trade=1/4 | active=True | pnl=₹0 ──
04:20:01 | INFO    | MONITOR NIFTY-Jun2026-24150-CE LTP=62.45 PnL=-12.2% (₹-562) TP=113.76 SL=56.88 peak=73.40
04:20:31 | INFO    | ── 09:50:31 | trade=1/4 | active=True | pnl=₹0 ──
04:20:32 | INFO    | SCORE → bull=0 bear=1 | HTF_bear | vol=309581/avg=636172
04:20:32 | INFO    | MOMENTUM refresh score=1 (bull=0 bear=1)
04:20:32 | INFO    | MONITOR NIFTY-Jun2026-24150-CE LTP=66.10 PnL=-7.0% (₹-325) TP=113.76 SL=56.88 peak=73.40
04:21:02 | INFO    | ── 09:51:02 | trade=1/4 | active=True | pnl=₹0 ──
04:21:02 | INFO    | MONITOR NIFTY-Jun2026-24150-CE LTP=65.25 PnL=-8.2% (₹-380) TP=113.76 SL=56.88 peak=73.40
04:21:32 | INFO    | ── 09:51:32 | trade=1/4 | active=True | pnl=₹0 ──
04:21:32 | INFO    | MONITOR NIFTY-Jun2026-24150-CE LTP=65.45 PnL=-7.9% (₹-367) TP=113.76 SL=56.88 peak=73.40
04:22:02 | INFO    | ── 09:52:02 | trade=1/4 | active=True | pnl=₹0 ──
04:22:02 | INFO    | SCORE → bull=0 bear=1 | HTF_bear | vol=17147/avg=644428
04:22:02 | INFO    | MOMENTUM refresh score=1 (bull=0 bear=1)
04:22:02 | INFO    | MONITOR NIFTY-Jun2026-24150-CE LTP=65.15 PnL=-8.4% (₹-387) TP=113.76 SL=56.88 peak=73.40
04:22:32 | INFO    | ── 09:52:32 | trade=1/4 | active=True | pnl=₹0 ──
04:22:32 | INFO    | MONITOR NIFTY-Jun2026-24150-CE LTP=64.80 PnL=-8.9% (₹-409) TP=113.76 SL=56.88 peak=73.40
04:23:02 | INFO    | ── 09:53:02 | trade=1/4 | active=True | pnl=₹0 ──
04:23:02 | INFO    | MONITOR NIFTY-Jun2026-24150-CE LTP=64.30 PnL=-9.6% (₹-442) TP=113.76 SL=56.88 peak=73.40
04:23:32 | INFO    | ── 09:53:32 | trade=1/4 | active=True | pnl=₹0 ──
04:23:33 | INFO    | SCORE → bull=1 bear=2 | VWAP_reject_bear@24125 | HH_HL_struct | HTF_bear | vol=444362/avg=677978
04:23:33 | INFO    | MOMENTUM refresh score=2 (bull=1 bear=2)
04:23:33 | INFO    | MONITOR NIFTY-Jun2026-24150-CE LTP=65.05 PnL=-8.5% (₹-393) TP=113.76 SL=56.88 peak=73.40
04:24:03 | INFO    | ── 09:54:03 | trade=1/4 | active=True | pnl=₹0 ──
04:24:03 | INFO    | MONITOR NIFTY-Jun2026-24150-CE LTP=67.40 PnL=-5.2% (₹-240) TP=113.76 SL=56.88 peak=73.40
04:24:33 | INFO    | ── 09:54:33 | trade=1/4 | active=True | pnl=₹0 ──
04:24:33 | INFO    | MONITOR NIFTY-Jun2026-24150-CE LTP=66.80 PnL=-6.0% (₹-279) TP=113.76 SL=56.88 peak=73.40
04:25:03 | INFO    | ── 09:55:03 | trade=1/4 | active=True | pnl=₹0 ──
04:25:03 | WARNING | Rate limited — sleeping 6s (attempt 1)
04:25:10 | INFO    | SCORE → bull=1 bear=0 | HTF_bull | vol=67443/avg=678644
04:25:10 | INFO    | MOMENTUM refresh score=1 (bull=1 bear=0)
04:25:10 | INFO    | MONITOR NIFTY-Jun2026-24150-CE LTP=67.50 PnL=-5.1% (₹-234) TP=113.76 SL=56.88 peak=73.40
04:25:40 | INFO    | ── 09:55:40 | trade=1/4 | active=True | pnl=₹0 ──
04:25:40 | INFO    | MONITOR NIFTY-Jun2026-24150-CE LTP=66.20 PnL=-6.9% (₹-318) TP=113.76 SL=56.88 peak=73.40
04:26:10 | INFO    | ── 09:56:10 | trade=1/4 | active=True | pnl=₹0 ──
04:26:10 | INFO    | MONITOR NIFTY-Jun2026-24150-CE LTP=68.40 PnL=-3.8% (₹-175) TP=113.76 SL=56.88 peak=73.40
04:26:40 | INFO    | ── 09:56:40 | trade=1/4 | active=True | pnl=₹0 ──
04:26:40 | INFO    | SCORE → bull=4 bear=0 | EMA_cross_bull | VWAP_reject_bull@24123 | HTF_bull | vol=713853/avg=738989
04:26:40 | INFO    | MOMENTUM refresh score=4 (bull=4 bear=0)
04:26:40 | INFO    | MONITOR NIFTY-Jun2026-24150-CE LTP=69.75 PnL=-1.9% (₹-88) TP=113.76 SL=56.88 peak=73.40
04:27:10 | INFO    | ── 09:57:10 | trade=1/4 | active=True | pnl=₹0 ──
04:27:10 | INFO    | MONITOR NIFTY-Jun2026-24150-CE LTP=70.30 PnL=-1.1% (₹-52) TP=113.76 SL=56.88 peak=73.40
04:27:40 | INFO    | ── 09:57:40 | trade=1/4 | active=True | pnl=₹0 ──
04:27:40 | INFO    | MONITOR NIFTY-Jun2026-24150-CE LTP=69.95 PnL=-1.6% (₹-75) TP=113.76 SL=56.88 peak=73.40
04:28:10 | INFO    | ── 09:58:10 | trade=1/4 | active=True | pnl=₹0 ──
04:28:11 | INFO    | SCORE → bull=2 bear=0 | EMA_align_bull | HTF_bull | vol=191366/avg=735006
04:28:11 | INFO    | MOMENTUM refresh score=2 (bull=2 bear=0)
04:28:11 | INFO    | MONITOR NIFTY-Jun2026-24150-CE LTP=68.15 PnL=-4.1% (₹-192) TP=113.76 SL=56.88 peak=73.40
04:28:41 | INFO    | ── 09:58:41 | trade=1/4 | active=True | pnl=₹0 ──
04:28:41 | INFO    | MONITOR NIFTY-Jun2026-24150-CE LTP=69.80 PnL=-1.8% (₹-84) TP=113.76 SL=56.88 peak=73.40
04:29:11 | INFO    | ── 09:59:11 | trade=1/4 | active=True | pnl=₹0 ──
04:29:11 | INFO    | MONITOR NIFTY-Jun2026-24150-CE LTP=70.40 PnL=-1.0% (₹-45) TP=113.76 SL=56.88 peak=73.40
04:29:41 | INFO    | ── 09:59:41 | trade=1/4 | active=True | pnl=₹0 ──
04:29:41 | INFO    | SCORE → bull=4 bear=0 | EMA_align_bull | VWAP_reject_bull@24124 | HH_HL_struct | HTF_bull | vol=636613/avg=812533
04:29:41 | INFO    | MOMENTUM refresh score=4 (bull=4 bear=0)
04:29:41 | INFO    | MONITOR NIFTY-Jun2026-24150-CE LTP=71.25 PnL=0.2% (₹10) TP=113.76 SL=56.88 peak=73.40
04:30:11 | INFO    | ── 10:00:11 | trade=1/4 | active=True | pnl=₹0 ──
04:30:11 | INFO    | MONITOR NIFTY-Jun2026-24150-CE LTP=71.25 PnL=0.2% (₹10) TP=113.76 SL=56.88 peak=73.40
04:30:41 | INFO    | ── 10:00:41 | trade=1/4 | active=True | pnl=₹0 ──
04:30:41 | INFO    | MONITOR NIFTY-Jun2026-24150-CE LTP=72.10 PnL=1.4% (₹65) TP=113.76 SL=56.88 peak=73.40
04:31:11 | INFO    | ── 10:01:11 | trade=1/4 | active=True | pnl=₹0 ──
04:31:12 | INFO    | SCORE → bull=3 bear=0 | EMA_align_bull | HH_HL_struct | HTF_bull | vol=148636/avg=760860
04:31:12 | INFO    | MOMENTUM refresh score=3 (bull=3 bear=0)
04:31:12 | INFO    | MONITOR NIFTY-Jun2026-24150-CE LTP=70.60 PnL=-0.7% (₹-32) TP=113.76 SL=56.88 peak=73.40
04:31:42 | INFO    | ── 10:01:42 | trade=1/4 | active=True | pnl=₹0 ──
04:31:42 | INFO    | MONITOR NIFTY-Jun2026-24150-CE LTP=70.90 PnL=-0.3% (₹-13) TP=113.76 SL=56.88 peak=73.40
04:32:12 | INFO    | ── 10:02:12 | trade=1/4 | active=True | pnl=₹0 ──
04:32:12 | INFO    | MONITOR NIFTY-Jun2026-24150-CE LTP=70.30 PnL=-1.1% (₹-52) TP=113.76 SL=56.88 peak=73.40
04:32:42 | INFO    | ── 10:02:42 | trade=1/4 | active=True | pnl=₹0 ──
04:32:42 | INFO    | SCORE → bull=2 bear=0 | EMA_align_bull | HTF_bull | vol=562182/avg=786312
04:32:42 | INFO    | MOMENTUM refresh score=2 (bull=2 bear=0)
04:32:42 | INFO    | MONITOR NIFTY-Jun2026-24150-CE LTP=70.35 PnL=-1.1% (₹-49) TP=113.76 SL=56.88 peak=73.40
04:33:12 | INFO    | ── 10:03:12 | trade=1/4 | active=True | pnl=₹0 ──
04:33:13 | INFO    | MONITOR NIFTY-Jun2026-24150-CE LTP=70.40 PnL=-1.0% (₹-45) TP=113.76 SL=56.88 peak=73.40
04:33:43 | INFO    | ── 10:03:43 | trade=1/4 | active=True | pnl=₹0 ──
04:33:43 | INFO    | MONITOR NIFTY-Jun2026-24150-CE LTP=69.50 PnL=-2.3% (₹-104) TP=113.76 SL=56.88 peak=73.40
04:34:13 | INFO    | ── 10:04:13 | trade=1/4 | active=True | pnl=₹0 ──
04:34:13 | INFO    | SCORE → bull=2 bear=0 | EMA_align_bull | HTF_bull | vol=175684/avg=740402
04:34:13 | INFO    | MOMENTUM refresh score=2 (bull=2 bear=0)
04:34:13 | INFO    | MONITOR NIFTY-Jun2026-24150-CE LTP=69.10 PnL=-2.8% (₹-130) TP=113.76 SL=56.88 peak=73.40
04:34:43 | INFO    | ── 10:04:43 | trade=1/4 | active=True | pnl=₹0 ──
04:34:43 | WARNING | Rate limited — sleeping 6s (attempt 1)
04:34:49 | INFO    | MONITOR NIFTY-Jun2026-24150-CE LTP=67.80 PnL=-4.6% (₹-214) TP=113.76 SL=56.88 peak=73.40
04:35:19 | INFO    | ── 10:05:19 | trade=1/4 | active=True | pnl=₹0 ──
04:35:19 | INFO    | MONITOR NIFTY-Jun2026-24150-CE LTP=64.85 PnL=-8.8% (₹-406) TP=113.76 SL=56.88 peak=73.40
04:35:49 | INFO    | ── 10:05:49 | trade=1/4 | active=True | pnl=₹0 ──
04:35:50 | INFO    | SCORE → bull=1 bear=1 | LH_LL_struct | HTF_bull | vol=555048/avg=770619
04:35:50 | INFO    | MOMENTUM refresh score=1 (bull=1 bear=1)
04:35:50 | INFO    | MONITOR NIFTY-Jun2026-24150-CE LTP=66.95 PnL=-5.8% (₹-270) TP=113.76 SL=56.88 peak=73.40
04:36:20 | INFO    | ── 10:06:20 | trade=1/4 | active=True | pnl=₹0 ──
04:36:20 | INFO    | MONITOR NIFTY-Jun2026-24150-CE LTP=66.90 PnL=-5.9% (₹-273) TP=113.76 SL=56.88 peak=73.40
04:36:50 | INFO    | ── 10:06:50 | trade=1/4 | active=True | pnl=₹0 ──
04:36:50 | INFO    | MONITOR NIFTY-Jun2026-24150-CE LTP=68.75 PnL=-3.3% (₹-153) TP=113.76 SL=56.88 peak=73.40
04:37:20 | INFO    | ── 10:07:20 | trade=1/4 | active=True | pnl=₹0 ──
04:37:20 | INFO    | SCORE → bull=5 bear=0 | EMA_align_bull | ORB_bull_break>24142 | VWAP_reject_bull@24126 | HTF_bull | vol=136744/avg=687266
04:37:20 | INFO    | MOMENTUM refresh score=5 (bull=5 bear=0)
04:37:20 | INFO    | MONITOR NIFTY-Jun2026-24150-CE LTP=70.40 PnL=-1.0% (₹-45) TP=113.76 SL=56.88 peak=73.40
04:37:50 | INFO    | ── 10:07:50 | trade=1/4 | active=True | pnl=₹0 ──
04:37:50 | INFO    | MONITOR NIFTY-Jun2026-24150-CE LTP=69.10 PnL=-2.8% (₹-130) TP=113.76 SL=56.88 peak=73.40
04:38:20 | INFO    | ── 10:08:20 | trade=1/4 | active=True | pnl=₹0 ──
04:38:20 | INFO    | MONITOR NIFTY-Jun2026-24150-CE LTP=70.80 PnL=-0.4% (₹-19) TP=113.76 SL=56.88 peak=73.40
04:38:50 | INFO    | ── 10:08:50 | trade=1/4 | active=True | pnl=₹0 ──
04:38:51 | INFO    | SCORE → bull=5 bear=0 | EMA_align_bull | ORB_bull_break>24142 | VWAP_reject_bull@24127 | HTF_bull | vol=560268/avg=709818
04:38:51 | INFO    | MOMENTUM refresh score=5 (bull=5 bear=0)
04:38:51 | INFO    | MONITOR NIFTY-Jun2026-24150-CE LTP=70.70 PnL=-0.6% (₹-26) TP=113.76 SL=56.88 peak=73.40
04:39:21 | INFO    | ── 10:09:21 | trade=1/4 | active=True | pnl=₹0 ──
04:39:21 | INFO    | MONITOR NIFTY-Jun2026-24150-CE LTP=72.00 PnL=1.3% (₹59) TP=113.76 SL=56.88 peak=73.40
04:39:51 | INFO    | ── 10:09:51 | trade=1/4 | active=True | pnl=₹0 ──
04:39:51 | INFO    | MONITOR NIFTY-Jun2026-24150-CE LTP=74.80 PnL=5.2% (₹241) TP=113.76 SL=56.88 peak=74.80
04:40:21 | INFO    | ── 10:10:21 | trade=1/4 | active=True | pnl=₹0 ──
04:40:21 | INFO    | SCORE → bull=5 bear=0 | EMA_align_bull | ORB_above | VWAP_reject_bull@24129 | HH_HL_struct | HTF_bull | vol=370499/avg=678141
04:40:21 | INFO    | MOMENTUM refresh score=5 (bull=5 bear=0)
04:40:21 | INFO    | MONITOR NIFTY-Jun2026-24150-CE LTP=77.50 PnL=9.0% (₹416) TP=113.76 SL=56.88 peak=77.50
04:40:51 | INFO    | ── 10:10:51 | trade=1/4 | active=True | pnl=₹0 ──
04:40:51 | INFO    | MONITOR NIFTY-Jun2026-24150-CE LTP=76.85 PnL=8.1% (₹374) TP=113.76 SL=56.88 peak=77.50
04:41:21 | INFO    | ── 10:11:21 | trade=1/4 | active=True | pnl=₹0 ──
04:41:22 | INFO    | MONITOR NIFTY-Jun2026-24150-CE LTP=72.65 PnL=2.2% (₹101) TP=113.76 SL=56.88 peak=77.50
04:41:52 | INFO    | ── 10:11:52 | trade=1/4 | active=True | pnl=₹0 ──
04:41:52 | INFO    | SCORE → bull=2 bear=0 | EMA_align_bull | HTF_bull | vol=538057/avg=721614
04:41:52 | INFO    | MOMENTUM refresh score=2 (bull=2 bear=0)
04:41:52 | INFO    | MONITOR NIFTY-Jun2026-24150-CE LTP=73.50 PnL=3.4% (₹156) TP=113.76 SL=56.88 peak=77.50
04:42:22 | INFO    | ── 10:12:22 | trade=1/4 | active=True | pnl=₹0 ──
04:42:22 | INFO    | MONITOR NIFTY-Jun2026-24150-CE LTP=72.90 PnL=2.5% (₹117) TP=113.76 SL=56.88 peak=77.50
04:42:52 | INFO    | ── 10:12:52 | trade=1/4 | active=True | pnl=₹0 ──
04:42:52 | INFO    | MONITOR NIFTY-Jun2026-24150-CE LTP=73.75 PnL=3.7% (₹172) TP=113.76 SL=56.88 peak=77.50
04:43:22 | INFO    | ── 10:13:22 | trade=1/4 | active=True | pnl=₹0 ──
04:43:22 | INFO    | SCORE → bull=2 bear=0 | EMA_align_bull | HTF_bull | vol=204858/avg=624168
04:43:22 | INFO    | MOMENTUM refresh score=2 (bull=2 bear=0)
04:43:22 | INFO    | MONITOR NIFTY-Jun2026-24150-CE LTP=71.70 PnL=0.8% (₹39) TP=113.76 SL=56.88 peak=77.50
04:43:52 | INFO    | ── 10:13:52 | trade=1/4 | active=True | pnl=₹0 ──
04:43:53 | INFO    | MONITOR NIFTY-Jun2026-24150-CE LTP=73.75 PnL=3.7% (₹172) TP=113.76 SL=56.88 peak=77.50
04:44:23 | INFO    | ── 10:14:23 | trade=1/4 | active=True | pnl=₹0 ──
04:44:23 | WARNING | Rate limited — sleeping 6s (attempt 1)
04:44:29 | INFO    | MONITOR NIFTY-Jun2026-24150-CE LTP=73.75 PnL=3.7% (₹172) TP=113.76 SL=56.88 peak=77.50
04:44:59 | INFO    | ── 10:14:59 | trade=1/4 | active=True | pnl=₹0 ──
04:44:59 | INFO    | SCORE → bull=4 bear=0 | EMA_align_bull | ORB_above | VWAP_reject_bull@24133 | HTF_bull | vol=642701/avg=656994
04:44:59 | INFO    | MOMENTUM refresh score=4 (bull=4 bear=0)
04:44:59 | INFO    | MONITOR NIFTY-Jun2026-24150-CE LTP=74.15 PnL=4.3% (₹198) TP=113.76 SL=56.88 peak=77.50
04:45:29 | INFO    | ── 10:15:29 | trade=1/4 | active=True | pnl=₹0 ──
04:45:29 | INFO    | MONITOR NIFTY-Jun2026-24150-CE LTP=74.25 PnL=4.4% (₹205) TP=113.76 SL=56.88 peak=77.50
04:45:59 | INFO    | ── 10:15:59 | trade=1/4 | active=True | pnl=₹0 ──
04:45:59 | INFO    | MONITOR NIFTY-Jun2026-24150-CE LTP=73.85 PnL=3.9% (₹179) TP=113.76 SL=56.88 peak=77.50
04:46:29 | INFO    | ── 10:16:29 | trade=1/4 | active=True | pnl=₹0 ──
04:46:30 | INFO    | SCORE → bull=2 bear=0 | EMA_align_bull | HTF_bull | vol=264548/avg=651384
04:46:30 | INFO    | MOMENTUM refresh score=2 (bull=2 bear=0)
04:46:30 | INFO    | MONITOR NIFTY-Jun2026-24150-CE LTP=73.90 PnL=3.9% (₹182) TP=113.76 SL=56.88 peak=77.50
04:47:00 | INFO    | ── 10:17:00 | trade=1/4 | active=True | pnl=₹0 ──
04:47:00 | INFO    | MONITOR NIFTY-Jun2026-24150-CE LTP=75.15 PnL=5.7% (₹263) TP=113.76 SL=56.88 peak=77.50
04:47:30 | INFO    | ── 10:17:30 | trade=1/4 | active=True | pnl=₹0 ──
04:47:30 | INFO    | MONITOR NIFTY-Jun2026-24150-CE LTP=75.20 PnL=5.8% (₹267) TP=113.76 SL=56.88 peak=77.50
04:48:00 | INFO    | ── 10:18:00 | trade=1/4 | active=True | pnl=₹0 ──
04:48:00 | INFO    | SCORE → bull=4 bear=0 | EMA_align_bull | ORB_above | VWAP_reject_bull@24138 | HTF_bull | vol=0/avg=606896
04:48:00 | INFO    | MOMENTUM refresh score=4 (bull=4 bear=0)
04:48:00 | INFO    | MONITOR NIFTY-Jun2026-24150-CE LTP=75.50 PnL=6.2% (₹286) TP=113.76 SL=56.88 peak=77.50
04:48:30 | INFO    | ── 10:18:30 | trade=1/4 | active=True | pnl=₹0 ──
04:48:30 | INFO    | MONITOR NIFTY-Jun2026-24150-CE LTP=74.40 PnL=4.6% (₹215) TP=113.76 SL=56.88 peak=77.50
04:49:00 | INFO    | ── 10:19:00 | trade=1/4 | active=True | pnl=₹0 ──
04:49:01 | INFO    | MONITOR NIFTY-Jun2026-24150-CE LTP=73.00 PnL=2.7% (₹124) TP=113.76 SL=56.88 peak=77.50
04:49:31 | INFO    | ── 10:19:31 | trade=1/4 | active=True | pnl=₹0 ──
04:49:31 | INFO    | SCORE → bull=4 bear=0 | EMA_align_bull | ORB_above | VWAP_reject_bull@24139 | HTF_bull | vol=260418/avg=620824
04:49:31 | INFO    | MOMENTUM refresh score=4 (bull=4 bear=0)
04:49:31 | INFO    | MONITOR NIFTY-Jun2026-24150-CE LTP=74.60 PnL=4.9% (₹228) TP=113.76 SL=56.88 peak=77.50
04:50:01 | INFO    | ── 10:20:01 | trade=1/4 | active=True | pnl=₹0 ──
04:50:01 | INFO    | MONITOR NIFTY-Jun2026-24150-CE LTP=74.25 PnL=4.4% (₹205) TP=113.76 SL=56.88 peak=77.50
04:50:31 | INFO    | ── 10:20:31 | trade=1/4 | active=True | pnl=₹0 ──
04:50:31 | INFO    | MONITOR NIFTY-Jun2026-24150-CE LTP=74.95 PnL=5.4% (₹250) TP=113.76 SL=56.88 peak=77.50
04:51:01 | INFO    | ── 10:21:01 | trade=1/4 | active=True | pnl=₹0 ──
04:51:01 | INFO    | SCORE → bull=4 bear=0 | EMA_align_bull | ORB_above | VWAP_reject_bull@24142 | HTF_bull | vol=22717/avg=575017
04:51:01 | INFO    | MOMENTUM refresh score=4 (bull=4 bear=0)
04:51:01 | INFO    | MONITOR NIFTY-Jun2026-24150-CE LTP=74.80 PnL=5.2% (₹241) TP=113.76 SL=56.88 peak=77.50
07:53:18 | INFO    | ============================================================
07:53:18 | INFO    | EXPIRY SCALPER v2 — 1m entries | TP=+60% SL=-20% | MaxTrades=4
07:53:18 | INFO    | Theta kill 14:15 | Dead zone 12:00–13:00
07:53:18 | INFO    | ============================================================
07:53:18 | INFO    | ── 07:53:18 | trade=0/4 | active=False | pnl=₹0 ──
07:53:20 | WARNING | Bad data spot=0.00 1m=0
09:19:10 | INFO    | ============================================================
09:19:10 | INFO    | EXPIRY SCALPER v2 — 1m entries | TP=+60% SL=-20% | MaxTrades=4
09:19:10 | INFO    | Theta kill 14:15 | Dead zone 12:00–13:00
09:19:10 | INFO    | ============================================================
09:19:10 | INFO    | ── 09:19:10 | trade=0/4 | active=False | pnl=₹0 ──
09:19:12 | INFO    | OR locked: H=24081.70 L=24040.05 range=41.65 pts
09:19:12 | INFO    | Spot=24073.15 | 1m 09:19 C=24071.80 | 1m_bars=5
09:19:12 | INFO    | Outside window
09:19:42 | INFO    | ── 09:19:42 | trade=0/4 | active=False | pnl=₹0 ──
09:19:45 | INFO    | Spot=24077.65 | 1m 09:19 C=24075.65 | 1m_bars=5
09:19:45 | INFO    | Outside window
09:20:15 | INFO    | ── 09:20:15 | trade=0/4 | active=False | pnl=₹0 ──
09:20:17 | INFO    | Spot=24078.40 | 1m 09:20 C=24079.05 | 1m_bars=6
09:20:17 | INFO    | Outside window
09:20:47 | INFO    | ── 09:20:47 | trade=0/4 | active=False | pnl=₹0 ──
09:20:49 | INFO    | Spot=24086.15 | 1m 09:20 C=24086.10 | 1m_bars=6
09:20:49 | INFO    | Outside window
09:21:19 | INFO    | ── 09:21:19 | trade=0/4 | active=False | pnl=₹0 ──
09:21:22 | INFO    | Spot=24093.65 | 1m 09:21 C=24092.25 | 1m_bars=7
09:21:22 | INFO    | Outside window
09:21:52 | INFO    | ── 09:21:52 | trade=0/4 | active=False | pnl=₹0 ──
09:21:54 | INFO    | Spot=24086.15 | 1m 09:21 C=24084.95 | 1m_bars=7
09:21:54 | INFO    | Outside window
09:22:24 | INFO    | ── 09:22:24 | trade=0/4 | active=False | pnl=₹0 ──
09:22:26 | INFO    | Spot=24084.20 | 1m 09:22 C=24084.50 | 1m_bars=8
09:22:26 | INFO    | Outside window
09:22:56 | INFO    | ── 09:22:56 | trade=0/4 | active=False | pnl=₹0 ──
09:22:59 | INFO    | Spot=24083.25 | 1m 09:22 C=24084.45 | 1m_bars=8
09:22:59 | INFO    | Outside window
09:23:29 | INFO    | ── 09:23:29 | trade=0/4 | active=False | pnl=₹0 ──
09:23:31 | INFO    | Spot=24089.55 | 1m 09:23 C=24086.95 | 1m_bars=9
09:23:31 | INFO    | Outside window
09:24:01 | INFO    | ── 09:24:01 | trade=0/4 | active=False | pnl=₹0 ──
09:24:03 | INFO    | Spot=24087.80 | 1m 09:24 C=24089.30 | 1m_bars=10
09:24:03 | INFO    | Outside window
09:24:33 | INFO    | ── 09:24:33 | trade=0/4 | active=False | pnl=₹0 ──
09:24:35 | INFO    | Spot=24089.50 | 1m 09:24 C=24089.90 | 1m_bars=10
09:24:35 | INFO    | Outside window
09:25:05 | INFO    | ── 09:25:05 | trade=0/4 | active=False | pnl=₹0 ──
09:25:08 | INFO    | Spot=24086.30 | 1m 09:25 C=24087.05 | 1m_bars=11
09:25:08 | INFO    | Outside window
09:25:38 | INFO    | ── 09:25:38 | trade=0/4 | active=False | pnl=₹0 ──
09:25:40 | INFO    | Spot=24084.55 | 1m 09:25 C=24084.15 | 1m_bars=11
09:25:40 | INFO    | Outside window
09:26:10 | INFO    | ── 09:26:10 | trade=0/4 | active=False | pnl=₹0 ──
09:26:12 | INFO    | Spot=24088.55 | 1m 09:26 C=24089.45 | 1m_bars=12
09:26:12 | INFO    | Outside window
09:26:42 | INFO    | ── 09:26:42 | trade=0/4 | active=False | pnl=₹0 ──
09:26:45 | INFO    | Spot=24082.30 | 1m 09:26 C=24081.95 | 1m_bars=12
09:26:45 | INFO    | Outside window
09:27:15 | INFO    | ── 09:27:15 | trade=0/4 | active=False | pnl=₹0 ──
09:27:17 | INFO    | Spot=24087.00 | 1m 09:27 C=24085.80 | 1m_bars=13
09:27:17 | INFO    | Outside window
09:27:47 | INFO    | ── 09:27:47 | trade=0/4 | active=False | pnl=₹0 ──
09:27:49 | INFO    | Spot=24088.15 | 1m 09:27 C=24087.35 | 1m_bars=13
09:27:49 | INFO    | Outside window
09:28:19 | INFO    | ── 09:28:19 | trade=0/4 | active=False | pnl=₹0 ──
09:28:21 | INFO    | Spot=24090.85 | 1m 09:28 C=24090.60 | 1m_bars=14
09:28:21 | INFO    | Outside window
09:28:51 | INFO    | ── 09:28:51 | trade=0/4 | active=False | pnl=₹0 ──
09:28:54 | INFO    | Spot=24088.40 | 1m 09:28 C=24088.35 | 1m_bars=14
09:28:54 | INFO    | Outside window
09:29:24 | INFO    | ── 09:29:24 | trade=0/4 | active=False | pnl=₹0 ──
09:29:26 | INFO    | Spot=24086.20 | 1m 09:29 C=24084.55 | 1m_bars=15
09:29:26 | INFO    | Outside window
09:29:56 | INFO    | ── 09:29:56 | trade=0/4 | active=False | pnl=₹0 ──
09:29:58 | INFO    | Spot=24088.80 | 1m 09:29 C=24087.45 | 1m_bars=15
09:29:58 | INFO    | Outside window
09:30:28 | INFO    | ── 09:30:28 | trade=0/4 | active=False | pnl=₹0 ──
09:30:31 | INFO    | Spot=24090.65 | 1m 09:30 C=24091.40 | 1m_bars=16
09:30:31 | INFO    | SCORE → bull=4 bear=0 | EMA_align_bull | ORB_above | VWAP_reject_bull@24072 | HTF_bull | vol=462258/avg=1059829
09:30:31 | INFO    | SIGNAL CE — EMA_align_bull | ORB_above | VWAP_reject_bull@24072 | HTF_bull
09:30:33 | INFO    | ENTER BUY NIFTY-Jun2026-24100-CE @ ₹35.40 lot=65 cost≈₹2301 bal=₹21504
09:30:33 | INFO    | ORDER BUY sid=56376 qty=65 → orderId=34226062314910
09:30:33 | INFO    | ACTIVE NIFTY-Jun2026-24100-CE entry=35.40 TP=56.64 SL=28.32 trade=1/4
09:31:03 | INFO    | ── 09:31:03 | trade=1/4 | active=True | pnl=₹0 ──
09:31:03 | INFO    | MONITOR NIFTY-Jun2026-24100-CE LTP=37.90 PnL=7.1% (₹162) TP=56.64 SL=28.32 peak=37.90
09:31:33 | INFO    | ── 09:31:33 | trade=1/4 | active=True | pnl=₹0 ──
09:31:33 | INFO    | MONITOR NIFTY-Jun2026-24100-CE LTP=37.40 PnL=5.6% (₹130) TP=56.64 SL=28.32 peak=37.90
09:32:03 | INFO    | ── 09:32:03 | trade=1/4 | active=True | pnl=₹0 ──
09:32:04 | INFO    | SCORE → bull=2 bear=0 | EMA_align_bull | HTF_bull | vol=37289/avg=900611
09:32:04 | INFO    | MOMENTUM refresh score=2 (bull=2 bear=0)
09:32:04 | INFO    | TRAIL SL raised 28.32 → 43.40 (breakeven+₹8, peak=41.75 +17.9%)
09:32:04 | INFO    | MONITOR NIFTY-Jun2026-24100-CE LTP=41.75 PnL=17.9% (₹413) TP=56.64 SL=43.40 peak=41.75
09:32:04 | INFO    | EXIT SL ❌ @ ₹41.75
09:32:04 | INFO    | ORDER SELL sid=56376 qty=65 → orderId=23226062315610
09:32:04 | INFO    | CLOSED entry=35.40 exit=41.75 PnL=₹413 | daily=₹413
09:32:34 | INFO    | ── 09:32:34 | trade=1/4 | active=False | pnl=₹413 ──
09:32:36 | INFO    | Spot=24097.55 | 1m 09:32 C=24098.90 | 1m_bars=18
09:32:36 | INFO    | Cooldown 88s remaining
09:33:06 | INFO    | ── 09:33:06 | trade=1/4 | active=False | pnl=₹413 ──
09:33:08 | INFO    | Spot=24097.75 | 1m 09:33 C=24098.35 | 1m_bars=19
09:33:08 | INFO    | Cooldown 55s remaining
09:33:38 | INFO    | ── 09:33:38 | trade=1/4 | active=False | pnl=₹413 ──
09:33:41 | INFO    | Spot=24099.15 | 1m 09:33 C=24099.00 | 1m_bars=19
09:33:41 | INFO    | Cooldown 23s remaining
09:34:11 | INFO    | ── 09:34:11 | trade=1/4 | active=False | pnl=₹413 ──
09:34:13 | INFO    | Spot=24100.30 | 1m 09:34 C=24101.30 | 1m_bars=20
09:34:13 | INFO    | SCORE → bull=2 bear=0 | EMA_align_bull | HTF_bull | vol=187630/avg=854578
09:34:13 | INFO    | SIGNAL CE — EMA_align_bull | HTF_bull
09:34:15 | INFO    | ENTER BUY NIFTY-Jun2026-24100-CE @ ₹40.35 lot=65 cost≈₹2623 bal=₹21816
09:34:15 | INFO    | ORDER BUY sid=56376 qty=65 → orderId=23226062316010
09:34:15 | INFO    | ACTIVE NIFTY-Jun2026-24100-CE entry=40.35 TP=64.56 SL=32.28 trade=2/4
09:34:45 | INFO    | ── 09:34:45 | trade=2/4 | active=True | pnl=₹413 ──
09:34:45 | INFO    | MONITOR NIFTY-Jun2026-24100-CE LTP=40.20 PnL=-0.4% (₹-10) TP=64.56 SL=32.28 peak=40.35
09:35:15 | INFO    | ── 09:35:15 | trade=2/4 | active=True | pnl=₹413 ──
09:35:16 | INFO    | MONITOR NIFTY-Jun2026-24100-CE LTP=41.00 PnL=1.6% (₹42) TP=64.56 SL=32.28 peak=41.00
09:35:46 | INFO    | ── 09:35:46 | trade=2/4 | active=True | pnl=₹413 ──
09:35:46 | INFO    | SCORE → bull=4 bear=0 | EMA_align_bull | ORB_above | VWAP_reject_bull@24077 | HTF_bull | vol=604040/avg=903275
09:35:46 | INFO    | MOMENTUM refresh score=4 (bull=4 bear=0)
09:35:46 | INFO    | MONITOR NIFTY-Jun2026-24100-CE LTP=42.70 PnL=5.8% (₹153) TP=64.56 SL=32.28 peak=42.70
09:36:16 | INFO    | ── 09:36:16 | trade=2/4 | active=True | pnl=₹413 ──
09:36:16 | INFO    | MONITOR NIFTY-Jun2026-24100-CE LTP=46.40 PnL=15.0% (₹393) TP=64.56 SL=32.28 peak=46.40
09:36:46 | INFO    | ── 09:36:46 | trade=2/4 | active=True | pnl=₹413 ──
09:36:46 | INFO    | MONITOR NIFTY-Jun2026-24100-CE LTP=46.05 PnL=14.1% (₹370) TP=64.56 SL=32.28 peak=46.40
09:37:16 | INFO    | ── 09:37:16 | trade=2/4 | active=True | pnl=₹413 ──
09:37:16 | INFO    | SCORE → bull=4 bear=0 | EMA_align_bull | ORB_above | VWAP_reject_bull@24078 | HTF_bull | vol=346344/avg=891146
09:37:16 | INFO    | MOMENTUM refresh score=4 (bull=4 bear=0)
09:37:16 | INFO    | TRAIL SL raised 32.28 → 48.35 (breakeven+₹8, peak=47.45 +17.6%)
09:37:16 | INFO    | MONITOR NIFTY-Jun2026-24100-CE LTP=47.45 PnL=17.6% (₹462) TP=64.56 SL=48.35 peak=47.45
09:37:16 | INFO    | EXIT SL ❌ @ ₹47.45
09:37:17 | INFO    | ORDER SELL sid=56376 qty=65 → orderId=23226062316710
09:37:17 | INFO    | CLOSED entry=40.35 exit=47.45 PnL=₹462 | daily=₹874
09:37:47 | INFO    | ── 09:37:47 | trade=2/4 | active=False | pnl=₹874 ──
09:37:49 | INFO    | Spot=24117.40 | 1m 09:37 C=24117.15 | 1m_bars=23
09:37:49 | INFO    | Cooldown 88s remaining
09:38:19 | INFO    | ── 09:38:19 | trade=2/4 | active=False | pnl=₹874 ──
09:38:21 | INFO    | Spot=24115.90 | 1m 09:38 C=24115.50 | 1m_bars=24
09:38:21 | INFO    | Cooldown 55s remaining
09:38:51 | INFO    | ── 09:38:51 | trade=2/4 | active=False | pnl=₹874 ──
09:38:53 | INFO    | Spot=24116.65 | 1m 09:38 C=24118.05 | 1m_bars=24
09:38:53 | INFO    | Cooldown 23s remaining
09:39:23 | INFO    | ── 09:39:23 | trade=2/4 | active=False | pnl=₹874 ──
09:39:26 | INFO    | Spot=24116.45 | 1m 09:39 C=24116.30 | 1m_bars=25
09:39:26 | INFO    | SCORE → bull=2 bear=0 | EMA_align_bull | HTF_bull | vol=400171/avg=895742
09:39:26 | INFO    | SIGNAL CE — EMA_align_bull | HTF_bull
09:39:28 | INFO    | ENTER BUY NIFTY-Jun2026-24100-CE @ ₹50.70 lot=65 cost≈₹3296 bal=₹22225
09:39:28 | INFO    | ORDER BUY sid=56376 qty=65 → orderId=34226062316310
09:39:28 | INFO    | ACTIVE NIFTY-Jun2026-24100-CE entry=50.70 TP=81.12 SL=40.56 trade=3/4
09:39:58 | INFO    | ── 09:39:58 | trade=3/4 | active=True | pnl=₹874 ──
09:39:58 | INFO    | MONITOR NIFTY-Jun2026-24100-CE LTP=56.35 PnL=11.1% (₹367) TP=81.12 SL=40.56 peak=56.35
09:40:28 | INFO    | ── 09:40:28 | trade=3/4 | active=True | pnl=₹874 ──
09:40:28 | INFO    | MONITOR NIFTY-Jun2026-24100-CE LTP=56.10 PnL=10.7% (₹351) TP=81.12 SL=40.56 peak=56.35
09:40:58 | INFO    | ── 09:40:58 | trade=3/4 | active=True | pnl=₹874 ──
09:40:59 | INFO    | SCORE → bull=2 bear=0 | EMA_align_bull | HTF_bull | vol=964378/avg=975473
09:40:59 | INFO    | MOMENTUM refresh score=2 (bull=2 bear=0)
09:40:59 | INFO    | MONITOR NIFTY-Jun2026-24100-CE LTP=52.00 PnL=2.6% (₹84) TP=81.12 SL=40.56 peak=56.35
09:41:29 | INFO    | ── 09:41:29 | trade=3/4 | active=True | pnl=₹874 ──
09:41:29 | INFO    | MONITOR NIFTY-Jun2026-24100-CE LTP=49.00 PnL=-3.4% (₹-111) TP=81.12 SL=40.56 peak=56.35
09:41:59 | INFO    | ── 09:41:59 | trade=3/4 | active=True | pnl=₹874 ──
09:41:59 | INFO    | MONITOR NIFTY-Jun2026-24100-CE LTP=50.80 PnL=0.2% (₹6) TP=81.12 SL=40.56 peak=56.35
09:42:29 | INFO    | ── 09:42:29 | trade=3/4 | active=True | pnl=₹874 ──
09:42:29 | INFO    | SCORE → bull=4 bear=0 | EMA_align_bull | ORB_above | VWAP_reject_bull@24084 | HTF_bull | vol=360815/avg=959326
09:42:29 | INFO    | MOMENTUM refresh score=4 (bull=4 bear=0)
09:42:29 | INFO    | MONITOR NIFTY-Jun2026-24100-CE LTP=53.85 PnL=6.2% (₹205) TP=81.12 SL=40.56 peak=56.35
09:42:59 | INFO    | ── 09:42:59 | trade=3/4 | active=True | pnl=₹874 ──
09:42:59 | INFO    | MONITOR NIFTY-Jun2026-24100-CE LTP=52.00 PnL=2.6% (₹84) TP=81.12 SL=40.56 peak=56.35
09:43:29 | INFO    | ── 09:43:29 | trade=3/4 | active=True | pnl=₹874 ──
09:43:30 | INFO    | MONITOR NIFTY-Jun2026-24100-CE LTP=50.15 PnL=-1.1% (₹-36) TP=81.12 SL=40.56 peak=56.35
09:44:00 | INFO    | ── 09:44:00 | trade=3/4 | active=True | pnl=₹874 ──
09:44:00 | INFO    | SCORE → bull=2 bear=0 | EMA_align_bull | HTF_bull | vol=0/avg=893838
09:44:00 | INFO    | MOMENTUM refresh score=2 (bull=2 bear=0)
09:44:00 | INFO    | MONITOR NIFTY-Jun2026-24100-CE LTP=51.40 PnL=1.4% (₹45) TP=81.12 SL=40.56 peak=56.35
09:44:30 | INFO    | ── 09:44:30 | trade=3/4 | active=True | pnl=₹874 ──
09:44:30 | INFO    | MONITOR NIFTY-Jun2026-24100-CE LTP=49.30 PnL=-2.8% (₹-91) TP=81.12 SL=40.56 peak=56.35
09:45:00 | INFO    | ── 09:45:00 | trade=3/4 | active=True | pnl=₹874 ──
09:45:00 | INFO    | MONITOR NIFTY-Jun2026-24100-CE LTP=50.30 PnL=-0.8% (₹-26) TP=81.12 SL=40.56 peak=56.35
09:45:30 | INFO    | ── 09:45:30 | trade=3/4 | active=True | pnl=₹874 ──
09:45:31 | INFO    | SCORE → bull=2 bear=0 | EMA_align_bull | HTF_bull | vol=404963/avg=928637
09:45:31 | INFO    | MOMENTUM refresh score=2 (bull=2 bear=0)
09:45:31 | INFO    | MONITOR NIFTY-Jun2026-24100-CE LTP=49.50 PnL=-2.4% (₹-78) TP=81.12 SL=40.56 peak=56.35
09:46:01 | INFO    | ── 09:46:01 | trade=3/4 | active=True | pnl=₹874 ──
09:46:01 | INFO    | MONITOR NIFTY-Jun2026-24100-CE LTP=47.50 PnL=-6.3% (₹-208) TP=81.12 SL=40.56 peak=56.35
09:46:31 | INFO    | ── 09:46:31 | trade=3/4 | active=True | pnl=₹874 ──
09:46:31 | INFO    | MONITOR NIFTY-Jun2026-24100-CE LTP=50.60 PnL=-0.2% (₹-7) TP=81.12 SL=40.56 peak=56.35
09:47:01 | INFO    | ── 09:47:01 | trade=3/4 | active=True | pnl=₹874 ──
09:47:01 | INFO    | SCORE → bull=4 bear=0 | EMA_align_bull | ORB_above | VWAP_reject_bull@24096 | HTF_bull | vol=19538/avg=837812
09:47:01 | INFO    | MOMENTUM refresh score=4 (bull=4 bear=0)
09:47:01 | INFO    | MONITOR NIFTY-Jun2026-24100-CE LTP=52.50 PnL=3.6% (₹117) TP=81.12 SL=40.56 peak=56.35
09:47:31 | INFO    | ── 09:47:31 | trade=3/4 | active=True | pnl=₹874 ──
09:47:31 | INFO    | MONITOR NIFTY-Jun2026-24100-CE LTP=53.55 PnL=5.6% (₹185) TP=81.12 SL=40.56 peak=56.35
09:48:01 | INFO    | ── 09:48:01 | trade=3/4 | active=True | pnl=₹874 ──
09:48:02 | INFO    | MONITOR NIFTY-Jun2026-24100-CE LTP=52.75 PnL=4.0% (₹133) TP=81.12 SL=40.56 peak=56.35
09:48:32 | INFO    | ── 09:48:32 | trade=3/4 | active=True | pnl=₹874 ──
09:48:32 | INFO    | SCORE → bull=2 bear=0 | EMA_align_bull | HTF_bull | vol=357390/avg=891412
09:48:32 | INFO    | MOMENTUM refresh score=2 (bull=2 bear=0)
09:48:32 | INFO    | MONITOR NIFTY-Jun2026-24100-CE LTP=51.30 PnL=1.2% (₹39) TP=81.12 SL=40.56 peak=56.35
09:49:02 | INFO    | ── 09:49:02 | trade=3/4 | active=True | pnl=₹874 ──
09:49:02 | INFO    | MONITOR NIFTY-Jun2026-24100-CE LTP=53.25 PnL=5.0% (₹166) TP=81.12 SL=40.56 peak=56.35
09:49:32 | INFO    | ── 09:49:32 | trade=3/4 | active=True | pnl=₹874 ──
09:49:32 | INFO    | MONITOR NIFTY-Jun2026-24100-CE LTP=53.80 PnL=6.1% (₹201) TP=81.12 SL=40.56 peak=56.35
09:50:02 | INFO    | ── 09:50:02 | trade=3/4 | active=True | pnl=₹874 ──
09:50:03 | INFO    | SCORE → bull=2 bear=0 | EMA_align_bull | HTF_bull | vol=19913/avg=777643
09:50:03 | INFO    | MOMENTUM refresh score=2 (bull=2 bear=0)
09:50:03 | INFO    | MONITOR NIFTY-Jun2026-24100-CE LTP=52.10 PnL=2.8% (₹91) TP=81.12 SL=40.56 peak=56.35
09:50:33 | INFO    | ── 09:50:33 | trade=3/4 | active=True | pnl=₹874 ──
09:50:33 | INFO    | MONITOR NIFTY-Jun2026-24100-CE LTP=51.85 PnL=2.3% (₹75) TP=81.12 SL=40.56 peak=56.35
09:51:03 | INFO    | ── 09:51:03 | trade=3/4 | active=True | pnl=₹874 ──
09:51:03 | INFO    | MONITOR NIFTY-Jun2026-24100-CE LTP=55.25 PnL=9.0% (₹296) TP=81.12 SL=40.56 peak=56.35
09:51:33 | INFO    | ── 09:51:33 | trade=3/4 | active=True | pnl=₹874 ──
09:51:33 | INFO    | SCORE → bull=2 bear=0 | EMA_align_bull | HTF_bull | vol=786823/avg=835282
09:51:33 | INFO    | MOMENTUM refresh score=2 (bull=2 bear=0)
09:51:33 | INFO    | MONITOR NIFTY-Jun2026-24100-CE LTP=54.60 PnL=7.7% (₹253) TP=81.12 SL=40.56 peak=56.35
09:52:03 | INFO    | ── 09:52:03 | trade=3/4 | active=True | pnl=₹874 ──
09:52:03 | INFO    | MONITOR NIFTY-Jun2026-24100-CE LTP=53.55 PnL=5.6% (₹185) TP=81.12 SL=40.56 peak=56.35
09:52:33 | INFO    | ── 09:52:33 | trade=3/4 | active=True | pnl=₹874 ──
09:52:34 | INFO    | MONITOR NIFTY-Jun2026-24100-CE LTP=52.55 PnL=3.6% (₹120) TP=81.12 SL=40.56 peak=56.35
09:53:04 | INFO    | ── 09:53:04 | trade=3/4 | active=True | pnl=₹874 ──
09:53:04 | INFO    | SCORE → bull=1 bear=0 | HTF_bull | vol=22318/avg=794208
09:53:04 | INFO    | MOMENTUM refresh score=1 (bull=1 bear=0)
09:53:04 | INFO    | MONITOR NIFTY-Jun2026-24100-CE LTP=50.55 PnL=-0.3% (₹-10) TP=81.12 SL=40.56 peak=56.35
09:53:16 | INFO    | ============================================================
09:53:16 | INFO    | EXPIRY SCALPER v2 — 1m entries | TP=+60% SL=-20% | MaxTrades=4
09:53:16 | INFO    | Theta kill 14:15 | Dead zone 12:00–13:00
09:53:16 | INFO    | ============================================================
09:53:16 | INFO    | RESTORED position NIFTY-Jun2026-24100-CE qty=65 entry=42.32 TP=67.71 SL=33.85
09:53:16 | INFO    | ── 09:53:16 | trade=1/4 | active=True | pnl=₹0 ──
09:53:16 | INFO    | TRAIL SL raised 33.85 → 50.32 (breakeven+₹8, peak=50.70 +19.8%)
09:53:16 | INFO    | MONITOR NIFTY-Jun2026-24100-CE LTP=50.70 PnL=19.8% (₹545) TP=67.71 SL=50.32 peak=50.70
09:53:46 | INFO    | ── 09:53:46 | trade=1/4 | active=True | pnl=₹0 ──
09:53:46 | INFO    | MONITOR NIFTY-Jun2026-24100-CE LTP=51.40 PnL=21.5% (₹590) TP=67.71 SL=50.32 peak=51.40
09:54:16 | INFO    | ── 09:54:16 | trade=1/4 | active=True | pnl=₹0 ──
09:54:16 | INFO    | SCORE → bull=3 bear=0 | EMA_align_bull | VWAP_reject_bull@24109 | HTF_bull | vol=162249/avg=820829
09:54:16 | INFO    | MOMENTUM refresh score=3 (bull=3 bear=0)
09:54:16 | INFO    | MONITOR NIFTY-Jun2026-24100-CE LTP=52.25 PnL=23.5% (₹646) TP=67.71 SL=50.32 peak=52.25
09:54:46 | INFO    | ── 09:54:46 | trade=1/4 | active=True | pnl=₹0 ──
09:54:47 | INFO    | MONITOR NIFTY-Jun2026-24100-CE LTP=54.80 PnL=29.5% (₹811) TP=67.71 SL=50.32 peak=54.80
09:55:17 | INFO    | ── 09:55:17 | trade=1/4 | active=True | pnl=₹0 ──
09:55:17 | INFO    | MONITOR NIFTY-Jun2026-24100-CE LTP=54.80 PnL=29.5% (₹811) TP=67.71 SL=50.32 peak=54.80
09:55:47 | INFO    | ── 09:55:47 | trade=1/4 | active=True | pnl=₹0 ──
09:55:47 | INFO    | SCORE → bull=2 bear=0 | EMA_align_bull | HTF_bull | vol=532284/avg=850264
09:55:47 | INFO    | MOMENTUM refresh score=2 (bull=2 bear=0)
09:55:47 | INFO    | MONITOR NIFTY-Jun2026-24100-CE LTP=52.80 PnL=24.8% (₹681) TP=67.71 SL=50.32 peak=54.80
09:56:17 | INFO    | ── 09:56:17 | trade=1/4 | active=True | pnl=₹0 ──
09:56:17 | INFO    | MONITOR NIFTY-Jun2026-24100-CE LTP=54.90 PnL=29.7% (₹818) TP=67.71 SL=50.32 peak=54.90
09:56:47 | INFO    | ── 09:56:47 | trade=1/4 | active=True | pnl=₹0 ──
09:56:47 | INFO    | MONITOR NIFTY-Jun2026-24100-CE LTP=56.00 PnL=32.3% (₹889) TP=67.71 SL=50.32 peak=56.00
09:57:17 | INFO    | ── 09:57:17 | trade=1/4 | active=True | pnl=₹0 ──
09:57:18 | INFO    | SCORE → bull=2 bear=0 | EMA_align_bull | HTF_bull | vol=235607/avg=770259
09:57:18 | INFO    | MOMENTUM refresh score=2 (bull=2 bear=0)
09:57:18 | INFO    | MONITOR NIFTY-Jun2026-24100-CE LTP=55.90 PnL=32.1% (₹883) TP=67.71 SL=50.32 peak=56.00
09:57:48 | INFO    | ── 09:57:48 | trade=1/4 | active=True | pnl=₹0 ──
09:57:48 | INFO    | MONITOR NIFTY-Jun2026-24100-CE LTP=56.90 PnL=34.5% (₹948) TP=67.71 SL=50.32 peak=56.90
09:58:18 | INFO    | ── 09:58:18 | trade=1/4 | active=True | pnl=₹0 ──
09:58:18 | INFO    | MONITOR NIFTY-Jun2026-24100-CE LTP=54.60 PnL=29.0% (₹798) TP=67.71 SL=50.32 peak=56.90
09:58:48 | INFO    | ── 09:58:48 | trade=1/4 | active=True | pnl=₹0 ──
09:58:48 | INFO    | SCORE → bull=2 bear=0 | EMA_align_bull | HTF_bull | vol=891117/avg=825647
09:58:48 | INFO    | MOMENTUM refresh score=2 (bull=2 bear=0)
09:58:48 | INFO    | MONITOR NIFTY-Jun2026-24100-CE LTP=56.25 PnL=32.9% (₹906) TP=67.71 SL=50.32 peak=56.90
09:59:18 | INFO    | ── 09:59:18 | trade=1/4 | active=True | pnl=₹0 ──
09:59:18 | INFO    | MONITOR NIFTY-Jun2026-24100-CE LTP=56.00 PnL=32.3% (₹889) TP=67.71 SL=50.32 peak=56.90
09:59:48 | INFO    | ── 09:59:48 | trade=1/4 | active=True | pnl=₹0 ──
09:59:48 | INFO    | MONITOR NIFTY-Jun2026-24100-CE LTP=56.85 PnL=34.3% (₹945) TP=67.71 SL=50.32 peak=56.90
10:00:18 | INFO    | ── 10:00:18 | trade=1/4 | active=True | pnl=₹0 ──
10:00:19 | INFO    | SCORE → bull=3 bear=0 | EMA_align_bull | VWAP_reject_bull@24117 | HTF_bull | vol=511561/avg=802903
10:00:19 | INFO    | MOMENTUM refresh score=3 (bull=3 bear=0)
10:00:19 | INFO    | MONITOR NIFTY-Jun2026-24100-CE LTP=56.65 PnL=33.9% (₹932) TP=67.71 SL=50.32 peak=56.90
10:00:49 | INFO    | ── 10:00:49 | trade=1/4 | active=True | pnl=₹0 ──
10:00:49 | INFO    | MONITOR NIFTY-Jun2026-24100-CE LTP=53.60 PnL=26.7% (₹733) TP=67.71 SL=50.32 peak=56.90
10:01:19 | INFO    | ── 10:01:19 | trade=1/4 | active=True | pnl=₹0 ──
10:01:19 | INFO    | MONITOR NIFTY-Jun2026-24100-CE LTP=52.45 PnL=23.9% (₹659) TP=67.71 SL=50.32 peak=56.90
10:01:49 | INFO    | ── 10:01:49 | trade=1/4 | active=True | pnl=₹0 ──
10:01:49 | INFO    | SCORE → bull=1 bear=0 | HTF_bull | vol=543929/avg=777327
10:01:49 | INFO    | MOMENTUM refresh score=1 (bull=1 bear=0)
10:01:49 | INFO    | MONITOR NIFTY-Jun2026-24100-CE LTP=53.15 PnL=25.6% (₹704) TP=67.71 SL=50.32 peak=56.90
10:02:00 | INFO    | ============================================================
10:02:00 | INFO    | EXPIRY SCALPER v2 — 1m entries | TP=+60% SL=-20% | MaxTrades=4
10:02:00 | INFO    | Theta kill 14:15 | Dead zone 12:00–13:00
10:02:00 | INFO    | ============================================================
10:02:00 | INFO    | ── 10:02:00 | trade=0/4 | active=False | pnl=₹0 ──
10:02:03 | INFO    | Spot=24126.00 | 1m 10:02 C=24126.65 | 1m_bars=30
10:02:03 | INFO    | SCORE → bull=2 bear=0 | EMA_align_bull | HTF_bull | vol=0/avg=703123
10:02:03 | INFO    | SIGNAL CE — EMA_align_bull | HTF_bull
10:02:05 | INFO    | ENTER BUY NIFTY-Jun2026-24150-CE @ ₹26.80 lot=65 cost≈₹1742 bal=₹22434
10:02:05 | INFO    | ORDER BUY sid=56380 qty=65 → orderId=34226062319910
10:02:05 | INFO    | ACTIVE NIFTY-Jun2026-24150-CE entry=26.80 TP=42.88 SL=21.44 trade=1/4
10:02:35 | INFO    | ── 10:02:35 | trade=1/4 | active=True | pnl=₹0 ──
10:02:35 | INFO    | MONITOR NIFTY-Jun2026-24150-CE LTP=27.05 PnL=0.9% (₹16) TP=42.88 SL=21.44 peak=27.05
10:03:05 | INFO    | ── 10:03:05 | trade=1/4 | active=True | pnl=₹0 ──
10:03:05 | INFO    | MONITOR NIFTY-Jun2026-24150-CE LTP=27.05 PnL=0.9% (₹16) TP=42.88 SL=21.44 peak=27.05
10:03:35 | INFO    | ── 10:03:35 | trade=1/4 | active=True | pnl=₹0 ──
10:03:36 | INFO    | SCORE → bull=2 bear=0 | VWAP_reject_bull@24119 | HTF_bull | vol=458225/avg=727583
10:03:36 | INFO    | MOMENTUM refresh score=2 (bull=2 bear=0)
10:03:36 | INFO    | MONITOR NIFTY-Jun2026-24150-CE LTP=28.00 PnL=4.5% (₹78) TP=42.88 SL=21.44 peak=28.00
10:04:06 | INFO    | ── 10:04:06 | trade=1/4 | active=True | pnl=₹0 ──
10:04:06 | INFO    | MONITOR NIFTY-Jun2026-24150-CE LTP=29.20 PnL=9.0% (₹156) TP=42.88 SL=21.44 peak=29.20
10:04:36 | INFO    | ── 10:04:36 | trade=1/4 | active=True | pnl=₹0 ──
10:04:36 | INFO    | MONITOR NIFTY-Jun2026-24150-CE LTP=28.55 PnL=6.5% (₹114) TP=42.88 SL=21.44 peak=29.20
10:05:06 | INFO    | ── 10:05:06 | trade=1/4 | active=True | pnl=₹0 ──
10:05:06 | INFO    | SCORE → bull=1 bear=0 | HTF_bull | vol=40929/avg=689302
10:05:06 | INFO    | MOMENTUM refresh score=1 (bull=1 bear=0)
10:05:06 | INFO    | MONITOR NIFTY-Jun2026-24150-CE LTP=27.95 PnL=4.3% (₹75) TP=42.88 SL=21.44 peak=29.20
10:05:36 | INFO    | ── 10:05:36 | trade=1/4 | active=True | pnl=₹0 ──
10:05:36 | INFO    | MONITOR NIFTY-Jun2026-24150-CE LTP=27.50 PnL=2.6% (₹45) TP=42.88 SL=21.44 peak=29.20
10:06:06 | INFO    | ── 10:06:06 | trade=1/4 | active=True | pnl=₹0 ──
10:06:07 | INFO    | MONITOR NIFTY-Jun2026-24150-CE LTP=28.15 PnL=5.0% (₹88) TP=42.88 SL=21.44 peak=29.20
10:06:37 | INFO    | ── 10:06:37 | trade=1/4 | active=True | pnl=₹0 ──
10:06:37 | INFO    | SCORE → bull=1 bear=0 | HTF_bull | vol=355257/avg=709376
10:06:37 | INFO    | MOMENTUM refresh score=1 (bull=1 bear=0)
10:06:37 | INFO    | MONITOR NIFTY-Jun2026-24150-CE LTP=26.20 PnL=-2.2% (₹-39) TP=42.88 SL=21.44 peak=29.20
10:07:07 | INFO    | ── 10:07:07 | trade=1/4 | active=True | pnl=₹0 ──
10:07:07 | INFO    | MONITOR NIFTY-Jun2026-24150-CE LTP=25.80 PnL=-3.7% (₹-65) TP=42.88 SL=21.44 peak=29.20
10:07:37 | INFO    | ── 10:07:37 | trade=1/4 | active=True | pnl=₹0 ──
10:07:37 | INFO    | MONITOR NIFTY-Jun2026-24150-CE LTP=25.80 PnL=-3.7% (₹-65) TP=42.88 SL=21.44 peak=29.20
10:08:07 | INFO    | ── 10:08:07 | trade=1/4 | active=True | pnl=₹0 ──
10:08:07 | INFO    | SCORE → bull=0 bear=2 | VWAP_reject_bear@24122 | HTF_bear | vol=77712/avg=633455
10:08:07 | INFO    | MOMENTUM refresh score=2 (bull=0 bear=2)
10:08:07 | INFO    | MONITOR NIFTY-Jun2026-24150-CE LTP=25.00 PnL=-6.7% (₹-117) TP=42.88 SL=21.44 peak=29.20
10:08:37 | INFO    | ── 10:08:37 | trade=1/4 | active=True | pnl=₹0 ──
10:08:38 | INFO    | MONITOR NIFTY-Jun2026-24150-CE LTP=25.80 PnL=-3.7% (₹-65) TP=42.88 SL=21.44 peak=29.20
10:09:08 | INFO    | ── 10:09:08 | trade=1/4 | active=True | pnl=₹0 ──
10:09:08 | INFO    | MONITOR NIFTY-Jun2026-24150-CE LTP=26.45 PnL=-1.3% (₹-23) TP=42.88 SL=21.44 peak=29.20
10:09:38 | INFO    | ── 10:09:38 | trade=1/4 | active=True | pnl=₹0 ──
10:09:38 | INFO    | SCORE → bull=2 bear=1 | EMA_align_bull | VWAP_reject_bull@24121 | HTF_bear | vol=379523/avg=660975
10:09:38 | INFO    | MOMENTUM refresh score=2 (bull=2 bear=1)
10:09:38 | INFO    | MONITOR NIFTY-Jun2026-24150-CE LTP=28.00 PnL=4.5% (₹78) TP=42.88 SL=21.44 peak=29.20
10:10:08 | INFO    | ── 10:10:08 | trade=1/4 | active=True | pnl=₹0 ──
10:10:08 | INFO    | MONITOR NIFTY-Jun2026-24150-CE LTP=28.80 PnL=7.5% (₹130) TP=42.88 SL=21.44 peak=29.20
10:10:38 | INFO    | ── 10:10:38 | trade=1/4 | active=True | pnl=₹0 ──
10:10:38 | INFO    | MONITOR NIFTY-Jun2026-24150-CE LTP=27.45 PnL=2.4% (₹42) TP=42.88 SL=21.44 peak=29.20
10:11:08 | INFO    | ── 10:11:08 | trade=1/4 | active=True | pnl=₹0 ──
10:11:09 | INFO    | SCORE → bull=1 bear=1 | EMA_align_bull | HTF_bear | vol=49216/avg=589518
10:11:09 | INFO    | MOMENTUM refresh score=1 (bull=1 bear=1)
10:11:09 | INFO    | MONITOR NIFTY-Jun2026-24150-CE LTP=28.25 PnL=5.4% (₹94) TP=42.88 SL=21.44 peak=29.20
10:11:39 | INFO    | ── 10:11:39 | trade=1/4 | active=True | pnl=₹0 ──
10:11:39 | INFO    | MONITOR NIFTY-Jun2026-24150-CE LTP=28.30 PnL=5.6% (₹98) TP=42.88 SL=21.44 peak=29.20
10:12:09 | INFO    | ── 10:12:09 | trade=1/4 | active=True | pnl=₹0 ──
10:12:09 | INFO    | MONITOR NIFTY-Jun2026-24150-CE LTP=26.95 PnL=0.6% (₹10) TP=42.88 SL=21.44 peak=29.20
10:12:39 | INFO    | ── 10:12:39 | trade=1/4 | active=True | pnl=₹0 ──
10:12:39 | INFO    | SCORE → bull=0 bear=1 | HTF_bear | vol=326815/avg=595376
10:12:39 | INFO    | MOMENTUM refresh score=1 (bull=0 bear=1)
10:12:39 | INFO    | MONITOR NIFTY-Jun2026-24150-CE LTP=28.50 PnL=6.3% (₹110) TP=42.88 SL=21.44 peak=29.20
10:13:09 | INFO    | ── 10:13:09 | trade=1/4 | active=True | pnl=₹0 ──
10:13:09 | INFO    | MONITOR NIFTY-Jun2026-24150-CE LTP=28.00 PnL=4.5% (₹78) TP=42.88 SL=21.44 peak=29.20
10:13:39 | INFO    | ── 10:13:39 | trade=1/4 | active=True | pnl=₹0 ──
10:13:40 | INFO    | MONITOR NIFTY-Jun2026-24150-CE LTP=27.10 PnL=1.1% (₹20) TP=42.88 SL=21.44 peak=29.20
10:14:10 | INFO    | ── 10:14:10 | trade=1/4 | active=True | pnl=₹0 ──
10:14:10 | INFO    | SCORE → bull=0 bear=3 | VWAP_reject_bear@24123 | LH_LL_struct | HTF_bear | vol=70663/avg=533049
10:14:10 | INFO    | MOMENTUM refresh score=3 (bull=0 bear=3)
10:14:10 | INFO    | MONITOR NIFTY-Jun2026-24150-CE LTP=26.30 PnL=-1.9% (₹-32) TP=42.88 SL=21.44 peak=29.20
10:14:40 | INFO    | ── 10:14:40 | trade=1/4 | active=True | pnl=₹0 ──
10:14:40 | INFO    | MONITOR NIFTY-Jun2026-24150-CE LTP=27.45 PnL=2.4% (₹42) TP=42.88 SL=21.44 peak=29.20
10:15:10 | INFO    | ── 10:15:10 | trade=1/4 | active=True | pnl=₹0 ──
10:15:10 | INFO    | MONITOR NIFTY-Jun2026-24150-CE LTP=26.50 PnL=-1.1% (₹-20) TP=42.88 SL=21.44 peak=29.20
10:15:40 | INFO    | ── 10:15:40 | trade=1/4 | active=True | pnl=₹0 ──
10:15:41 | INFO    | SCORE → bull=1 bear=2 | EMA_align_bull | LH_LL_struct | HTF_bear | vol=498696/avg=558815
10:15:41 | INFO    | MOMENTUM refresh score=2 (bull=1 bear=2)
10:15:41 | INFO    | MONITOR NIFTY-Jun2026-24150-CE LTP=27.05 PnL=0.9% (₹16) TP=42.88 SL=21.44 peak=29.20
10:16:11 | INFO    | ── 10:16:11 | trade=1/4 | active=True | pnl=₹0 ──
10:16:11 | INFO    | MONITOR NIFTY-Jun2026-24150-CE LTP=24.95 PnL=-6.9% (₹-120) TP=42.88 SL=21.44 peak=29.20
10:16:41 | INFO    | ── 10:16:41 | trade=1/4 | active=True | pnl=₹0 ──
10:16:41 | INFO    | MONITOR NIFTY-Jun2026-24150-CE LTP=25.00 PnL=-6.7% (₹-117) TP=42.88 SL=21.44 peak=29.20
10:17:11 | INFO    | ── 10:17:11 | trade=1/4 | active=True | pnl=₹0 ──
10:17:11 | INFO    | SCORE → bull=0 bear=3 | EMA_align_bear | VWAP_reject_bear@24124 | HTF_bear | vol=49325/avg=505346
10:17:11 | INFO    | MOMENTUM refresh score=3 (bull=0 bear=3)
10:17:11 | INFO    | MONITOR NIFTY-Jun2026-24150-CE LTP=24.65 PnL=-8.0% (₹-140) TP=42.88 SL=21.44 peak=29.20
10:17:41 | INFO    | ── 10:17:41 | trade=1/4 | active=True | pnl=₹0 ──
10:17:41 | INFO    | MONITOR NIFTY-Jun2026-24150-CE LTP=24.40 PnL=-9.0% (₹-156) TP=42.88 SL=21.44 peak=29.20
10:18:11 | INFO    | ── 10:18:11 | trade=1/4 | active=True | pnl=₹0 ──
10:18:11 | INFO    | MONITOR NIFTY-Jun2026-24150-CE LTP=22.60 PnL=-15.7% (₹-273) TP=42.88 SL=21.44 peak=29.20
10:18:41 | INFO    | ── 10:18:41 | trade=1/4 | active=True | pnl=₹0 ──
10:18:42 | INFO    | SCORE → bull=0 bear=3 | EMA_align_bear | LH_LL_struct | HTF_bear | vol=478205/avg=538504
10:18:42 | INFO    | MOMENTUM refresh score=3 (bull=0 bear=3)
10:18:42 | INFO    | MONITOR NIFTY-Jun2026-24150-CE LTP=24.00 PnL=-10.4% (₹-182) TP=42.88 SL=21.44 peak=29.20
10:19:12 | INFO    | ── 10:19:12 | trade=1/4 | active=True | pnl=₹0 ──
10:19:12 | INFO    | MONITOR NIFTY-Jun2026-24150-CE LTP=24.60 PnL=-8.2% (₹-143) TP=42.88 SL=21.44 peak=29.20
10:19:42 | INFO    | ── 10:19:42 | trade=1/4 | active=True | pnl=₹0 ──
10:19:42 | INFO    | MONITOR NIFTY-Jun2026-24150-CE LTP=26.80 PnL=0.0% (₹0) TP=42.88 SL=21.44 peak=29.20
10:20:12 | INFO    | ── 10:20:12 | trade=1/4 | active=True | pnl=₹0 ──
10:20:12 | INFO    | SCORE → bull=0 bear=2 | VWAP_reject_bear@24124 | HTF_bear | vol=111620/avg=499760
10:20:12 | INFO    | MOMENTUM refresh score=2 (bull=0 bear=2)
10:20:12 | INFO    | MONITOR NIFTY-Jun2026-24150-CE LTP=25.75 PnL=-3.9% (₹-68) TP=42.88 SL=21.44 peak=29.20
10:20:42 | INFO    | ── 10:20:42 | trade=1/4 | active=True | pnl=₹0 ──
10:20:43 | INFO    | MONITOR NIFTY-Jun2026-24150-CE LTP=26.15 PnL=-2.4% (₹-42) TP=42.88 SL=21.44 peak=29.20
10:21:13 | INFO    | ── 10:21:13 | trade=1/4 | active=True | pnl=₹0 ──
10:21:13 | INFO    | MONITOR NIFTY-Jun2026-24150-CE LTP=26.70 PnL=-0.4% (₹-7) TP=42.88 SL=21.44 peak=29.20
10:21:43 | INFO    | ── 10:21:43 | trade=1/4 | active=True | pnl=₹0 ──
10:21:43 | INFO    | SCORE → bull=2 bear=0 | VWAP_reject_bull@24124 | HTF_bull | vol=611351/avg=567012
10:21:43 | INFO    | MOMENTUM refresh score=2 (bull=2 bear=0)
10:21:43 | INFO    | MONITOR NIFTY-Jun2026-24150-CE LTP=27.20 PnL=1.5% (₹26) TP=42.88 SL=21.44 peak=29.20
10:22:13 | INFO    | ── 10:22:13 | trade=1/4 | active=True | pnl=₹0 ──
10:22:13 | INFO    | MONITOR NIFTY-Jun2026-24150-CE LTP=27.55 PnL=2.8% (₹49) TP=42.88 SL=21.44 peak=29.20
10:22:43 | INFO    | ── 10:22:43 | trade=1/4 | active=True | pnl=₹0 ──
10:22:43 | INFO    | MONITOR NIFTY-Jun2026-24150-CE LTP=24.55 PnL=-8.4% (₹-146) TP=42.88 SL=21.44 peak=29.20
10:23:13 | INFO    | ── 10:23:13 | trade=1/4 | active=True | pnl=₹0 ──
10:23:14 | INFO    | SCORE → bull=1 bear=2 | EMA_align_bear | VWAP_reject_bear@24125 | HTF_bull | vol=121180/avg=558671
10:23:14 | INFO    | MOMENTUM refresh score=2 (bull=1 bear=2)
10:23:14 | INFO    | MONITOR NIFTY-Jun2026-24150-CE LTP=22.85 PnL=-14.7% (₹-257) TP=42.88 SL=21.44 peak=29.20
10:23:44 | INFO    | ── 10:23:44 | trade=1/4 | active=True | pnl=₹0 ──
10:23:44 | INFO    | MONITOR NIFTY-Jun2026-24150-CE LTP=22.95 PnL=-14.4% (₹-250) TP=42.88 SL=21.44 peak=29.20
10:24:14 | INFO    | ── 10:24:14 | trade=1/4 | active=True | pnl=₹0 ──
10:24:14 | INFO    | MONITOR NIFTY-Jun2026-24150-CE LTP=22.30 PnL=-16.8% (₹-292) TP=42.88 SL=21.44 peak=29.20
10:24:44 | INFO    | ── 10:24:44 | trade=1/4 | active=True | pnl=₹0 ──
10:24:44 | INFO    | SCORE → bull=0 bear=3 | EMA_align_bear | VWAP_reject_bear@24124 | HTF_bear | vol=401115/avg=589736
10:24:44 | INFO    | MOMENTUM refresh score=3 (bull=0 bear=3)
10:24:44 | INFO    | MONITOR NIFTY-Jun2026-24150-CE LTP=22.65 PnL=-15.5% (₹-270) TP=42.88 SL=21.44 peak=29.20
10:25:14 | INFO    | ── 10:25:14 | trade=1/4 | active=True | pnl=₹0 ──
10:25:14 | INFO    | MONITOR NIFTY-Jun2026-24150-CE LTP=23.05 PnL=-14.0% (₹-244) TP=42.88 SL=21.44 peak=29.20
10:25:44 | INFO    | ── 10:25:44 | trade=1/4 | active=True | pnl=₹0 ──
10:25:44 | INFO    | MONITOR NIFTY-Jun2026-24150-CE LTP=22.60 PnL=-15.7% (₹-273) TP=42.88 SL=21.44 peak=29.20
10:26:14 | INFO    | ── 10:26:14 | trade=1/4 | active=True | pnl=₹0 ──
10:26:15 | INFO    | SCORE → bull=0 bear=4 | EMA_align_bear | VWAP_reject_bear@24124 | LH_LL_struct | HTF_bear | vol=151921/avg=585781
10:26:15 | INFO    | MOMENTUM refresh score=4 (bull=0 bear=4)
10:26:15 | INFO    | MONITOR NIFTY-Jun2026-24150-CE LTP=21.45 PnL=-20.0% (₹-348) TP=42.88 SL=21.44 peak=29.20
10:26:45 | INFO    | ── 10:26:45 | trade=1/4 | active=True | pnl=₹0 ──
10:26:45 | INFO    | MONITOR NIFTY-Jun2026-24150-CE LTP=21.60 PnL=-19.4% (₹-338) TP=42.88 SL=21.44 peak=29.20
10:27:15 | INFO    | ── 10:27:15 | trade=1/4 | active=True | pnl=₹0 ──
10:27:15 | INFO    | MONITOR NIFTY-Jun2026-24150-CE LTP=20.90 PnL=-22.0% (₹-384) TP=42.88 SL=21.44 peak=29.20
10:27:15 | INFO    | EXIT SL ❌ @ ₹20.90
10:27:15 | INFO    | ORDER SELL sid=56380 qty=65 → orderId=34226062323010
10:27:15 | INFO    | CLOSED entry=26.80 exit=20.90 PnL=₹-384 | daily=₹-384
10:27:45 | INFO    | ── 10:27:45 | trade=1/4 | active=False | pnl=₹-384 ──
10:27:47 | INFO    | Spot=24110.60 | 1m 10:27 C=24109.65 | 1m_bars=30
10:27:47 | INFO    | Cooldown 88s remaining
10:28:17 | INFO    | ── 10:28:17 | trade=1/4 | active=False | pnl=₹-384 ──
10:28:20 | INFO    | Spot=24112.40 | 1m 10:28 C=24111.95 | 1m_bars=30
10:28:20 | INFO    | Cooldown 55s remaining
10:28:50 | INFO    | ── 10:28:50 | trade=1/4 | active=False | pnl=₹-384 ──
10:28:52 | INFO    | Spot=24112.65 | 1m 10:28 C=24112.40 | 1m_bars=30
10:28:52 | INFO    | Cooldown 23s remaining
10:29:22 | INFO    | ── 10:29:22 | trade=1/4 | active=False | pnl=₹-384 ──
10:29:24 | INFO    | Spot=24107.85 | 1m 10:29 C=24108.45 | 1m_bars=30
10:29:24 | INFO    | SCORE → bull=0 bear=4 | EMA_align_bear | VWAP_reject_bear@24121 | LH_LL_struct | HTF_bear | vol=362784/avg=726644
10:29:24 | INFO    | SIGNAL PE — EMA_align_bear | VWAP_reject_bear@24121 | LH_LL_struct | HTF_bear
10:29:27 | INFO    | ENTER BUY NIFTY-Jun2026-24100-PE @ ₹28.90 lot=65 cost≈₹1878 bal=₹21982
10:29:27 | INFO    | ORDER BUY sid=56377 qty=65 → orderId=23226062325710
10:29:27 | INFO    | ACTIVE NIFTY-Jun2026-24100-PE entry=28.90 TP=46.24 SL=23.12 trade=2/4
10:29:45 | INFO    | ============================================================
10:29:45 | INFO    | EXPIRY SCALPER v2 — 1m entries | TP=+60% SL=-20% | MaxTrades=4
10:29:45 | INFO    | Theta kill 14:15 | Dead zone 12:00–13:00
10:29:45 | INFO    | ============================================================
10:29:45 | INFO    | RESTORED position NIFTY-Jun2026-24100-PE qty=65 entry=28.95 TP=46.32 SL=23.16
10:29:45 | INFO    | ── 10:29:45 | trade=1/4 | active=True | pnl=₹0 ──
10:29:45 | INFO    | MONITOR NIFTY-Jun2026-24100-PE LTP=27.75 PnL=-4.1% (₹-78) TP=46.32 SL=23.16 peak=28.95
10:29:57 | INFO    | ── 10:29:57 | trade=2/4 | active=True | pnl=₹-384 ──
10:29:57 | INFO    | MONITOR NIFTY-Jun2026-24100-PE LTP=28.10 PnL=-2.8% (₹-52) TP=46.24 SL=23.12 peak=28.90
10:30:15 | INFO    | ── 10:30:15 | trade=1/4 | active=True | pnl=₹0 ──
10:30:15 | INFO    | MONITOR NIFTY-Jun2026-24100-PE LTP=28.10 PnL=-2.9% (₹-55) TP=46.32 SL=23.16 peak=28.95
10:30:27 | INFO    | ── 10:30:27 | trade=2/4 | active=True | pnl=₹-384 ──
10:30:27 | INFO    | MONITOR NIFTY-Jun2026-24100-PE LTP=28.75 PnL=-0.5% (₹-10) TP=46.24 SL=23.12 peak=28.90
10:30:45 | INFO    | ── 10:30:45 | trade=1/4 | active=True | pnl=₹0 ──
10:30:45 | INFO    | SCORE → bull=0 bear=3 | EMA_align_bear | VWAP_reject_bear@24120 | HTF_bear | vol=523250/avg=773281
10:30:45 | INFO    | MOMENTUM refresh score=3 (bull=0 bear=3)
10:30:45 | INFO    | MONITOR NIFTY-Jun2026-24100-PE LTP=27.50 PnL=-5.0% (₹-94) TP=46.32 SL=23.16 peak=28.95
10:30:57 | INFO    | ── 10:30:57 | trade=2/4 | active=True | pnl=₹-384 ──
10:30:57 | INFO    | SCORE → bull=0 bear=3 | EMA_align_bear | VWAP_reject_bear@24120 | HTF_bear | vol=604823/avg=781438
10:30:57 | INFO    | MOMENTUM refresh score=3 (bull=0 bear=3)
10:30:57 | INFO    | MONITOR NIFTY-Jun2026-24100-PE LTP=27.40 PnL=-5.2% (₹-98) TP=46.24 SL=23.12 peak=28.90
10:31:15 | INFO    | ── 10:31:15 | trade=1/4 | active=True | pnl=₹0 ──
10:31:15 | INFO    | MONITOR NIFTY-Jun2026-24100-PE LTP=27.90 PnL=-3.6% (₹-68) TP=46.32 SL=23.16 peak=28.95
10:31:27 | INFO    | ── 10:31:27 | trade=2/4 | active=True | pnl=₹-384 ──
10:31:27 | INFO    | MONITOR NIFTY-Jun2026-24100-PE LTP=27.75 PnL=-4.0% (₹-75) TP=46.24 SL=23.12 peak=28.90
10:31:45 | INFO    | ── 10:31:45 | trade=1/4 | active=True | pnl=₹0 ──
10:31:46 | INFO    | MONITOR NIFTY-Jun2026-24100-PE LTP=28.55 PnL=-1.4% (₹-26) TP=46.32 SL=23.16 peak=28.95
10:31:57 | INFO    | ── 10:31:57 | trade=2/4 | active=True | pnl=₹-384 ──
10:31:58 | INFO    | MONITOR NIFTY-Jun2026-24100-PE LTP=28.60 PnL=-1.0% (₹-19) TP=46.24 SL=23.12 peak=28.90
10:32:16 | INFO    | ── 10:32:16 | trade=1/4 | active=True | pnl=₹0 ──
10:32:16 | INFO    | SCORE → bull=0 bear=3 | EMA_align_bear | VWAP_reject_bear@24120 | HTF_bear | vol=118007/avg=721941
10:32:16 | INFO    | MOMENTUM refresh score=3 (bull=0 bear=3)
10:32:16 | INFO    | MONITOR NIFTY-Jun2026-24100-PE LTP=29.30 PnL=1.2% (₹23) TP=46.32 SL=23.16 peak=29.30
10:32:28 | INFO    | ── 10:32:28 | trade=2/4 | active=True | pnl=₹-384 ──
10:32:28 | INFO    | SCORE → bull=0 bear=3 | EMA_align_bear | VWAP_reject_bear@24119 | HTF_bear | vol=294223/avg=739563
10:32:28 | INFO    | MOMENTUM refresh score=3 (bull=0 bear=3)
10:32:28 | INFO    | MONITOR NIFTY-Jun2026-24100-PE LTP=28.90 PnL=0.0% (₹0) TP=46.24 SL=23.12 peak=28.90
10:32:46 | INFO    | ── 10:32:46 | trade=1/4 | active=True | pnl=₹0 ──
10:32:46 | INFO    | MONITOR NIFTY-Jun2026-24100-PE LTP=28.25 PnL=-2.4% (₹-45) TP=46.32 SL=23.16 peak=29.30
10:32:58 | INFO    | ── 10:32:58 | trade=2/4 | active=True | pnl=₹-384 ──
10:32:58 | INFO    | MONITOR NIFTY-Jun2026-24100-PE LTP=28.25 PnL=-2.2% (₹-42) TP=46.24 SL=23.12 peak=28.90
10:33:16 | INFO    | ── 10:33:16 | trade=1/4 | active=True | pnl=₹0 ──
10:33:16 | INFO    | MONITOR NIFTY-Jun2026-24100-PE LTP=29.70 PnL=2.6% (₹49) TP=46.32 SL=23.16 peak=29.70
10:33:28 | INFO    | ── 10:33:28 | trade=2/4 | active=True | pnl=₹-384 ──
10:33:28 | INFO    | MONITOR NIFTY-Jun2026-24100-PE LTP=29.45 PnL=1.9% (₹36) TP=46.24 SL=23.12 peak=29.45
10:33:39 | INFO    | ============================================================
10:33:39 | INFO    | EXPIRY SCALPER v2 — 1m entries | TP=+60% SL=-20% | MaxTrades=4 (+1 exceptional ≥6)
10:33:39 | INFO    | Theta kill 14:15 | Dead zone 12:00–13:00
10:33:39 | INFO    | ============================================================
10:33:39 | INFO    | RESTORED position NIFTY-Jun2026-24100-PE qty=65 entry=28.95 TP=46.32 SL=23.16
10:33:39 | INFO    | ── 10:33:39 | trade=1/4 | active=True | pnl=₹0 ──
10:33:39 | INFO    | MONITOR NIFTY-Jun2026-24100-PE LTP=29.10 PnL=0.5% (₹10) TP=46.32 SL=23.16 peak=29.10
10:34:09 | INFO    | ── 10:34:09 | trade=1/4 | active=True | pnl=₹0 ──
10:34:10 | INFO    | MONITOR NIFTY-Jun2026-24100-PE LTP=29.30 PnL=1.2% (₹23) TP=46.32 SL=23.16 peak=29.30
10:34:40 | INFO    | ── 10:34:40 | trade=1/4 | active=True | pnl=₹0 ──
10:34:40 | INFO    | SCORE → bull=0 bear=2 | EMA_align_bear | HTF_bear | vol=457394/avg=737803
10:34:40 | INFO    | MOMENTUM refresh score=2 (bull=0 bear=2)
10:34:40 | INFO    | MONITOR NIFTY-Jun2026-24100-PE LTP=27.30 PnL=-5.7% (₹-107) TP=46.32 SL=23.16 peak=29.30
10:35:10 | INFO    | ── 10:35:10 | trade=1/4 | active=True | pnl=₹0 ──
10:35:10 | INFO    | MONITOR NIFTY-Jun2026-24100-PE LTP=25.75 PnL=-11.1% (₹-208) TP=46.32 SL=23.16 peak=29.30
10:35:40 | INFO    | ── 10:35:40 | trade=1/4 | active=True | pnl=₹0 ──
10:35:40 | INFO    | MONITOR NIFTY-Jun2026-24100-PE LTP=23.10 PnL=-20.2% (₹-380) TP=46.32 SL=23.16 peak=29.30
10:35:40 | INFO    | EXIT SL ❌ @ ₹23.10
10:35:40 | INFO    | ORDER SELL sid=56377 qty=65 → orderId=23226062326610
10:35:40 | INFO    | CLOSED entry=28.95 exit=23.10 PnL=₹-380 | daily=₹-380
10:36:10 | INFO    | ── 10:36:10 | trade=1/4 | active=False | pnl=₹-380 ──
10:36:13 | INFO    | Spot=24116.95 | 1m 10:36 C=24116.35 | 1m_bars=30
10:36:13 | INFO    | Cooldown 88s remaining
10:36:43 | INFO    | ── 10:36:43 | trade=1/4 | active=False | pnl=₹-380 ──
10:36:45 | INFO    | Spot=24117.75 | 1m 10:36 C=24117.75 | 1m_bars=30
10:36:45 | INFO    | Cooldown 55s remaining
10:37:15 | INFO    | ── 10:37:15 | trade=1/4 | active=False | pnl=₹-380 ──
10:37:17 | INFO    | Spot=24117.55 | 1m 10:37 C=24118.25 | 1m_bars=30
10:37:17 | INFO    | Cooldown 23s remaining
10:37:47 | INFO    | ── 10:37:47 | trade=1/4 | active=False | pnl=₹-380 ──
10:37:49 | INFO    | Spot=24118.60 | 1m 10:37 C=24118.80 | 1m_bars=30
10:37:49 | INFO    | SCORE → bull=2 bear=1 | VWAP_reject_bull@24118 | HH_HL_struct | HTF_bear | vol=746993/avg=736225
10:37:49 | INFO    | SIGNAL CE — VWAP_reject_bull@24118 | HH_HL_struct | HTF_bear
10:37:52 | INFO    | ENTER BUY NIFTY-Jun2026-24100-CE @ ₹45.95 lot=65 cost≈₹2987 bal=₹21585
10:37:52 | INFO    | ORDER BUY sid=56376 qty=65 → orderId=23226062327210
10:37:52 | INFO    | ACTIVE NIFTY-Jun2026-24100-CE entry=45.95 TP=73.52 SL=36.76 trade=2/4 (5th if score≥6)
10:38:22 | INFO    | ── 10:38:22 | trade=2/4 | active=True | pnl=₹-380 ──
10:38:22 | INFO    | MONITOR NIFTY-Jun2026-24100-CE LTP=41.70 PnL=-9.2% (₹-276) TP=73.52 SL=36.76 peak=45.95
10:38:52 | INFO    | ── 10:38:52 | trade=2/4 | active=True | pnl=₹-380 ──
10:38:52 | INFO    | MONITOR NIFTY-Jun2026-24100-CE LTP=38.30 PnL=-16.6% (₹-497) TP=73.52 SL=36.76 peak=45.95
10:39:22 | INFO    | ── 10:39:22 | trade=2/4 | active=True | pnl=₹-380 ──
10:39:22 | INFO    | SCORE → bull=0 bear=2 | EMA_align_bear | HTF_bear | vol=217644/avg=621578
10:39:22 | INFO    | MOMENTUM refresh score=2 (bull=0 bear=2)
10:39:22 | INFO    | MONITOR NIFTY-Jun2026-24100-CE LTP=41.65 PnL=-9.4% (₹-280) TP=73.52 SL=36.76 peak=45.95
10:39:52 | INFO    | ── 10:39:52 | trade=2/4 | active=True | pnl=₹-380 ──
10:39:53 | INFO    | MONITOR NIFTY-Jun2026-24100-CE LTP=41.90 PnL=-8.8% (₹-263) TP=73.52 SL=36.76 peak=45.95
10:40:23 | INFO    | ── 10:40:23 | trade=2/4 | active=True | pnl=₹-380 ──
10:40:23 | INFO    | MONITOR NIFTY-Jun2026-24100-CE LTP=42.45 PnL=-7.6% (₹-228) TP=73.52 SL=36.76 peak=45.95
10:40:53 | INFO    | ── 10:40:53 | trade=2/4 | active=True | pnl=₹-380 ──
10:40:53 | INFO    | SCORE → bull=0 bear=1 | HTF_bear | vol=430246/avg=632910
10:40:53 | INFO    | MOMENTUM refresh score=1 (bull=0 bear=1)
10:40:53 | INFO    | MONITOR NIFTY-Jun2026-24100-CE LTP=44.95 PnL=-2.2% (₹-65) TP=73.52 SL=36.76 peak=45.95
10:41:06 | INFO    | ============================================================
10:41:06 | INFO    | EXPIRY SCALPER v2 — 1m entries | TP=+60% SL=-20% | MaxTrades=4 (+1 exceptional ≥6)
10:41:06 | INFO    | Target ₹2000/day | Capital target ₹1000/trade | Lockdown at ₹2000
10:41:06 | INFO    | Theta kill 14:15 | Dead zone 12:00–13:00
10:41:06 | INFO    | ============================================================
10:41:07 | INFO    | RESTORED position NIFTY-Jun2026-24100-CE qty=65 entry=43.27 TP=69.24 SL=34.62
10:41:07 | INFO    | ── 10:41:07 | trade=1/4 | active=True | pnl=₹0 ──
10:41:07 | INFO    | MONITOR NIFTY-Jun2026-24100-CE LTP=43.70 PnL=1.0% (₹28) TP=69.24 SL=34.62 peak=43.70
10:41:37 | INFO    | ── 10:41:37 | trade=1/4 | active=True | pnl=₹0 ──
10:41:37 | INFO    | MONITOR NIFTY-Jun2026-24100-CE LTP=43.00 PnL=-0.6% (₹-18) TP=69.24 SL=34.62 peak=43.70
10:42:07 | INFO    | ── 10:42:07 | trade=1/4 | active=True | pnl=₹0 ──
10:42:07 | INFO    | SCORE → bull=1 bear=0 | HTF_bull | vol=60309/avg=565811
10:42:07 | INFO    | MOMENTUM refresh score=1 (bull=1 bear=0)
10:42:07 | INFO    | MONITOR NIFTY-Jun2026-24100-CE LTP=45.65 PnL=5.5% (₹154) TP=69.24 SL=34.62 peak=45.65
10:42:37 | INFO    | ── 10:42:37 | trade=1/4 | active=True | pnl=₹0 ──
10:42:37 | INFO    | MONITOR NIFTY-Jun2026-24100-CE LTP=42.95 PnL=-0.8% (₹-21) TP=69.24 SL=34.62 peak=45.65
10:43:07 | INFO    | ── 10:43:07 | trade=1/4 | active=True | pnl=₹0 ──
10:43:07 | INFO    | MONITOR NIFTY-Jun2026-24100-CE LTP=43.05 PnL=-0.5% (₹-15) TP=69.24 SL=34.62 peak=45.65
10:43:37 | INFO    | ── 10:43:37 | trade=1/4 | active=True | pnl=₹0 ──
10:43:38 | INFO    | SCORE → bull=1 bear=1 | VWAP_reject_bear@24116 | HTF_bull | vol=399180/avg=613982
10:43:38 | INFO    | MOMENTUM refresh score=1 (bull=1 bear=1)
10:43:38 | INFO    | MONITOR NIFTY-Jun2026-24100-CE LTP=41.80 PnL=-3.4% (₹-96) TP=69.24 SL=34.62 peak=45.65
10:44:08 | INFO    | ── 10:44:08 | trade=1/4 | active=True | pnl=₹0 ──
10:44:08 | INFO    | MONITOR NIFTY-Jun2026-24100-CE LTP=41.75 PnL=-3.5% (₹-99) TP=69.24 SL=34.62 peak=45.65
10:44:38 | INFO    | ── 10:44:38 | trade=1/4 | active=True | pnl=₹0 ──
10:44:38 | INFO    | MONITOR NIFTY-Jun2026-24100-CE LTP=40.00 PnL=-7.6% (₹-213) TP=69.24 SL=34.62 peak=45.65
10:45:08 | INFO    | ── 10:45:08 | trade=1/4 | active=True | pnl=₹0 ──
10:45:08 | INFO    | SCORE → bull=0 bear=3 | EMA_align_bear | VWAP_reject_bear@24115 | HTF_bear | vol=64853/avg=560292
10:45:08 | INFO    | MOMENTUM refresh score=3 (bull=0 bear=3)
10:45:08 | INFO    | MONITOR NIFTY-Jun2026-24100-CE LTP=38.00 PnL=-12.2% (₹-343) TP=69.24 SL=34.62 peak=45.65
10:45:38 | INFO    | ── 10:45:38 | trade=1/4 | active=True | pnl=₹0 ──
10:45:38 | INFO    | MONITOR NIFTY-Jun2026-24100-CE LTP=37.75 PnL=-12.8% (₹-359) TP=69.24 SL=34.62 peak=45.65
10:46:08 | INFO    | ── 10:46:08 | trade=1/4 | active=True | pnl=₹0 ──
10:46:09 | INFO    | MONITOR NIFTY-Jun2026-24100-CE LTP=37.10 PnL=-14.3% (₹-401) TP=69.24 SL=34.62 peak=45.65
10:46:39 | INFO    | ── 10:46:39 | trade=1/4 | active=True | pnl=₹0 ──
10:46:39 | INFO    | SCORE → bull=0 bear=3 | EMA_align_bear | VWAP_reject_bear@24114 | HTF_bear | vol=558432/avg=584527
10:46:39 | INFO    | MOMENTUM refresh score=3 (bull=0 bear=3)
10:46:39 | INFO    | MONITOR NIFTY-Jun2026-24100-CE LTP=37.05 PnL=-14.4% (₹-405) TP=69.24 SL=34.62 peak=45.65
10:47:09 | INFO    | ── 10:47:09 | trade=1/4 | active=True | pnl=₹0 ──
10:47:09 | INFO    | MONITOR NIFTY-Jun2026-24100-CE LTP=38.50 PnL=-11.0% (₹-310) TP=69.24 SL=34.62 peak=45.65
10:47:39 | INFO    | ── 10:47:39 | trade=1/4 | active=True | pnl=₹0 ──
10:47:39 | INFO    | MONITOR NIFTY-Jun2026-24100-CE LTP=38.70 PnL=-10.6% (₹-297) TP=69.24 SL=34.62 peak=45.65
10:48:09 | INFO    | ── 10:48:09 | trade=1/4 | active=True | pnl=₹0 ──
10:48:09 | INFO    | SCORE → bull=0 bear=3 | EMA_align_bear | VWAP_reject_bear@24114 | HTF_bear | vol=107570/avg=517677
10:48:09 | INFO    | MOMENTUM refresh score=3 (bull=0 bear=3)
10:48:09 | INFO    | MONITOR NIFTY-Jun2026-24100-CE LTP=37.80 PnL=-12.7% (₹-356) TP=69.24 SL=34.62 peak=45.65
15:23:47 | INFO    | ============================================================
15:23:47 | INFO    | EXPIRY SNIPER v3 -- 1m | TP=+50% SL=-18% | MaxTrades=4 | MinScore=3
15:23:47 | INFO    | Trail: activate +12% -> BE+2% then peak-8% | Daily +Rs2000 / -Rs1500 | Prem [25, 180]
15:23:47 | INFO    | Theta 14:15 | Dead 12:00-13:00 | Entries from 09:30
15:23:47 | INFO    | ============================================================
15:23:47 | INFO    | Final Rs+0.00  trades=0
15:23:47 | INFO    | === DONE ===
