date,time,datetime,open,high,low,close,volume
2026-01-01,09:15,2026-01-01 09:15,26173.3,26195.35,26163.1,26167.8,12848100
2026-01-01,09:20,2026-01-01 09:20,26166.45,26177.55,26157.05,26161.1,6583920
2026-01-01,09:25,2026-01-01 09:25,26160.35,26189.6,26149.25,26187.2,4419861
2026-01-01,09:30,2026-01-01 09:30,26184.0,26188.9,26166.1,26180.1,8227695
2026-01-01,09:35,2026-01-01 09:35,26179.5,26188.95,26162.75,26167.65,4734284
2026-01-01,09:40,2026-01-01 09:40,26167.95,26187.95,26163.75,26181.55,4129497
2026-01-01,09:45,2026-01-01 09:45,26178.25,26189.65,26163.25,26188.55,3831225
2026-01-01,09:50,2026-01-01 09:50,26189.0,26197.55,26184.3,26189.1,5505706
2026-01-01,09:55,2026-01-01 09:55,26189.8,26192.9,26153.5,26157.2,5945110
2026-01-01,10:00,2026-01-01 10:00,26157.45,26172.25,26155.35,26171.7,3528156
2026-01-01,10:05,2026-01-01 10:05,26170.4,26179.1,26164.85,26165.85,3031317
2026-01-01,10:10,2026-01-01 10:10,26166.15,26166.25,26147.0,26151.15,2833353
2026-01-01,10:15,2026-01-01 10:15,26151.65,26152.15,26127.95,26132.15,2366550
2026-01-01,10:20,2026-01-01 10:20,26131.7,26137.2,26117.7,26136.35,4551908
2026-01-01,10:25,2026-01-01 10:25,26135.95,26159.75,26134.1,26157.35,3284141
2026-01-01,10:30,2026-01-01 10:30,26158.7,26167.1,26147.6,26166.0,1878389
2026-01-01,10:35,2026-01-01 10:35,26165.8,26173.5,26159.0,26162.1,5508105
2026-01-01,10:40,2026-01-01 10:40,26162.25,26163.45,26149.4,26161.35,2431114
2026-01-01,10:45,2026-01-01 10:45,26161.1,26182.9,26160.95,26182.25,2393029
2026-01-01,10:50,2026-01-01 10:50,26181.95,26185.6,26177.4,26179.5,3469922
2026-01-01,10:55,2026-01-01 10:55,26180.0,26180.7,26168.1,26170.95,5013103
2026-01-01,11:00,2026-01-01 11:00,26171.05,26180.65,26161.4,26164.85,4433692
2026-01-01,11:05,2026-01-01 11:05,26164.55,26173.1,26161.25,26164.6,5178279
2026-01-01,11:10,2026-01-01 11:10,26164.1,26174.3,26157.45,26170.5,4863704
2026-01-01,11:15,2026-01-01 11:15,26170.5,26171.55,26158.5,26170.0,5536630
2026-01-01,11:20,2026-01-01 11:20,26169.95,26175.05,26163.7,26169.95,4339560
2026-01-01,11:25,2026-01-01 11:25,26169.0,26177.75,26161.95,26165.8,4143605
2026-01-01,11:30,2026-01-01 11:30,26165.75,26173.85,26157.35,26160.85,5282962
2026-01-01,11:35,2026-01-01 11:35,26160.65,26167.95,26156.55,26161.0,5210252
2026-01-01,11:40,2026-01-01 11:40,26160.55,26164.9,26142.6,26144.85,5270951
2026-01-01,11:45,2026-01-01 11:45,26144.1,26146.25,26137.3,26139.25,4364654
2026-01-01,11:50,2026-01-01 11:50,26138.95,26149.95,26133.4,26148.25,4480573
2026-01-01,11:55,2026-01-01 11:55,26147.85,26154.1,26141.65,26151.3,3554520
2026-01-01,12:00,2026-01-01 12:00,26151.15,26158.2,26139.35,26141.8,3036556
2026-01-01,12:05,2026-01-01 12:05,26141.75,26144.5,26124.3,26130.85,4207611
2026-01-01,12:10,2026-01-01 12:10,26130.0,26136.6,26123.95,26125.0,7353558
2026-01-01,12:15,2026-01-01 12:15,26124.35,26135.2,26113.4,26135.2,17916795
2026-01-01,12:20,2026-01-01 12:20,26135.4,26141.3,26128.2,26141.3,18660209
2026-01-01,12:25,2026-01-01 12:25,26140.65,26155.9,26137.45,26150.6,4939616
2026-01-01,12:30,2026-01-01 12:30,26150.15,26154.45,26139.05,26154.45,5463681
2026-01-01,12:35,2026-01-01 12:35,26153.05,26155.35,26127.25,26129.95,11135530
2026-01-01,12:40,2026-01-01 12:40,26129.55,26142.5,26126.85,26142.3,5007967
2026-01-01,12:45,2026-01-01 12:45,26141.6,26162.55,26140.5,26156.4,9086310
2026-01-01,12:50,2026-01-01 12:50,26156.8,26158.25,26147.1,26150.25,4111232
2026-01-01,12:55,2026-01-01 12:55,26150.35,26158.05,26147.25,26151.6,1969156
2026-01-01,13:00,2026-01-01 13:00,26152.45,26155.6,26147.55,26151.8,1918958
2026-01-01,13:05,2026-01-01 13:05,26151.6,26157.0,26150.1,26155.95,2715989
2026-01-01,13:10,2026-01-01 13:10,26155.8,26158.7,26144.35,26151.45,2090761
2026-01-01,13:15,2026-01-01 13:15,26150.8,26167.95,26149.9,26165.45,2443573
2026-01-01,13:20,2026-01-01 13:20,26164.95,26166.2,26129.7,26130.55,3695685
2026-01-01,13:25,2026-01-01 13:25,26130.5,26157.35,26130.35,26154.45,3156968
2026-01-01,13:30,2026-01-01 13:30,26155.35,26161.35,26145.2,26146.6,4145661
2026-01-01,13:35,2026-01-01 13:35,26146.85,26154.65,26141.1,26146.05,2629379
2026-01-01,13:40,2026-01-01 13:40,26146.35,26148.3,26137.95,26146.8,1816817
2026-01-01,13:45,2026-01-01 13:45,26146.1,26149.55,26139.25,26146.85,1861480
2026-01-01,13:50,2026-01-01 13:50,26146.3,26161.9,26145.85,26158.4,2906113
2026-01-01,13:55,2026-01-01 13:55,26159.15,26163.2,26153.95,26157.4,2020414
2026-01-01,14:00,2026-01-01 14:00,26157.1,26172.05,26153.2,26168.0,6980005
2026-01-01,14:05,2026-01-01 14:05,26169.05,26176.2,26162.6,26163.05,10584382
2026-01-01,14:10,2026-01-01 14:10,26162.6,26170.15,26160.8,26168.0,4793051
2026-01-01,14:15,2026-01-01 14:15,26166.85,26175.1,26161.6,26171.2,3787138
2026-01-01,14:20,2026-01-01 14:20,26171.05,26178.0,26154.7,26160.95,4691063
2026-01-01,14:25,2026-01-01 14:25,26160.55,26162.6,26151.9,26152.4,3551368
2026-01-01,14:30,2026-01-01 14:30,26152.15,26164.3,26149.3,26162.5,3538389
2026-01-01,14:35,2026-01-01 14:35,26162.55,26166.25,26159.3,26164.3,4833136
2026-01-01,14:40,2026-01-01 14:40,26164.65,26166.35,26157.9,26159.65,3914923
2026-01-01,14:45,2026-01-01 14:45,26160.35,26163.85,26152.7,26154.4,5609715
2026-01-01,14:50,2026-01-01 14:50,26154.0,26164.0,26150.9,26155.4,5186407
2026-01-01,14:55,2026-01-01 14:55,26156.05,26165.8,26155.95,26160.4,3599803
2026-01-01,15:00,2026-01-01 15:00,26163.2,26166.0,26137.65,26161.8,5769470
2026-01-01,15:05,2026-01-01 15:05,26162.95,26168.6,26151.05,26151.7,8541890
2026-01-01,15:10,2026-01-01 15:10,26152.65,26154.15,26135.95,26142.85,8384799
2026-01-01,15:15,2026-01-01 15:15,26142.55,26146.2,26126.8,26143.6,8896739
2026-01-01,15:20,2026-01-01 15:20,26144.6,26145.45,26134.65,26138.05,8356031
2026-01-01,15:25,2026-01-01 15:25,26139.55,26145.15,26129.1,26140.25,8460546
2026-01-02,09:15,2026-01-02 09:15,26155.1,26182.65,26118.4,26181.65,28045571
2026-01-02,09:20,2026-01-02 09:20,26181.75,26202.35,26178.5,26192.45,11521496
2026-01-02,09:25,2026-01-02 09:25,26192.6,26210.4,26181.15,26208.1,7425388
2026-01-02,09:30,2026-01-02 09:30,26207.0,26216.2,26196.15,26197.65,7918965
2026-01-02,09:35,2026-01-02 09:35,26199.3,26212.75,26195.9,26211.65,9709933
2026-01-02,09:40,2026-01-02 09:40,26211.75,26249.65,26210.7,26248.05,6329488
2026-01-02,09:45,2026-01-02 09:45,26248.35,26257.4,26243.65,26253.8,5084405
2026-01-02,09:50,2026-01-02 09:50,26253.95,26272.85,26253.75,26268.0,5049369
2026-01-02,09:55,2026-01-02 09:55,26268.3,26268.75,26253.55,26254.6,5257589
2026-01-02,10:00,2026-01-02 10:00,26254.1,26261.0,26246.5,26251.95,5875164
2026-01-02,10:05,2026-01-02 10:05,26252.6,26254.8,26239.45,26239.7,3793353
2026-01-02,10:10,2026-01-02 10:10,26240.25,26255.85,26238.65,26254.65,4247929
2026-01-02,10:15,2026-01-02 10:15,26254.9,26266.2,26248.3,26251.4,6232229
2026-01-02,10:20,2026-01-02 10:20,26251.65,26256.7,26246.65,26252.0,6274665
2026-01-02,10:25,2026-01-02 10:25,26252.25,26253.85,26243.9,26247.1,5213402
2026-01-02,10:30,2026-01-02 10:30,26246.8,26247.45,26235.05,26240.25,4017919
2026-01-02,10:35,2026-01-02 10:35,26239.9,26255.9,26239.0,26253.5,3600598
2026-01-02,10:40,2026-01-02 10:40,26254.65,26259.95,26248.75,26253.65,6174592
2026-01-02,10:45,2026-01-02 10:45,26253.7,26264.3,26252.05,26261.45,6253041
2026-01-02,10:50,2026-01-02 10:50,26261.35,26267.85,26256.15,26258.3,4014383
2026-01-02,10:55,2026-01-02 10:55,26258.2,26264.2,26252.7,26263.35,3139452
2026-01-02,11:00,2026-01-02 11:00,26262.7,26265.05,26253.75,26257.0,3630881
2026-01-02,11:05,2026-01-02 11:05,26256.55,26260.1,26248.05,26252.0,4531027
2026-01-02,11:10,2026-01-02 11:10,26251.85,26257.7,26243.3,26254.05,3684181
2026-01-02,11:15,2026-01-02 11:15,26253.3,26265.5,26252.75,26262.1,3325955
2026-01-02,11:20,2026-01-02 11:20,26261.55,26269.65,26259.7,26265.6,3128454
2026-01-02,11:25,2026-01-02 11:25,26265.9,26275.05,26262.7,26273.25,4186228
2026-01-02,11:30,2026-01-02 11:30,26273.35,26286.45,26270.7,26284.55,3923648
2026-01-02,11:35,2026-01-02 11:35,26284.8,26286.6,26279.35,26284.0,3451530
2026-01-02,11:40,2026-01-02 11:40,26283.85,26289.05,26276.7,26285.5,3312613
2026-01-02,11:45,2026-01-02 11:45,26285.6,26291.2,26280.55,26290.2,2952146
2026-01-02,11:50,2026-01-02 11:50,26289.85,26298.7,26286.95,26294.6,3126631
2026-01-02,11:55,2026-01-02 11:55,26294.65,26294.8,26278.1,26280.0,3207629
2026-01-02,12:00,2026-01-02 12:00,26280.7,26288.5,26275.05,26287.1,4085126
2026-01-02,12:05,2026-01-02 12:05,26287.1,26291.2,26283.75,26286.35,3418478
2026-01-02,12:10,2026-01-02 12:10,26286.55,26290.1,26282.95,26287.6,3288642
2026-01-02,12:15,2026-01-02 12:15,26287.1,26290.95,26277.0,26279.5,3355328
2026-01-02,12:20,2026-01-02 12:20,26280.35,26296.65,26279.95,26295.35,3341686
2026-01-02,12:25,2026-01-02 12:25,26295.0,26301.1,26291.9,26297.85,2978512
2026-01-02,12:30,2026-01-02 12:30,26297.45,26310.9,26296.5,26309.6,3367841
2026-01-02,12:35,2026-01-02 12:35,26309.75,26312.4,26302.35,26303.8,3593998
2026-01-02,12:40,2026-01-02 12:40,26303.95,26309.05,26302.75,26303.05,3746808
2026-01-02,12:45,2026-01-02 12:45,26301.65,26304.25,26286.7,26289.4,3050150
2026-01-02,12:50,2026-01-02 12:50,26291.05,26295.3,26288.3,26292.5,2848812
2026-01-02,12:55,2026-01-02 12:55,26291.9,26298.55,26289.1,26295.7,3675766
2026-01-02,13:00,2026-01-02 13:00,26294.95,26297.85,26290.2,26296.75,3092302
2026-01-02,13:05,2026-01-02 13:05,26295.75,26301.5,26294.95,26297.15,2531757
2026-01-02,13:10,2026-01-02 13:10,26297.15,26305.9,26295.25,26302.75,3178082
2026-01-02,13:15,2026-01-02 13:15,26302.75,26306.4,26301.05,26305.85,4425723
2026-01-02,13:20,2026-01-02 13:20,26305.85,26314.55,26302.75,26310.1,3203536
2026-01-02,13:25,2026-01-02 13:25,26310.7,26311.7,26300.2,26302.5,3104989
2026-01-02,13:30,2026-01-02 13:30,26302.1,26307.4,26298.95,26304.45,3049588
2026-01-02,13:35,2026-01-02 13:35,26306.25,26310.05,26302.1,26304.65,2426323
2026-01-02,13:40,2026-01-02 13:40,26304.5,26307.95,26299.8,26304.6,3255677
2026-01-02,13:45,2026-01-02 13:45,26304.7,26309.75,26298.1,26303.65,3018639
2026-01-02,13:50,2026-01-02 13:50,26303.4,26310.95,26299.85,26305.35,2833405
2026-01-02,13:55,2026-01-02 13:55,26305.2,26307.05,26296.35,26298.1,2538661
2026-01-02,14:00,2026-01-02 14:00,26298.6,26304.2,26295.95,26298.0,2575368
2026-01-02,14:05,2026-01-02 14:05,26297.85,26304.5,26295.8,26303.95,2219263
2026-01-02,14:10,2026-01-02 14:10,26304.15,26306.6,26299.4,26302.8,2077616
2026-01-02,14:15,2026-01-02 14:15,26302.6,26308.8,26301.75,26305.8,2666084
2026-01-02,14:20,2026-01-02 14:20,26307.6,26315.05,26302.3,26313.65,2855352
2026-01-02,14:25,2026-01-02 14:25,26313.45,26313.45,26303.65,26307.3,3008649
2026-01-02,14:30,2026-01-02 14:30,26307.0,26307.0,26278.2,26285.65,3096772
2026-01-02,14:35,2026-01-02 14:35,26285.15,26285.35,26272.85,26273.65,4983376
2026-01-02,14:40,2026-01-02 14:40,26273.25,26277.9,26267.2,26271.8,3861564
2026-01-02,14:45,2026-01-02 14:45,26272.1,26273.55,26265.85,26271.55,2927663
2026-01-02,14:50,2026-01-02 14:50,26272.25,26288.6,26270.85,26285.8,5068064
2026-01-02,14:55,2026-01-02 14:55,26286.85,26296.5,26283.8,26294.25,3835634
2026-01-02,15:00,2026-01-02 15:00,26297.05,26315.4,26297.05,26313.1,6955135
2026-01-02,15:05,2026-01-02 15:05,26309.6,26323.05,26308.85,26322.6,4987058
2026-01-02,15:10,2026-01-02 15:10,26320.8,26332.15,26320.8,26324.75,8704836
2026-01-02,15:15,2026-01-02 15:15,26322.7,26326.8,26319.5,26326.25,9467719
2026-01-02,15:20,2026-01-02 15:20,26324.45,26337.3,26321.75,26333.45,9707727
2026-01-02,15:25,2026-01-02 15:25,26332.2,26340.0,26329.45,26335.7,9852508
2026-01-02,15:30,2026-01-02 15:30,26335.7,26335.7,26335.7,26335.7,1380339
2026-01-05,09:15,2026-01-05 09:15,26333.7,26358.25,26306.15,26340.25,20860408
2026-01-05,09:20,2026-01-05 09:20,26340.95,26340.95,26293.25,26297.55,11278993
2026-01-05,09:25,2026-01-05 09:25,26300.2,26323.25,26287.65,26301.6,9619993
2026-01-05,09:30,2026-01-05 09:30,26301.2,26301.65,26269.5,26272.35,8101250
2026-01-05,09:35,2026-01-05 09:35,26272.6,26282.65,26263.6,26278.15,8402157
2026-01-05,09:40,2026-01-05 09:40,26278.35,26296.95,26272.2,26279.25,7866652
2026-01-05,09:45,2026-01-05 09:45,26280.1,26298.95,26274.0,26298.95,6736643
2026-01-05,09:50,2026-01-05 09:50,26299.1,26311.65,26285.5,26305.0,5648104
2026-01-05,09:55,2026-01-05 09:55,26305.1,26326.5,26303.75,26316.9,5495224
2026-01-05,10:00,2026-01-05 10:00,26317.0,26324.3,26291.6,26292.0,6748478
2026-01-05,10:05,2026-01-05 10:05,26292.0,26336.4,26285.1,26335.35,5440895
2026-01-05,10:10,2026-01-05 10:10,26334.8,26342.3,26331.75,26339.15,4857723
2026-01-05,10:15,2026-01-05 10:15,26339.1,26360.55,26337.0,26357.3,5491009
2026-01-05,10:20,2026-01-05 10:20,26356.15,26369.25,26351.45,26367.7,4319346
2026-01-05,10:25,2026-01-05 10:25,26366.85,26373.2,26353.0,26354.55,3694765
2026-01-05,10:30,2026-01-05 10:30,26354.85,26358.25,26349.55,26352.6,3391501
2026-01-05,10:35,2026-01-05 10:35,26352.6,26363.0,26349.8,26363.0,3481763
2026-01-05,10:40,2026-01-05 10:40,26362.9,26363.35,26333.95,26348.4,3346336
2026-01-05,10:45,2026-01-05 10:45,26348.5,26357.5,26343.4,26352.15,3217310
2026-01-05,10:50,2026-01-05 10:50,26351.25,26361.35,26350.95,26356.45,3131242
2026-01-05,10:55,2026-01-05 10:55,26356.05,26362.05,26348.95,26349.6,2765071
2026-01-05,11:00,2026-01-05 11:00,26348.0,26365.0,26346.65,26361.85,3959830
2026-01-05,11:05,2026-01-05 11:05,26362.5,26363.55,26349.95,26353.1,3870217
2026-01-05,11:10,2026-01-05 11:10,26352.3,26360.9,26348.0,26359.25,3426594
2026-01-05,11:15,2026-01-05 11:15,26358.95,26361.35,26341.55,26344.1,3387119
2026-01-05,11:20,2026-01-05 11:20,26343.75,26346.8,26320.4,26320.75,3261828
2026-01-05,11:25,2026-01-05 11:25,26320.3,26329.6,26313.85,26326.65,3935408
2026-01-05,11:30,2026-01-05 11:30,26327.4,26335.3,26316.8,26319.15,2425107
2026-01-05,11:35,2026-01-05 11:35,26317.55,26326.15,26315.5,26325.3,2376829
2026-01-05,11:40,2026-01-05 11:40,26325.85,26341.6,26324.0,26338.7,7066131
2026-01-05,11:45,2026-01-05 11:45,26338.7,26341.15,26329.9,26336.95,3338936
2026-01-05,11:50,2026-01-05 11:50,26337.65,26340.25,26322.25,26325.75,2716515
2026-01-05,11:55,2026-01-05 11:55,26325.3,26337.3,26317.65,26332.05,2889517
2026-01-05,12:00,2026-01-05 12:00,26331.5,26334.1,26311.5,26319.75,3313703
2026-01-05,12:05,2026-01-05 12:05,26319.5,26327.05,26313.75,26323.15,2265898
2026-01-05,12:10,2026-01-05 12:10,26322.9,26334.85,26319.05,26333.2,2066665
2026-01-05,12:15,2026-01-05 12:15,26334.2,26339.95,26331.35,26336.65,3328361
2026-01-05,12:20,2026-01-05 12:20,26336.0,26343.35,26329.5,26337.4,1875353
2026-01-05,12:25,2026-01-05 12:25,26336.85,26337.8,26329.8,26333.4,1704278
2026-01-05,12:30,2026-01-05 12:30,26333.1,26342.65,26331.9,26333.95,4599178
2026-01-05,12:35,2026-01-05 12:35,26333.1,26341.95,26332.6,26335.7,2401144
2026-01-05,12:40,2026-01-05 12:40,26336.35,26338.9,26330.45,26333.05,4077497
2026-01-05,12:45,2026-01-05 12:45,26332.85,26333.65,26326.4,26333.65,2976389
2026-01-05,12:50,2026-01-05 12:50,26333.8,26349.35,26333.35,26343.0,3160820
2026-01-05,12:55,2026-01-05 12:55,26342.9,26346.5,26330.5,26333.4,2720892
2026-01-05,13:00,2026-01-05 13:00,26333.15,26334.9,26328.65,26329.55,2292763
2026-01-05,13:05,2026-01-05 13:05,26329.95,26330.25,26319.45,26320.45,2962546
2026-01-05,13:10,2026-01-05 13:10,26320.35,26322.0,26307.8,26308.75,2288673
2026-01-05,13:15,2026-01-05 13:15,26308.15,26308.4,26293.7,26304.1,2413893
2026-01-05,13:20,2026-01-05 13:20,26303.75,26312.25,26295.45,26308.85,2541768
2026-01-05,13:25,2026-01-05 13:25,26309.45,26312.9,26292.85,26294.65,2745141
2026-01-05,13:30,2026-01-05 13:30,26295.15,26295.75,26282.65,26288.3,2601374
2026-01-05,13:35,2026-01-05 13:35,26287.15,26290.0,26280.4,26283.05,2550076
2026-01-05,13:40,2026-01-05 13:40,26283.4,26298.3,26279.85,26296.3,2408881
2026-01-05,13:45,2026-01-05 13:45,26296.1,26296.1,26269.95,26269.95,2954830
2026-01-05,13:50,2026-01-05 13:50,26270.0,26270.15,26257.0,26261.5,3573938
2026-01-05,13:55,2026-01-05 13:55,26262.15,26270.15,26252.0,26252.6,2840735
2026-01-05,14:00,2026-01-05 14:00,26252.2,26253.25,26221.95,26223.95,4658290
2026-01-05,14:05,2026-01-05 14:05,26224.2,26228.65,26210.05,26218.95,4575656
2026-01-05,14:10,2026-01-05 14:10,26218.6,26231.1,26218.6,26226.75,3012500
2026-01-05,14:15,2026-01-05 14:15,26226.8,26236.05,26223.9,26226.15,2617306
2026-01-05,14:20,2026-01-05 14:20,26226.0,26235.95,26210.8,26234.1,2713069
2026-01-05,14:25,2026-01-05 14:25,26234.35,26239.3,26226.25,26227.25,3219398
2026-01-05,14:30,2026-01-05 14:30,26227.0,26248.6,26227.0,26246.5,3326464
2026-01-05,14:35,2026-01-05 14:35,26246.8,26250.7,26233.8,26235.45,2958693
2026-01-05,14:40,2026-01-05 14:40,26233.9,26258.7,26233.9,26257.15,2910680
2026-01-05,14:45,2026-01-05 14:45,26257.15,26261.1,26252.45,26260.4,2988214
2026-01-05,14:50,2026-01-05 14:50,26261.15,26282.85,26257.5,26273.5,4889372
2026-01-05,14:55,2026-01-05 14:55,26273.25,26281.45,26268.45,26280.1,4107957
2026-01-05,15:00,2026-01-05 15:00,26279.4,26282.9,26263.0,26269.25,6822376
2026-01-05,15:05,2026-01-05 15:05,26269.65,26269.65,26251.3,26255.5,7181379
2026-01-05,15:10,2026-01-05 15:10,26256.3,26257.9,26243.3,26249.25,7935821
2026-01-05,15:15,2026-01-05 15:15,26249.85,26250.55,26240.6,26243.55,8841757
2026-01-05,15:20,2026-01-05 15:20,26243.5,26244.35,26236.05,26238.45,9297574
2026-01-05,15:25,2026-01-05 15:25,26240.15,26247.95,26232.6,26244.65,8446580
2026-01-05,15:30,2026-01-05 15:30,26244.65,26244.65,26244.65,26244.65,1094809
2026-01-06,09:15,2026-01-06 09:15,26189.7,26238.6,26144.7,26195.8,22879807
2026-01-06,09:20,2026-01-06 09:20,26194.95,26203.6,26184.5,26193.45,12405799
2026-01-06,09:25,2026-01-06 09:25,26193.65,26195.5,26168.25,26173.85,8105697
2026-01-06,09:30,2026-01-06 09:30,26171.85,26224.65,26171.85,26215.05,8112729
2026-01-06,09:35,2026-01-06 09:35,26217.35,26229.3,26193.4,26200.0,6822495
2026-01-06,09:40,2026-01-06 09:40,26199.1,26205.4,26190.65,26199.35,4938666
2026-01-06,09:45,2026-01-06 09:45,26199.3,26229.3,26197.8,26227.1,4204985
2026-01-06,09:50,2026-01-06 09:50,26227.65,26235.05,26224.0,26228.5,3795348
2026-01-06,09:55,2026-01-06 09:55,26227.65,26259.35,26227.65,26256.8,4041420
2026-01-06,10:00,2026-01-06 10:00,26258.35,26273.95,26256.9,26259.45,4309554
2026-01-06,10:05,2026-01-06 10:05,26256.55,26258.65,26241.3,26245.9,3968084
2026-01-06,10:10,2026-01-06 10:10,26244.9,26251.0,26237.15,26243.25,2995594
2026-01-06,10:15,2026-01-06 10:15,26242.2,26252.9,26230.35,26231.5,3719125
2026-01-06,10:20,2026-01-06 10:20,26231.05,26236.15,26218.1,26220.85,3219283
2026-01-06,10:25,2026-01-06 10:25,26219.95,26230.8,26219.95,26224.1,3535755
2026-01-06,10:30,2026-01-06 10:30,26223.1,26238.5,26222.15,26231.3,3401292
2026-01-06,10:35,2026-01-06 10:35,26230.9,26232.6,26205.5,26209.75,3976643
2026-01-06,10:40,2026-01-06 10:40,26208.1,26216.6,26201.35,26212.1,3252779
2026-01-06,10:45,2026-01-06 10:45,26211.75,26220.2,26207.15,26208.95,3606220
2026-01-06,10:50,2026-01-06 10:50,26209.0,26218.05,26206.65,26216.6,3224961
2026-01-06,10:55,2026-01-06 10:55,26216.55,26221.0,26201.35,26201.35,3554321
2026-01-06,11:00,2026-01-06 11:00,26201.7,26216.0,26198.1,26213.45,3649880
2026-01-06,11:05,2026-01-06 11:05,26211.95,26222.15,26211.95,26219.0,2501355
2026-01-06,11:10,2026-01-06 11:10,26218.85,26220.25,26192.65,26194.45,3028553
2026-01-06,11:15,2026-01-06 11:15,26194.8,26195.65,26152.0,26156.6,5250683
2026-01-06,11:20,2026-01-06 11:20,26156.1,26157.3,26141.05,26154.85,4288929
2026-01-06,11:25,2026-01-06 11:25,26154.55,26173.25,26147.2,26173.05,4365119
2026-01-06,11:30,2026-01-06 11:30,26172.15,26176.6,26165.9,26170.75,2689614
2026-01-06,11:35,2026-01-06 11:35,26170.1,26181.15,26166.1,26177.3,2562532
2026-01-06,11:40,2026-01-06 11:40,26176.7,26196.6,26175.3,26193.6,7775367
2026-01-06,11:45,2026-01-06 11:45,26193.0,26197.35,26181.2,26196.4,3107750
2026-01-06,11:50,2026-01-06 11:50,26195.4,26200.2,26187.45,26192.3,3663508
2026-01-06,11:55,2026-01-06 11:55,26192.5,26194.55,26171.65,26174.5,3069822
2026-01-06,12:00,2026-01-06 12:00,26173.1,26179.4,26162.3,26175.95,8126562
2026-01-06,12:05,2026-01-06 12:05,26175.8,26176.85,26153.0,26158.8,3355358
2026-01-06,12:10,2026-01-06 12:10,26157.45,26170.75,26157.0,26167.65,3767606
2026-01-06,12:15,2026-01-06 12:15,26167.5,26169.8,26160.6,26163.65,3220683
2026-01-06,12:20,2026-01-06 12:20,26163.85,26165.95,26150.7,26152.7,3116069
2026-01-06,12:25,2026-01-06 12:25,26152.4,26166.6,26150.15,26161.85,3039440
2026-01-06,12:30,2026-01-06 12:30,26161.6,26165.5,26155.25,26163.0,2401324
2026-01-06,12:35,2026-01-06 12:35,26162.85,26167.2,26159.65,26161.15,2460544
2026-01-06,12:40,2026-01-06 12:40,26160.8,26169.8,26159.95,26163.7,2802429
2026-01-06,12:45,2026-01-06 12:45,26163.75,26167.3,26156.2,26158.5,2627707
2026-01-06,12:50,2026-01-06 12:50,26158.35,26170.95,26156.4,26168.75,2726393
2026-01-06,12:55,2026-01-06 12:55,26169.3,26180.1,26169.05,26178.9,2802364
2026-01-06,13:00,2026-01-06 13:00,26178.75,26186.8,26171.8,26177.2,2184053
2026-01-06,13:05,2026-01-06 13:05,26176.05,26195.0,26174.9,26186.55,2846875
2026-01-06,13:10,2026-01-06 13:10,26186.45,26190.2,26172.5,26174.7,2762633
2026-01-06,13:15,2026-01-06 13:15,26173.95,26174.7,26161.2,26166.4,2670569
2026-01-06,13:20,2026-01-06 13:20,26167.05,26169.5,26160.3,26163.2,2693001
2026-01-06,13:25,2026-01-06 13:25,26162.65,26165.5,26152.0,26162.25,3148176
2026-01-06,13:30,2026-01-06 13:30,26161.75,26163.1,26147.15,26156.25,2887627
2026-01-06,13:35,2026-01-06 13:35,26156.35,26160.8,26152.55,26155.65,2593620
2026-01-06,13:40,2026-01-06 13:40,26155.45,26164.35,26152.2,26164.1,2722960
2026-01-06,13:45,2026-01-06 13:45,26163.65,26171.35,26156.9,26170.6,2471693
2026-01-06,13:50,2026-01-06 13:50,26169.9,26179.7,26150.15,26154.55,21691622
2026-01-06,13:55,2026-01-06 13:55,26153.65,26160.3,26149.75,26153.25,6734825
2026-01-06,14:00,2026-01-06 14:00,26151.95,26172.3,26151.9,26152.9,5567474
2026-01-06,14:05,2026-01-06 14:05,26153.15,26162.65,26136.05,26139.15,5976132
2026-01-06,14:10,2026-01-06 14:10,26138.15,26140.75,26125.8,26133.15,4188241
2026-01-06,14:15,2026-01-06 14:15,26133.25,26139.5,26131.2,26134.75,5503383
2026-01-06,14:20,2026-01-06 14:20,26134.9,26142.4,26125.3,26141.1,6221693
2026-01-06,14:25,2026-01-06 14:25,26140.3,26148.05,26137.25,26148.05,4935881
2026-01-06,14:30,2026-01-06 14:30,26147.75,26150.95,26139.6,26144.5,3767617
2026-01-06,14:35,2026-01-06 14:35,26144.6,26149.35,26124.75,26143.25,5758529
2026-01-06,14:40,2026-01-06 14:40,26142.45,26153.85,26142.45,26149.7,4626797
2026-01-06,14:45,2026-01-06 14:45,26149.8,26165.5,26147.65,26165.15,6117032
2026-01-06,14:50,2026-01-06 14:50,26164.15,26169.8,26155.5,26156.75,3889454
2026-01-06,14:55,2026-01-06 14:55,26157.15,26164.55,26155.15,26164.0,4221433
2026-01-06,15:00,2026-01-06 15:00,26165.05,26182.85,26165.05,26178.5,8320869
2026-01-06,15:05,2026-01-06 15:05,26177.8,26187.7,26169.8,26178.75,8774164
2026-01-06,15:10,2026-01-06 15:10,26177.75,26183.6,26166.45,26175.95,7953352
2026-01-06,15:15,2026-01-06 15:15,26175.0,26182.95,26172.1,26181.25,10648393
2026-01-06,15:20,2026-01-06 15:20,26181.35,26186.1,26179.5,26183.2,12328510
2026-01-06,15:25,2026-01-06 15:25,26184.9,26186.5,26170.85,26174.65,9245085
2026-01-07,09:15,2026-01-07 09:15,26143.1,26166.0,26104.3,26125.65,16067466
2026-01-07,09:20,2026-01-07 09:20,26128.5,26160.55,26125.4,26154.6,7526534
2026-01-07,09:25,2026-01-07 09:25,26155.65,26155.65,26113.95,26120.35,5103668
2026-01-07,09:30,2026-01-07 09:30,26121.75,26141.85,26119.05,26133.3,5710920
2026-01-07,09:35,2026-01-07 09:35,26133.3,26149.65,26130.9,26144.2,5233752
2026-01-07,09:40,2026-01-07 09:40,26145.25,26150.95,26106.15,26108.2,4540771
2026-01-07,09:45,2026-01-07 09:45,26108.1,26125.55,26101.85,26114.95,4390407
2026-01-07,09:50,2026-01-07 09:50,26115.25,26118.2,26096.65,26108.05,3809350
2026-01-07,09:55,2026-01-07 09:55,26108.65,26139.05,26107.1,26138.8,7825307
2026-01-07,10:00,2026-01-07 10:00,26138.95,26153.3,26132.9,26146.15,4318444
2026-01-07,10:05,2026-01-07 10:05,26146.25,26163.55,26139.3,26162.9,4565588
2026-01-07,10:10,2026-01-07 10:10,26163.6,26168.2,26155.9,26167.25,4849939
2026-01-07,10:15,2026-01-07 10:15,26167.75,26187.15,26156.05,26159.75,4437381
2026-01-07,10:20,2026-01-07 10:20,26159.65,26171.3,26150.15,26151.5,3411481
2026-01-07,10:25,2026-01-07 10:25,26152.25,26155.45,26129.75,26134.0,4296562
2026-01-07,10:30,2026-01-07 10:30,26135.6,26143.7,26129.6,26131.45,3108909
2026-01-07,10:35,2026-01-07 10:35,26131.5,26137.55,26125.2,26136.4,2590268
2026-01-07,10:40,2026-01-07 10:40,26136.55,26145.25,26134.9,26141.9,2718205
2026-01-07,10:45,2026-01-07 10:45,26142.4,26149.15,26133.8,26141.35,2831429
2026-01-07,10:50,2026-01-07 10:50,26142.15,26167.95,26139.2,26165.85,3267410
2026-01-07,10:55,2026-01-07 10:55,26166.35,26175.7,26155.6,26163.35,3683669
2026-01-07,11:00,2026-01-07 11:00,26164.5,26179.75,26159.35,26179.05,3718048
2026-01-07,11:05,2026-01-07 11:05,26179.7,26184.75,26171.55,26171.65,4056730
2026-01-07,11:10,2026-01-07 11:10,26172.35,26172.35,26150.55,26151.6,5125042
2026-01-07,11:15,2026-01-07 11:15,26151.7,26153.7,26140.2,26152.85,5398672
2026-01-07,11:20,2026-01-07 11:20,26153.05,26155.5,26131.8,26138.85,4062458
2026-01-07,11:25,2026-01-07 11:25,26139.1,26156.8,26138.35,26142.4,15414576
2026-01-07,11:30,2026-01-07 11:30,26143.25,26162.15,26142.65,26158.15,2910111
2026-01-07,11:35,2026-01-07 11:35,26159.55,26166.45,26140.8,26146.15,2819734
2026-01-07,11:40,2026-01-07 11:40,26146.6,26150.8,26142.05,26143.2,4301879
2026-01-07,11:45,2026-01-07 11:45,26143.8,26144.35,26128.85,26135.65,3152770
2026-01-07,11:50,2026-01-07 11:50,26135.5,26140.65,26121.45,26121.45,2899168
2026-01-07,11:55,2026-01-07 11:55,26122.55,26130.6,26118.95,26120.65,2915717
2026-01-07,12:00,2026-01-07 12:00,26121.55,26123.3,26112.15,26115.2,2760512
2026-01-07,12:05,2026-01-07 12:05,26115.7,26118.15,26106.2,26112.0,2915632
2026-01-07,12:10,2026-01-07 12:10,26112.1,26115.8,26108.25,26112.1,2271676
2026-01-07,12:15,2026-01-07 12:15,26112.55,26115.55,26102.75,26102.75,2568547
2026-01-07,12:20,2026-01-07 12:20,26103.55,26110.55,26099.3,26103.6,3718273
2026-01-07,12:25,2026-01-07 12:25,26104.0,26112.1,26096.45,26098.05,3181756
2026-01-07,12:30,2026-01-07 12:30,26098.9,26110.3,26097.75,26106.25,4866861
2026-01-07,12:35,2026-01-07 12:35,26106.55,26108.45,26097.25,26106.7,2765165
2026-01-07,12:40,2026-01-07 12:40,26107.5,26108.25,26078.55,26083.25,2169500
2026-01-07,12:45,2026-01-07 12:45,26083.45,26088.2,26077.0,26081.2,2566438
2026-01-07,12:50,2026-01-07 12:50,26081.4,26089.8,26080.7,26086.4,2461785
2026-01-07,12:55,2026-01-07 12:55,26087.55,26099.45,26086.85,26098.0,3568586
2026-01-07,13:00,2026-01-07 13:00,26098.6,26109.05,26096.8,26107.0,2601038
2026-01-07,13:05,2026-01-07 13:05,26107.45,26109.55,26100.65,26106.15,2867705
2026-01-07,13:10,2026-01-07 13:10,26106.3,26114.0,26102.65,26102.9,2788179
2026-01-07,13:15,2026-01-07 13:15,26103.25,26104.85,26094.75,26098.7,3302933
2026-01-07,13:20,2026-01-07 13:20,26098.9,26099.55,26089.8,26089.8,2542224
2026-01-07,13:25,2026-01-07 13:25,26090.25,26091.65,26069.3,26073.0,4380227
2026-01-07,13:30,2026-01-07 13:30,26073.25,26078.35,26068.7,26071.1,3709333
2026-01-07,13:35,2026-01-07 13:35,26071.75,26084.95,26070.05,26081.25,3081748
2026-01-07,13:40,2026-01-07 13:40,26081.7,26082.05,26067.9,26076.1,5794965
2026-01-07,13:45,2026-01-07 13:45,26076.6,26084.15,26071.15,26082.9,3247771
2026-01-07,13:50,2026-01-07 13:50,26083.35,26086.2,26070.7,26081.2,3445752
2026-01-07,13:55,2026-01-07 13:55,26081.8,26093.4,26078.05,26092.5,2701135
2026-01-07,14:00,2026-01-07 14:00,26093.45,26100.0,26082.2,26099.15,2763445
2026-01-07,14:05,2026-01-07 14:05,26099.45,26103.0,26093.25,26099.9,2997401
2026-01-07,14:10,2026-01-07 14:10,26100.1,26106.15,26098.2,26098.85,2614209
2026-01-07,14:15,2026-01-07 14:15,26099.25,26099.55,26087.65,26091.3,3621046
2026-01-07,14:20,2026-01-07 14:20,26092.65,26098.25,26084.0,26088.15,2687583
2026-01-07,14:25,2026-01-07 14:25,26088.75,26097.75,26085.35,26096.2,2571476
2026-01-07,14:30,2026-01-07 14:30,26096.45,26099.85,26083.2,26087.2,3413536
2026-01-07,14:35,2026-01-07 14:35,26089.6,26100.55,26086.75,26099.3,2633902
2026-01-07,14:40,2026-01-07 14:40,26099.25,26111.45,26095.5,26109.0,3833391
2026-01-07,14:45,2026-01-07 14:45,26109.35,26109.8,26094.1,26097.25,5064522
2026-01-07,14:50,2026-01-07 14:50,26097.3,26121.3,26095.4,26119.25,4695877
2026-01-07,14:55,2026-01-07 14:55,26119.2,26120.75,26111.65,26117.35,5216731
2026-01-07,15:00,2026-01-07 15:00,26125.1,26135.35,26119.6,26128.4,8607549
2026-01-07,15:05,2026-01-07 15:05,26129.85,26146.8,26128.9,26145.5,8392982
2026-01-07,15:10,2026-01-07 15:10,26146.05,26152.95,26140.75,26151.8,8890176
2026-01-07,15:15,2026-01-07 15:15,26153.4,26153.6,26136.3,26140.5,9849989
2026-01-07,15:20,2026-01-07 15:20,26141.4,26141.4,26133.75,26137.45,10992537
2026-01-07,15:25,2026-01-07 15:25,26138.1,26149.15,26136.05,26142.9,9038357
2026-01-08,09:15,2026-01-08 09:15,26106.5,26133.2,26074.85,26123.25,14573301
2026-01-08,09:20,2026-01-08 09:20,26119.85,26119.85,26090.9,26096.75,7543712
2026-01-08,09:25,2026-01-08 09:25,26096.6,26097.0,26063.75,26064.5,5695404
2026-01-08,09:30,2026-01-08 09:30,26065.0,26070.05,26049.85,26060.7,5186917
2026-01-08,09:35,2026-01-08 09:35,26060.8,26095.9,26053.25,26092.45,5551325
2026-01-08,09:40,2026-01-08 09:40,26092.85,26103.35,26087.3,26090.7,5720046
2026-01-08,09:45,2026-01-08 09:45,26090.65,26091.3,26068.45,26082.2,5553885
2026-01-08,09:50,2026-01-08 09:50,26081.75,26099.1,26066.2,26096.75,4138430
2026-01-08,09:55,2026-01-08 09:55,26096.65,26098.65,26084.55,26091.7,3815749
2026-01-08,10:00,2026-01-08 10:00,26091.05,26091.65,26064.75,26066.05,12029931
2026-01-08,10:05,2026-01-08 10:05,26065.9,26072.05,26053.15,26055.4,5330028
2026-01-08,10:10,2026-01-08 10:10,26055.55,26065.1,26047.9,26061.15,3701535
2026-01-08,10:15,2026-01-08 10:15,26061.8,26062.0,26037.15,26037.15,2386312
2026-01-08,10:20,2026-01-08 10:20,26038.35,26041.85,26026.15,26034.8,3365450
2026-01-08,10:25,2026-01-08 10:25,26035.5,26041.85,26030.75,26039.95,5215774
2026-01-08,10:30,2026-01-08 10:30,26040.15,26041.8,26029.15,26037.8,3103923
2026-01-08,10:35,2026-01-08 10:35,26038.5,26042.55,26026.6,26031.15,3000919
2026-01-08,10:40,2026-01-08 10:40,26030.85,26037.3,26025.0,26031.6,3713278
2026-01-08,10:45,2026-01-08 10:45,26031.85,26035.75,26027.0,26027.0,3880125
2026-01-08,10:50,2026-01-08 10:50,26027.1,26031.3,26013.4,26021.55,3817483
2026-01-08,10:55,2026-01-08 10:55,26021.75,26024.5,26012.8,26016.9,4703141
2026-01-08,11:00,2026-01-08 11:00,26017.55,26017.75,26006.4,26016.8,3910243
2026-01-08,11:05,2026-01-08 11:05,26016.3,26016.65,26008.25,26014.5,4505719
2026-01-08,11:10,2026-01-08 11:10,26013.8,26013.8,26000.95,26003.8,3739162
2026-01-08,11:15,2026-01-08 11:15,26001.65,26008.2,25993.6,25999.0,3992921
2026-01-08,11:20,2026-01-08 11:20,25997.8,25998.3,25967.8,25969.0,4290333
2026-01-08,11:25,2026-01-08 11:25,25970.1,25976.15,25963.65,25975.6,3549828
2026-01-08,11:30,2026-01-08 11:30,25975.2,25975.35,25961.8,25968.45,3230059
2026-01-08,11:35,2026-01-08 11:35,25968.15,25985.0,25968.15,25982.4,3761074
2026-01-08,11:40,2026-01-08 11:40,25982.4,25988.6,25973.2,25974.15,3296516
2026-01-08,11:45,2026-01-08 11:45,25974.2,25978.5,25958.15,25958.95,4149760
2026-01-08,11:50,2026-01-08 11:50,25958.75,25967.4,25954.35,25960.35,3413051
2026-01-08,11:55,2026-01-08 11:55,25960.6,25962.1,25935.9,25938.3,3166113
2026-01-08,12:00,2026-01-08 12:00,25938.1,25943.2,25916.45,25917.45,3941181
2026-01-08,12:05,2026-01-08 12:05,25916.55,25922.85,25884.15,25921.4,4445978
2026-01-08,12:10,2026-01-08 12:10,25921.35,25935.75,25916.15,25933.75,3265864
2026-01-08,12:15,2026-01-08 12:15,25934.0,25945.4,25928.5,25930.85,3527207
2026-01-08,12:20,2026-01-08 12:20,25930.25,25933.5,25919.9,25923.3,2819557
2026-01-08,12:25,2026-01-08 12:25,25922.7,25941.5,25922.7,25935.8,2365574
2026-01-08,12:30,2026-01-08 12:30,25935.7,25938.15,25916.15,25917.9,3791146
2026-01-08,12:35,2026-01-08 12:35,25917.5,25929.95,25912.25,25925.25,3330421
2026-01-08,12:40,2026-01-08 12:40,25924.5,25928.35,25916.3,25924.45,3004858
2026-01-08,12:45,2026-01-08 12:45,25924.75,25926.0,25909.5,25913.95,3076955
2026-01-08,12:50,2026-01-08 12:50,25913.7,25920.9,25903.15,25914.75,3706287
2026-01-08,12:55,2026-01-08 12:55,25915.25,25919.15,25910.0,25911.7,2385823
2026-01-08,13:00,2026-01-08 13:00,25912.05,25924.0,25900.75,25923.75,2746608
2026-01-08,13:05,2026-01-08 13:05,25923.65,25928.5,25912.75,25922.6,2426748
2026-01-08,13:10,2026-01-08 13:10,25922.8,25928.2,25919.2,25926.1,2200909
2026-01-08,13:15,2026-01-08 13:15,25925.25,25928.2,25910.4,25915.25,2317506
2026-01-08,13:20,2026-01-08 13:20,25915.2,25917.1,25906.65,25909.75,2471338
2026-01-08,13:25,2026-01-08 13:25,25910.05,25913.15,25893.5,25893.5,2574530
2026-01-08,13:30,2026-01-08 13:30,25894.15,25907.2,25886.4,25902.25,3120047
2026-01-08,13:35,2026-01-08 13:35,25902.5,25911.2,25902.05,25905.35,2901692
2026-01-08,13:40,2026-01-08 13:40,25904.2,25909.5,25898.2,25907.6,2793618
2026-01-08,13:45,2026-01-08 13:45,25907.3,25928.6,25905.2,25919.2,3499385
2026-01-08,13:50,2026-01-08 13:50,25919.15,25924.85,25910.05,25921.0,2524022
2026-01-08,13:55,2026-01-08 13:55,25921.4,25939.0,25920.3,25929.35,3128325
2026-01-08,14:00,2026-01-08 14:00,25929.0,25941.7,25921.25,25928.1,2792487
2026-01-08,14:05,2026-01-08 14:05,25928.15,25942.2,25917.25,25919.2,4465539
2026-01-08,14:10,2026-01-08 14:10,25920.7,25930.0,25915.4,25926.95,2573235
2026-01-08,14:15,2026-01-08 14:15,25926.3,25939.75,25925.4,25935.7,2644146
2026-01-08,14:20,2026-01-08 14:20,25935.85,25946.2,25925.7,25927.3,3036615
2026-01-08,14:25,2026-01-08 14:25,25927.2,25931.2,25900.45,25905.45,3843106
2026-01-08,14:30,2026-01-08 14:30,25906.9,25936.85,25902.1,25932.5,4805528
2026-01-08,14:35,2026-01-08 14:35,25932.95,25940.95,25927.65,25930.3,2836748
2026-01-08,14:40,2026-01-08 14:40,25929.35,25932.5,25919.9,25928.2,3056298
2026-01-08,14:45,2026-01-08 14:45,25928.55,25940.2,25922.85,25930.95,3496263
2026-01-08,14:50,2026-01-08 14:50,25930.55,25933.4,25916.8,25920.5,4244731
2026-01-08,14:55,2026-01-08 14:55,25919.95,25923.6,25910.25,25911.15,4445461
2026-01-08,15:00,2026-01-08 15:00,25912.1,25917.7,25868.15,25868.45,8099278
2026-01-08,15:05,2026-01-08 15:05,25868.95,25879.35,25860.2,25871.85,8012270
2026-01-08,15:10,2026-01-08 15:10,25870.3,25884.35,25870.3,25878.05,8759230
2026-01-08,15:15,2026-01-08 15:15,25878.05,25880.6,25863.6,25874.1,9714065
2026-01-08,15:20,2026-01-08 15:20,25872.05,25882.15,25872.05,25875.8,10470279
2026-01-08,15:25,2026-01-08 15:25,25873.95,25877.55,25858.45,25868.9,9061921
2026-01-09,09:15,2026-01-09 09:15,25840.4,25940.6,25840.2,25938.8,14751774
2026-01-09,09:20,2026-01-09 09:20,25938.85,25938.85,25861.25,25862.35,8221558
2026-01-09,09:25,2026-01-09 09:25,25862.3,25872.25,25839.15,25840.9,8077139
2026-01-09,09:30,2026-01-09 09:30,25841.1,25873.1,25820.8,25837.15,8593117
2026-01-09,09:35,2026-01-09 09:35,25836.05,25848.6,25818.35,25830.1,11906175
2026-01-09,09:40,2026-01-09 09:40,25830.9,25876.7,25819.6,25876.7,6891595
2026-01-09,09:45,2026-01-09 09:45,25876.85,25897.65,25849.65,25887.7,6932823
2026-01-09,09:50,2026-01-09 09:50,25889.55,25889.75,25852.45,25877.3,4009137
2026-01-09,09:55,2026-01-09 09:55,25877.8,25897.0,25876.7,25894.05,4493013
2026-01-09,10:00,2026-01-09 10:00,25894.2,25901.95,25861.55,25872.55,3308729
2026-01-09,10:05,2026-01-09 10:05,25875.05,25886.05,25860.8,25873.45,18525366
2026-01-09,10:10,2026-01-09 10:10,25875.05,25878.45,25850.35,25856.6,2658227
2026-01-09,10:15,2026-01-09 10:15,25858.0,25867.35,25854.3,25862.7,2505243
2026-01-09,10:20,2026-01-09 10:20,25861.5,25881.35,25854.1,25870.45,3105251
2026-01-09,10:25,2026-01-09 10:25,25871.9,25896.85,25858.05,25887.85,3379039
2026-01-09,10:30,2026-01-09 10:30,25888.45,25890.75,25852.25,25853.1,3377152
2026-01-09,10:35,2026-01-09 10:35,25853.15,25858.2,25838.55,25851.0,2665552
2026-01-09,10:40,2026-01-09 10:40,25852.55,25864.15,25843.9,25856.45,2343698
2026-01-09,10:45,2026-01-09 10:45,25856.85,25868.4,25853.3,25855.4,3431709
2026-01-09,10:50,2026-01-09 10:50,25855.75,25861.6,25827.25,25831.65,2749562
2026-01-09,10:55,2026-01-09 10:55,25831.2,25834.2,25806.8,25821.65,3026451
2026-01-09,11:00,2026-01-09 11:00,25821.3,25822.05,25806.0,25810.65,3397345
2026-01-09,11:05,2026-01-09 11:05,25811.0,25819.0,25806.8,25817.1,3802358
2026-01-09,11:10,2026-01-09 11:10,25817.25,25824.3,25798.8,25799.0,3030930
2026-01-09,11:15,2026-01-09 11:15,25800.15,25807.55,25793.65,25796.05,2999281
2026-01-09,11:20,2026-01-09 11:20,25797.05,25800.95,25790.95,25792.75,3248433
2026-01-09,11:25,2026-01-09 11:25,25793.15,25806.7,25792.45,25804.5,3048688
2026-01-09,11:30,2026-01-09 11:30,25805.2,25821.65,25791.65,25791.75,2707727
2026-01-09,11:35,2026-01-09 11:35,25791.55,25791.55,25753.75,25759.95,3813642
2026-01-09,11:40,2026-01-09 11:40,25761.45,25766.75,25753.7,25755.35,3166132
2026-01-09,11:45,2026-01-09 11:45,25754.95,25761.7,25743.5,25746.75,2461042
2026-01-09,11:50,2026-01-09 11:50,25747.85,25751.6,25735.15,25741.75,3545799
2026-01-09,11:55,2026-01-09 11:55,25742.6,25751.3,25737.8,25743.25,2506642
2026-01-09,12:00,2026-01-09 12:00,25743.9,25757.2,25737.3,25756.05,2261929
2026-01-09,12:05,2026-01-09 12:05,25756.75,25761.75,25749.85,25750.05,2431703
2026-01-09,12:10,2026-01-09 12:10,25750.25,25753.35,25734.1,25739.35,2944292
2026-01-09,12:15,2026-01-09 12:15,25740.45,25756.65,25740.2,25745.15,3981060
2026-01-09,12:20,2026-01-09 12:20,25746.3,25746.65,25730.45,25731.1,2764008
2026-01-09,12:25,2026-01-09 12:25,25731.75,25738.55,25714.85,25716.75,2669299
2026-01-09,12:30,2026-01-09 12:30,25717.0,25729.0,25713.6,25718.65,3360370
2026-01-09,12:35,2026-01-09 12:35,25718.0,25718.0,25681.1,25695.2,4421296
2026-01-09,12:40,2026-01-09 12:40,25695.2,25695.2,25674.5,25689.15,3408809
2026-01-09,12:45,2026-01-09 12:45,25688.95,25690.1,25665.15,25673.45,3011747
2026-01-09,12:50,2026-01-09 12:50,25673.8,25698.8,25672.85,25692.9,6235014
2026-01-09,12:55,2026-01-09 12:55,25691.9,25699.45,25683.3,25689.7,14270969
2026-01-09,13:00,2026-01-09 13:00,25691.3,25697.85,25680.65,25689.25,3390488
2026-01-09,13:05,2026-01-09 13:05,25688.55,25695.65,25683.25,25688.35,2816492
2026-01-09,13:10,2026-01-09 13:10,25689.2,25698.3,25686.35,25691.05,2698057
2026-01-09,13:15,2026-01-09 13:15,25691.05,25703.15,25685.25,25702.5,2290056
2026-01-09,13:20,2026-01-09 13:20,25703.1,25716.35,25700.9,25702.35,2819782
2026-01-09,13:25,2026-01-09 13:25,25702.45,25710.0,25699.0,25709.15,3368894
2026-01-09,13:30,2026-01-09 13:30,25708.6,25710.8,25688.1,25694.7,3264814
2026-01-09,13:35,2026-01-09 13:35,25695.85,25730.4,25695.85,25716.1,3225775
2026-01-09,13:40,2026-01-09 13:40,25716.35,25716.35,25681.3,25683.8,2972639
2026-01-09,13:45,2026-01-09 13:45,25684.9,25691.95,25670.65,25681.5,4326519
2026-01-09,13:50,2026-01-09 13:50,25681.6,25687.6,25666.4,25671.65,3581406
2026-01-09,13:55,2026-01-09 13:55,25671.7,25687.65,25664.85,25683.85,2769963
2026-01-09,14:00,2026-01-09 14:00,25683.9,25692.95,25671.5,25682.6,2935728
2026-01-09,14:05,2026-01-09 14:05,25683.1,25689.25,25671.75,25680.4,2600659
2026-01-09,14:10,2026-01-09 14:10,25681.9,25682.65,25658.75,25660.15,3567977
2026-01-09,14:15,2026-01-09 14:15,25662.85,25675.85,25654.6,25661.35,3204855
2026-01-09,14:20,2026-01-09 14:20,25663.35,25669.9,25655.9,25660.1,3671457
2026-01-09,14:25,2026-01-09 14:25,25662.1,25673.75,25651.9,25652.05,3411904
2026-01-09,14:30,2026-01-09 14:30,25653.8,25662.3,25648.4,25661.25,3726186
2026-01-09,14:35,2026-01-09 14:35,25662.15,25670.65,25652.1,25652.9,3890304
2026-01-09,14:40,2026-01-09 14:40,25653.0,25662.25,25623.0,25657.3,5467656
2026-01-09,14:45,2026-01-09 14:45,25658.75,25671.2,25657.25,25669.95,5312422
2026-01-09,14:50,2026-01-09 14:50,25671.3,25673.15,25658.35,25669.75,3721958
2026-01-09,14:55,2026-01-09 14:55,25672.05,25684.35,25668.85,25674.7,4297777
2026-01-09,15:00,2026-01-09 15:00,25679.9,25684.6,25661.05,25679.45,7680231
2026-01-09,15:05,2026-01-09 15:05,25681.35,25696.8,25676.9,25688.75,6452690
2026-01-09,15:10,2026-01-09 15:10,25688.75,25703.0,25685.9,25695.05,7234016
2026-01-09,15:15,2026-01-09 15:15,25694.15,25694.15,25677.05,25678.0,7285811
2026-01-09,15:20,2026-01-09 15:20,25679.95,25697.35,25678.85,25685.85,10503626
2026-01-09,15:25,2026-01-09 15:25,25686.05,25703.7,25681.5,25703.7,9350342
2026-01-12,09:15,2026-01-12 09:15,25669.05,25700.95,25610.55,25611.05,8949360
2026-01-12,09:20,2026-01-12 09:20,25610.65,25610.65,25554.9,25559.8,6875290
2026-01-12,09:25,2026-01-12 09:25,25558.85,25566.05,25529.05,25532.45,6305021
2026-01-12,09:30,2026-01-12 09:30,25532.35,25579.15,25530.2,25568.75,5012910
2026-01-12,09:35,2026-01-12 09:35,25569.1,25597.1,25560.6,25583.85,8631907
2026-01-12,09:40,2026-01-12 09:40,25582.05,25582.05,25543.65,25557.6,3834370
2026-01-12,09:45,2026-01-12 09:45,25558.4,25595.55,25546.0,25595.45,4241498
2026-01-12,09:50,2026-01-12 09:50,25596.25,25608.55,25575.6,25589.9,3495425
2026-01-12,09:55,2026-01-12 09:55,25590.1,25601.15,25557.55,25557.55,2960149
2026-01-12,10:00,2026-01-12 10:00,25557.9,25591.8,25557.45,25589.7,3499395
2026-01-12,10:05,2026-01-12 10:05,25588.95,25596.25,25575.05,25580.3,2834426
2026-01-12,10:10,2026-01-12 10:10,25580.3,25580.3,25556.4,25556.9,2686982
2026-01-12,10:15,2026-01-12 10:15,25556.9,25587.05,25545.95,25583.6,2840808
2026-01-12,10:20,2026-01-12 10:20,25583.3,25591.65,25574.85,25585.45,3055392
2026-01-12,10:25,2026-01-12 10:25,25585.15,25598.2,25571.5,25583.15,2736369
2026-01-12,10:30,2026-01-12 10:30,25582.85,25593.0,25566.4,25570.95,2478551
2026-01-12,10:35,2026-01-12 10:35,25570.9,25575.25,25560.85,25560.85,2875934
2026-01-12,10:40,2026-01-12 10:40,25559.85,25574.2,25558.25,25563.15,2631876
2026-01-12,10:45,2026-01-12 10:45,25561.8,25573.05,25538.8,25569.45,2929680
2026-01-12,10:50,2026-01-12 10:50,25569.25,25582.65,25551.85,25556.7,2794318
2026-01-12,10:55,2026-01-12 10:55,25556.35,25561.85,25545.6,25547.35,2593724
2026-01-12,11:00,2026-01-12 11:00,25547.6,25551.5,25541.25,25547.35,2282546
2026-01-12,11:05,2026-01-12 11:05,25547.15,25549.45,25534.8,25541.4,3012537
2026-01-12,11:10,2026-01-12 11:10,25541.05,25547.4,25529.55,25532.85,2517739
2026-01-12,11:15,2026-01-12 11:15,25531.9,25532.95,25509.5,25514.95,2247009
2026-01-12,11:20,2026-01-12 11:20,25515.35,25521.2,25503.05,25507.35,3634788
2026-01-12,11:25,2026-01-12 11:25,25507.75,25517.05,25501.65,25502.4,2684562
2026-01-12,11:30,2026-01-12 11:30,25501.95,25502.5,25473.4,25475.0,4232893
2026-01-12,11:35,2026-01-12 11:35,25475.65,25493.2,25474.75,25482.7,3586614
2026-01-12,11:40,2026-01-12 11:40,25483.0,25489.0,25473.4,25480.6,2593564
2026-01-12,11:45,2026-01-12 11:45,25481.45,25499.95,25474.5,25490.85,2391420
2026-01-12,11:50,2026-01-12 11:50,25491.0,25496.9,25483.9,25492.15,2832321
2026-01-12,11:55,2026-01-12 11:55,25491.3,25502.85,25491.25,25501.55,3058986
2026-01-12,12:00,2026-01-12 12:00,25501.45,25516.95,25496.2,25501.0,3041410
2026-01-12,12:05,2026-01-12 12:05,25501.1,25530.45,25500.75,25520.0,2936711
2026-01-12,12:10,2026-01-12 12:10,25520.45,25578.9,25511.0,25578.3,3813288
2026-01-12,12:15,2026-01-12 12:15,25577.5,25613.3,25566.25,25601.3,4464081
2026-01-12,12:20,2026-01-12 12:20,25601.9,25667.5,25601.05,25644.85,5075704
2026-01-12,12:25,2026-01-12 12:25,25642.55,25678.9,25634.9,25660.8,4471064
2026-01-12,12:30,2026-01-12 12:30,25660.95,25702.8,25656.45,25697.5,4392231
2026-01-12,12:35,2026-01-12 12:35,25696.95,25707.85,25676.1,25680.75,4467469
2026-01-12,12:40,2026-01-12 12:40,25680.85,25737.25,25679.5,25723.05,4106505
2026-01-12,12:45,2026-01-12 12:45,25723.35,25738.4,25710.6,25710.6,4172361
2026-01-12,12:50,2026-01-12 12:50,25710.9,25727.4,25710.9,25726.5,3346826
2026-01-12,12:55,2026-01-12 12:55,25725.95,25728.3,25708.85,25709.05,2688255
2026-01-12,13:00,2026-01-12 13:00,25709.5,25710.95,25673.1,25699.4,3620335
2026-01-12,13:05,2026-01-12 13:05,25698.85,25720.55,25698.25,25717.1,2954289
2026-01-12,13:10,2026-01-12 13:10,25717.4,25726.55,25706.45,25722.3,3230376
2026-01-12,13:15,2026-01-12 13:15,25721.8,25728.25,25703.8,25705.2,2661498
2026-01-12,13:20,2026-01-12 13:20,25705.45,25710.0,25694.6,25706.65,2880461
2026-01-12,13:25,2026-01-12 13:25,25704.3,25705.9,25687.25,25689.05,2588096
2026-01-12,13:30,2026-01-12 13:30,25689.15,25746.5,25689.15,25745.25,3189105
2026-01-12,13:35,2026-01-12 13:35,25745.4,25757.9,25727.6,25738.95,2742478
2026-01-12,13:40,2026-01-12 13:40,25739.15,25755.3,25730.05,25730.45,2594114
2026-01-12,13:45,2026-01-12 13:45,25730.55,25745.65,25730.45,25738.9,2268346
2026-01-12,13:50,2026-01-12 13:50,25738.4,25746.6,25727.4,25746.35,3227421
2026-01-12,13:55,2026-01-12 13:55,25745.7,25748.5,25727.9,25741.7,2510426
2026-01-12,14:00,2026-01-12 14:00,25741.3,25742.7,25715.1,25730.25,2950244
2026-01-12,14:05,2026-01-12 14:05,25730.35,25743.3,25726.1,25741.7,2580236
2026-01-12,14:10,2026-01-12 14:10,25741.5,25743.65,25726.95,25728.45,2813899
2026-01-12,14:15,2026-01-12 14:15,25727.95,25743.1,25727.0,25731.1,2520950
2026-01-12,14:20,2026-01-12 14:20,25730.5,25766.45,25727.05,25763.55,2877411
2026-01-12,14:25,2026-01-12 14:25,25763.35,25770.9,25749.85,25755.7,2574683
2026-01-12,14:30,2026-01-12 14:30,25756.0,25761.25,25730.9,25733.0,2940829
2026-01-12,14:35,2026-01-12 14:35,25732.95,25747.65,25704.65,25744.9,3762333
2026-01-12,14:40,2026-01-12 14:40,25744.65,25763.7,25742.85,25760.8,2892623
2026-01-12,14:45,2026-01-12 14:45,25760.35,25771.5,25755.2,25765.7,3180188
2026-01-12,14:50,2026-01-12 14:50,25765.2,25795.0,25765.2,25787.85,3552983
2026-01-12,14:55,2026-01-12 14:55,25787.2,25813.15,25786.85,25810.45,4161788
2026-01-12,15:00,2026-01-12 15:00,25808.95,25808.95,25778.05,25783.85,4973564
2026-01-12,15:05,2026-01-12 15:05,25783.8,25791.15,25775.1,25785.2,5329905
2026-01-12,15:10,2026-01-12 15:10,25785.0,25788.15,25776.15,25778.5,5162671
2026-01-12,15:15,2026-01-12 15:15,25778.3,25791.5,25778.3,25785.7,6987946
2026-01-12,15:20,2026-01-12 15:20,25786.2,25798.05,25782.6,25797.25,5827077
2026-01-12,15:25,2026-01-12 15:25,25797.65,25807.95,25792.8,25806.1,7735689
2026-01-13,09:15,2026-01-13 09:15,25897.35,25899.8,25836.4,25846.25,17174577
2026-01-13,09:20,2026-01-13 09:20,25845.75,25852.65,25813.75,25836.3,8086182
2026-01-13,09:25,2026-01-13 09:25,25836.75,25836.75,25760.05,25762.85,9133755
2026-01-13,09:30,2026-01-13 09:30,25761.4,25778.0,25731.55,25745.35,5764912
2026-01-13,09:35,2026-01-13 09:35,25744.7,25756.0,25725.0,25736.3,5930387
2026-01-13,09:40,2026-01-13 09:40,25735.75,25735.9,25709.85,25730.2,4580558
2026-01-13,09:45,2026-01-13 09:45,25732.4,25789.75,25732.4,25739.2,7095190
2026-01-13,09:50,2026-01-13 09:50,25737.9,25769.05,25730.55,25743.4,4110552
2026-01-13,09:55,2026-01-13 09:55,25744.0,25744.75,25700.85,25709.85,4465007
2026-01-13,10:00,2026-01-13 10:00,25710.15,25751.8,25705.2,25749.6,3585492
2026-01-13,10:05,2026-01-13 10:05,25748.6,25767.2,25736.35,25760.65,3149777
2026-01-13,10:10,2026-01-13 10:10,25761.55,25771.0,25738.1,25738.1,2652515
2026-01-13,10:15,2026-01-13 10:15,25738.9,25756.2,25726.1,25737.75,2943862
2026-01-13,10:20,2026-01-13 10:20,25736.8,25774.45,25736.8,25759.15,4019941
2026-01-13,10:25,2026-01-13 10:25,25761.05,25803.6,25757.45,25799.45,3913906
2026-01-13,10:30,2026-01-13 10:30,25799.3,25827.05,25795.55,25806.2,4268623
2026-01-13,10:35,2026-01-13 10:35,25805.45,25809.2,25766.15,25776.3,3085543
2026-01-13,10:40,2026-01-13 10:40,25774.05,25776.1,25750.2,25767.7,3076876
2026-01-13,10:45,2026-01-13 10:45,25766.9,25782.45,25754.95,25777.2,3399853
2026-01-13,10:50,2026-01-13 10:50,25776.45,25799.6,25770.65,25772.15,5954794
2026-01-13,10:55,2026-01-13 10:55,25771.85,25787.8,25761.85,25778.9,3122479
2026-01-13,11:00,2026-01-13 11:00,25779.75,25788.6,25759.65,25773.3,3664335
2026-01-13,11:05,2026-01-13 11:05,25773.85,25796.0,25766.45,25795.6,3346312
2026-01-13,11:10,2026-01-13 11:10,25795.45,25799.55,25778.85,25788.6,2715977
2026-01-13,11:15,2026-01-13 11:15,25788.0,25795.9,25775.7,25785.8,2451492
2026-01-13,11:20,2026-01-13 11:20,25784.55,25794.85,25776.15,25781.25,2282807
2026-01-13,11:25,2026-01-13 11:25,25780.15,25803.95,25780.15,25795.9,2579903
2026-01-13,11:30,2026-01-13 11:30,25794.3,25813.5,25787.7,25808.45,2501400
2026-01-13,11:35,2026-01-13 11:35,25808.4,25819.3,25803.65,25810.35,2537081
2026-01-13,11:40,2026-01-13 11:40,25809.65,25816.5,25786.75,25789.7,2304144
2026-01-13,11:45,2026-01-13 11:45,25788.45,25790.4,25778.05,25781.5,2634681
2026-01-13,11:50,2026-01-13 11:50,25781.85,25786.0,25753.65,25763.1,3540324
2026-01-13,11:55,2026-01-13 11:55,25762.15,25782.6,25752.15,25754.2,4894050
2026-01-13,12:00,2026-01-13 12:00,25753.65,25754.0,25739.05,25741.75,4408295
2026-01-13,12:05,2026-01-13 12:05,25741.3,25743.4,25731.6,25742.8,5406312
2026-01-13,12:10,2026-01-13 12:10,25742.15,25745.95,25712.95,25713.7,4740806
2026-01-13,12:15,2026-01-13 12:15,25712.8,25730.85,25703.85,25728.25,3867173
2026-01-13,12:20,2026-01-13 12:20,25728.15,25730.7,25704.65,25705.5,3125475
2026-01-13,12:25,2026-01-13 12:25,25705.4,25732.85,25704.65,25732.6,2941150
2026-01-13,12:30,2026-01-13 12:30,25731.4,25734.4,25706.05,25708.0,2753485
2026-01-13,12:35,2026-01-13 12:35,25708.8,25724.85,25708.8,25711.25,2884271
2026-01-13,12:40,2026-01-13 12:40,25711.85,25714.6,25687.95,25704.05,3279775
2026-01-13,12:45,2026-01-13 12:45,25704.25,25707.6,25677.4,25685.0,2800064
2026-01-13,12:50,2026-01-13 12:50,25683.75,25683.9,25654.65,25665.45,2824857
2026-01-13,12:55,2026-01-13 12:55,25665.15,25667.8,25650.85,25653.0,2315798
2026-01-13,13:00,2026-01-13 13:00,25651.45,25652.9,25627.4,25641.65,2900744
2026-01-13,13:05,2026-01-13 13:05,25641.15,25650.05,25630.7,25648.65,2470106
2026-01-13,13:10,2026-01-13 13:10,25649.25,25670.3,25645.7,25658.45,2471872
2026-01-13,13:15,2026-01-13 13:15,25658.2,25662.55,25639.6,25656.75,2141737
2026-01-13,13:20,2026-01-13 13:20,25656.4,25676.8,25650.2,25673.2,2509408
2026-01-13,13:25,2026-01-13 13:25,25672.4,25675.3,25654.25,25654.35,3206619
2026-01-13,13:30,2026-01-13 13:30,25655.1,25671.45,25649.45,25671.35,2155190
2026-01-13,13:35,2026-01-13 13:35,25670.6,25681.2,25667.8,25672.65,2642548
2026-01-13,13:40,2026-01-13 13:40,25673.6,25679.85,25647.65,25676.15,2689202
2026-01-13,13:45,2026-01-13 13:45,25675.25,25678.15,25661.25,25665.0,2713085
2026-01-13,13:50,2026-01-13 13:50,25664.9,25686.65,25664.9,25671.45,2951098
2026-01-13,13:55,2026-01-13 13:55,25671.55,25672.35,25658.95,25663.65,3032659
2026-01-13,14:00,2026-01-13 14:00,25662.95,25667.5,25644.8,25647.05,3174223
2026-01-13,14:05,2026-01-13 14:05,25645.45,25651.55,25638.35,25649.2,2781815
2026-01-13,14:10,2026-01-13 14:10,25648.9,25650.3,25620.95,25636.55,4169913
2026-01-13,14:15,2026-01-13 14:15,25636.25,25649.05,25623.65,25638.2,2945027
2026-01-13,14:20,2026-01-13 14:20,25637.5,25640.8,25614.6,25615.25,5475050
2026-01-13,14:25,2026-01-13 14:25,25614.9,25622.8,25609.65,25612.6,5311735
2026-01-13,14:30,2026-01-13 14:30,25611.65,25662.9,25603.3,25640.25,4763557
2026-01-13,14:35,2026-01-13 14:35,25639.6,25674.2,25634.8,25662.2,4314391
2026-01-13,14:40,2026-01-13 14:40,25661.1,25702.3,25658.85,25692.65,6924763
2026-01-13,14:45,2026-01-13 14:45,25692.9,25712.85,25687.8,25690.65,6838270
2026-01-13,14:50,2026-01-13 14:50,25689.9,25722.75,25688.5,25713.9,5126101
2026-01-13,14:55,2026-01-13 14:55,25715.05,25726.05,25690.8,25707.95,6529314
2026-01-13,15:00,2026-01-13 15:00,25711.85,25757.15,25702.05,25706.2,11523064
2026-01-13,15:05,2026-01-13 15:05,25705.95,25747.55,25705.3,25746.95,10757096
2026-01-13,15:10,2026-01-13 15:10,25746.15,25751.95,25733.65,25737.4,9006160
2026-01-13,15:15,2026-01-13 15:15,25738.85,25749.65,25724.4,25726.85,8924934
2026-01-13,15:20,2026-01-13 15:20,25729.45,25741.85,25719.6,25731.0,9518964
2026-01-13,15:25,2026-01-13 15:25,25731.3,25736.8,25710.45,25714.2,8966364
2026-01-13,15:30,2026-01-13 15:30,25714.2,25714.2,25714.2,25714.2,1273587
2026-01-14,09:15,2026-01-14 09:15,25648.55,25719.35,25638.35,25683.25,12595646
2026-01-14,09:20,2026-01-14 09:20,25684.2,25742.3,25680.5,25705.15,8584648
2026-01-14,09:25,2026-01-14 09:25,25704.6,25744.8,25704.15,25737.5,7438866
2026-01-14,09:30,2026-01-14 09:30,25737.7,25750.45,25722.2,25734.2,5978082
2026-01-14,09:35,2026-01-14 09:35,25733.95,25746.6,25726.0,25732.85,7068858
2026-01-14,09:40,2026-01-14 09:40,25732.4,25739.6,25703.15,25706.65,5453087
2026-01-14,09:45,2026-01-14 09:45,25704.9,25712.85,25674.4,25689.45,6382474
2026-01-14,09:50,2026-01-14 09:50,25689.35,25743.6,25688.25,25742.45,4877715
2026-01-14,09:55,2026-01-14 09:55,25743.0,25761.5,25715.7,25729.9,5008266
2026-01-14,10:00,2026-01-14 10:00,25729.6,25733.8,25710.15,25717.25,5884430
2026-01-14,10:05,2026-01-14 10:05,25715.65,25723.85,25700.0,25708.55,7219664
2026-01-14,10:10,2026-01-14 10:10,25708.4,25708.4,25692.65,25696.8,4927183
2026-01-14,10:15,2026-01-14 10:15,25697.9,25703.75,25670.0,25680.05,5085575
2026-01-14,10:20,2026-01-14 10:20,25680.8,25686.25,25661.35,25676.1,5940131
2026-01-14,10:25,2026-01-14 10:25,25676.6,25689.6,25670.45,25688.9,5649182
2026-01-14,10:30,2026-01-14 10:30,25689.9,25691.85,25662.25,25686.6,4839981
2026-01-14,10:35,2026-01-14 10:35,25686.95,25693.4,25669.7,25679.75,4590528
2026-01-14,10:40,2026-01-14 10:40,25680.1,25718.9,25671.85,25675.0,7623790
2026-01-14,10:45,2026-01-14 10:45,25674.95,25696.95,25662.0,25692.15,3465497
2026-01-14,10:50,2026-01-14 10:50,25692.4,25705.35,25691.7,25703.65,4184546
2026-01-14,10:55,2026-01-14 10:55,25704.55,25729.0,25700.35,25728.8,5086240
2026-01-14,11:00,2026-01-14 11:00,25729.3,25736.0,25710.75,25733.15,4713263
2026-01-14,11:05,2026-01-14 11:05,25733.8,25737.9,25713.45,25729.55,3389753
2026-01-14,11:10,2026-01-14 11:10,25729.6,25737.75,25721.45,25726.25,3989929
2026-01-14,11:15,2026-01-14 11:15,25723.7,25751.1,25720.3,25747.0,6566002
2026-01-14,11:20,2026-01-14 11:20,25747.75,25754.95,25737.5,25737.5,6316128
2026-01-14,11:25,2026-01-14 11:25,25737.9,25774.4,25732.7,25770.4,5905916
2026-01-14,11:30,2026-01-14 11:30,25770.7,25775.8,25748.5,25769.0,5749603
2026-01-14,11:35,2026-01-14 11:35,25769.1,25771.5,25758.85,25767.4,5562806
2026-01-14,11:40,2026-01-14 11:40,25766.85,25777.35,25761.15,25761.15,3306786
2026-01-14,11:45,2026-01-14 11:45,25760.95,25786.05,25759.4,25784.75,2985182
2026-01-14,11:50,2026-01-14 11:50,25785.25,25785.25,25769.8,25776.5,3158461
2026-01-14,11:55,2026-01-14 11:55,25775.7,25784.15,25771.95,25775.65,3777370
2026-01-14,12:00,2026-01-14 12:00,25776.45,25791.75,25775.45,25786.95,3123020
2026-01-14,12:05,2026-01-14 12:05,25786.3,25788.25,25760.75,25762.3,3379810
2026-01-14,12:10,2026-01-14 12:10,25762.9,25766.35,25742.2,25743.35,3459876
2026-01-14,12:15,2026-01-14 12:15,25743.7,25766.75,25734.5,25766.3,3374007
2026-01-14,12:20,2026-01-14 12:20,25766.75,25774.9,25764.15,25767.75,2527730
2026-01-14,12:25,2026-01-14 12:25,25767.9,25773.65,25751.5,25755.85,3157075
2026-01-14,12:30,2026-01-14 12:30,25756.1,25767.55,25756.1,25765.15,3577051
2026-01-14,12:35,2026-01-14 12:35,25765.1,25780.9,25764.75,25772.85,2961628
2026-01-14,12:40,2026-01-14 12:40,25772.05,25777.5,25751.85,25753.45,2769814
2026-01-14,12:45,2026-01-14 12:45,25753.5,25769.45,25752.25,25754.85,2457389
2026-01-14,12:50,2026-01-14 12:50,25753.4,25756.1,25741.15,25747.85,2707020
2026-01-14,12:55,2026-01-14 12:55,25747.65,25753.45,25741.75,25749.2,2437397
2026-01-14,13:00,2026-01-14 13:00,25749.1,25754.05,25736.05,25740.5,2268801
2026-01-14,13:05,2026-01-14 13:05,25740.45,25753.8,25740.45,25753.35,2436189
2026-01-14,13:10,2026-01-14 13:10,25753.0,25761.5,25746.0,25747.15,2903785
2026-01-14,13:15,2026-01-14 13:15,25746.75,25757.3,25740.3,25743.05,2381149
2026-01-14,13:20,2026-01-14 13:20,25743.5,25744.2,25716.95,25717.15,4224832
2026-01-14,13:25,2026-01-14 13:25,25716.9,25728.8,25705.6,25715.5,3312187
2026-01-14,13:30,2026-01-14 13:30,25715.85,25718.55,25699.75,25700.35,2416025
2026-01-14,13:35,2026-01-14 13:35,25699.75,25709.35,25671.2,25671.2,3555470
2026-01-14,13:40,2026-01-14 13:40,25671.35,25683.1,25658.8,25659.35,3714956
2026-01-14,13:45,2026-01-14 13:45,25659.85,25669.2,25650.95,25661.65,4150225
2026-01-14,13:50,2026-01-14 13:50,25662.05,25670.85,25638.95,25638.95,3856150
2026-01-14,13:55,2026-01-14 13:55,25639.65,25645.45,25631.2,25635.95,3136090
2026-01-14,14:00,2026-01-14 14:00,25636.05,25656.9,25634.15,25638.15,3320261
2026-01-14,14:05,2026-01-14 14:05,25637.75,25658.1,25632.2,25645.9,3754441
2026-01-14,14:10,2026-01-14 14:10,25645.3,25664.1,25644.0,25663.2,3070887
2026-01-14,14:15,2026-01-14 14:15,25663.25,25669.75,25643.65,25644.1,4267139
2026-01-14,14:20,2026-01-14 14:20,25643.65,25644.5,25610.45,25610.85,6012555
2026-01-14,14:25,2026-01-14 14:25,25610.85,25630.8,25603.95,25624.3,4262008
2026-01-14,14:30,2026-01-14 14:30,25624.4,25638.05,25618.35,25636.4,3915087
2026-01-14,14:35,2026-01-14 14:35,25635.95,25666.3,25627.5,25658.95,5351584
2026-01-14,14:40,2026-01-14 14:40,25658.05,25680.3,25650.25,25676.65,5933936
2026-01-14,14:45,2026-01-14 14:45,25676.4,25715.65,25676.4,25696.45,9351596
2026-01-14,14:50,2026-01-14 14:50,25697.2,25702.7,25689.15,25695.85,4878736
2026-01-14,14:55,2026-01-14 14:55,25696.95,25703.8,25675.65,25678.2,4808747
2026-01-14,15:00,2026-01-14 15:00,25681.25,25684.95,25649.4,25684.95,9682038
2026-01-14,15:05,2026-01-14 15:05,25686.25,25694.1,25655.05,25673.1,9303067
2026-01-14,15:10,2026-01-14 15:10,25673.45,25676.4,25650.8,25652.85,11212982
2026-01-14,15:15,2026-01-14 15:15,25655.25,25662.0,25648.3,25660.15,11280761
2026-01-14,15:20,2026-01-14 15:20,25660.75,25675.95,25654.85,25675.55,11429480
2026-01-14,15:25,2026-01-14 15:25,25675.8,25677.4,25662.6,25669.1,9839234
2026-01-16,09:15,2026-01-16 09:15,25696.05,25743.25,25678.4,25729.85,28895095
2026-01-16,09:20,2026-01-16 09:20,25730.45,25736.25,25704.65,25715.0,12208332
2026-01-16,09:25,2026-01-16 09:25,25714.1,25732.5,25705.1,25725.55,10041904
2026-01-16,09:30,2026-01-16 09:30,25725.75,25726.35,25686.55,25708.25,9052256
2026-01-16,09:35,2026-01-16 09:35,25708.75,25712.55,25689.1,25690.05,7494579
2026-01-16,09:40,2026-01-16 09:40,25690.0,25727.5,25683.8,25725.9,6867319
2026-01-16,09:45,2026-01-16 09:45,25725.75,25743.9,25715.2,25742.95,7881842
2026-01-16,09:50,2026-01-16 09:50,25743.05,25755.85,25737.35,25752.4,5762903
2026-01-16,09:55,2026-01-16 09:55,25752.2,25755.8,25737.75,25739.25,4633860
2026-01-16,10:00,2026-01-16 10:00,25739.25,25765.55,25736.8,25761.35,6200961
2026-01-16,10:05,2026-01-16 10:05,25760.95,25768.95,25749.15,25766.65,4523870
2026-01-16,10:10,2026-01-16 10:10,25766.7,25789.5,25764.8,25784.95,5574772
2026-01-16,10:15,2026-01-16 10:15,25784.2,25845.9,25783.9,25837.1,7333102
2026-01-16,10:20,2026-01-16 10:20,25835.65,25854.65,25834.05,25848.45,5352680
2026-01-16,10:25,2026-01-16 10:25,25848.05,25865.65,25847.6,25857.5,5805584
2026-01-16,10:30,2026-01-16 10:30,25857.0,25864.1,25842.05,25852.0,4551042
2026-01-16,10:35,2026-01-16 10:35,25852.25,25872.4,25851.5,25865.6,4802305
2026-01-16,10:40,2026-01-16 10:40,25865.4,25873.5,25839.75,25843.7,4555462
2026-01-16,10:45,2026-01-16 10:45,25844.55,25863.9,25841.65,25855.85,4219260
2026-01-16,10:50,2026-01-16 10:50,25855.65,25855.65,25837.85,25838.05,3794412
2026-01-16,10:55,2026-01-16 10:55,25837.65,25845.15,25827.0,25829.7,4508552
2026-01-16,11:00,2026-01-16 11:00,25829.3,25841.8,25824.2,25824.65,4668397
2026-01-16,11:05,2026-01-16 11:05,25824.35,25837.05,25820.7,25828.8,3285532
2026-01-16,11:10,2026-01-16 11:10,25826.95,25827.4,25801.85,25812.45,6407467
2026-01-16,11:15,2026-01-16 11:15,25812.5,25823.4,25801.25,25806.6,3547858
2026-01-16,11:20,2026-01-16 11:20,25806.65,25820.4,25800.95,25806.1,4192330
2026-01-16,11:25,2026-01-16 11:25,25805.7,25818.9,25805.55,25813.15,3677056
2026-01-16,11:30,2026-01-16 11:30,25814.75,25830.65,25801.25,25810.35,3709172
2026-01-16,11:35,2026-01-16 11:35,25810.0,25814.6,25797.15,25802.15,3680087
2026-01-16,11:40,2026-01-16 11:40,25801.55,25810.55,25797.4,25798.45,4786415
2026-01-16,11:45,2026-01-16 11:45,25798.45,25798.7,25783.35,25789.85,3280171
2026-01-16,11:50,2026-01-16 11:50,25788.8,25799.45,25783.9,25791.95,4274066
2026-01-16,11:55,2026-01-16 11:55,25792.1,25797.35,25770.25,25775.65,4660510
2026-01-16,12:00,2026-01-16 12:00,25775.9,25792.1,25773.45,25790.6,3674506
2026-01-16,12:05,2026-01-16 12:05,25789.65,25812.4,25789.25,25811.95,4628533
2026-01-16,12:10,2026-01-16 12:10,25811.75,25826.6,25808.55,25823.6,4708382
2026-01-16,12:15,2026-01-16 12:15,25824.65,25829.2,25811.6,25813.8,3663926
2026-01-16,12:20,2026-01-16 12:20,25814.6,25818.75,25806.2,25810.1,3154637
2026-01-16,12:25,2026-01-16 12:25,25810.85,25812.95,25744.9,25752.1,6566135
2026-01-16,12:30,2026-01-16 12:30,25752.05,25771.0,25737.8,25769.85,4336444
2026-01-16,12:35,2026-01-16 12:35,25770.75,25774.6,25753.9,25767.85,3923217
2026-01-16,12:40,2026-01-16 12:40,25767.1,25771.25,25758.8,25759.55,3395062
2026-01-16,12:45,2026-01-16 12:45,25759.5,25766.25,25753.6,25755.6,3578397
2026-01-16,12:50,2026-01-16 12:50,25755.4,25766.95,25738.1,25766.4,3925718
2026-01-16,12:55,2026-01-16 12:55,25767.85,25767.85,25741.05,25744.4,4490466
2026-01-16,13:00,2026-01-16 13:00,25745.65,25746.35,25719.45,25727.2,4218509
2026-01-16,13:05,2026-01-16 13:05,25726.55,25730.95,25719.2,25728.15,2772366
2026-01-16,13:10,2026-01-16 13:10,25727.25,25727.25,25704.1,25717.05,3712687
2026-01-16,13:15,2026-01-16 13:15,25717.75,25723.1,25703.5,25713.85,3222914
2026-01-16,13:20,2026-01-16 13:20,25713.65,25718.0,25692.65,25695.75,2663087
2026-01-16,13:25,2026-01-16 13:25,25695.65,25702.1,25662.4,25701.65,4959112
2026-01-16,13:30,2026-01-16 13:30,25701.75,25719.75,25694.05,25702.3,3815622
2026-01-16,13:35,2026-01-16 13:35,25702.15,25707.95,25683.8,25704.7,3668523
2026-01-16,13:40,2026-01-16 13:40,25704.95,25707.95,25690.3,25696.35,5783083
2026-01-16,13:45,2026-01-16 13:45,25697.15,25717.1,25695.1,25706.9,3363364
2026-01-16,13:50,2026-01-16 13:50,25706.15,25716.6,25676.5,25686.25,3136732
2026-01-16,13:55,2026-01-16 13:55,25687.2,25693.8,25679.95,25684.3,2766048
2026-01-16,14:00,2026-01-16 14:00,25683.7,25688.7,25674.35,25680.45,3145728
2026-01-16,14:05,2026-01-16 14:05,25680.6,25696.95,25667.4,25672.5,3543654
2026-01-16,14:10,2026-01-16 14:10,25671.05,25697.55,25669.8,25688.25,3171890
2026-01-16,14:15,2026-01-16 14:15,25688.05,25688.6,25671.7,25687.4,4051258
2026-01-16,14:20,2026-01-16 14:20,25688.65,25705.8,25679.5,25698.95,4231767
2026-01-16,14:25,2026-01-16 14:25,25699.1,25710.5,25684.15,25697.8,4469911
2026-01-16,14:30,2026-01-16 14:30,25697.85,25710.6,25686.9,25701.7,4036563
2026-01-16,14:35,2026-01-16 14:35,25701.25,25709.6,25680.7,25704.95,5864831
2026-01-16,14:40,2026-01-16 14:40,25705.5,25720.45,25701.85,25710.2,5469947
2026-01-16,14:45,2026-01-16 14:45,25711.05,25716.15,25694.0,25703.4,4581079
2026-01-16,14:50,2026-01-16 14:50,25705.05,25709.95,25687.5,25696.15,5595888
2026-01-16,14:55,2026-01-16 14:55,25696.25,25711.9,25693.75,25706.35,6694417
2026-01-16,15:00,2026-01-16 15:00,25701.9,25709.05,25693.55,25697.3,9407085
2026-01-16,15:05,2026-01-16 15:05,25698.2,25699.35,25687.05,25694.2,10260562
2026-01-16,15:10,2026-01-16 15:10,25694.3,25695.15,25682.8,25683.1,11830361
2026-01-16,15:15,2026-01-16 15:15,25682.45,25698.6,25681.6,25694.05,12678613
2026-01-16,15:20,2026-01-16 15:20,25695.55,25705.7,25694.3,25699.55,12326073
2026-01-16,15:25,2026-01-16 15:25,25700.0,25710.75,25691.15,25701.9,11486773
2026-01-16,15:30,2026-01-16 15:30,25701.9,25701.9,25701.9,25701.9,1492574
2026-01-19,09:15,2026-01-19 09:15,25653.1,25653.3,25528.3,25597.4,30335280
2026-01-19,09:20,2026-01-19 09:20,25597.65,25597.65,25569.2,25577.25,14510561
2026-01-19,09:25,2026-01-19 09:25,25575.7,25578.05,25554.75,25554.75,11601861
2026-01-19,09:30,2026-01-19 09:30,25556.35,25592.3,25532.35,25588.0,10992045
2026-01-19,09:35,2026-01-19 09:35,25586.6,25596.3,25552.35,25556.5,7945178
2026-01-19,09:40,2026-01-19 09:40,25555.6,25570.0,25547.75,25565.6,9046070
2026-01-19,09:45,2026-01-19 09:45,25564.75,25566.1,25546.0,25559.1,10185698
2026-01-19,09:50,2026-01-19 09:50,25558.4,25585.0,25545.8,25548.4,8111703
2026-01-19,09:55,2026-01-19 09:55,25547.05,25559.55,25540.15,25543.45,6007375
2026-01-19,10:00,2026-01-19 10:00,25541.8,25542.25,25507.2,25515.45,5797781
2026-01-19,10:05,2026-01-19 10:05,25515.6,25533.75,25504.85,25532.05,5512103
2026-01-19,10:10,2026-01-19 10:10,25531.7,25539.1,25518.3,25527.9,7733612
2026-01-19,10:15,2026-01-19 10:15,25526.55,25538.5,25525.2,25533.15,5582011
2026-01-19,10:20,2026-01-19 10:20,25533.0,25547.6,25524.1,25540.65,6411005
2026-01-19,10:25,2026-01-19 10:25,25540.75,25540.75,25496.25,25507.25,5322329
2026-01-19,10:30,2026-01-19 10:30,25506.4,25527.95,25504.25,25509.8,4792026
2026-01-19,10:35,2026-01-19 10:35,25509.25,25517.8,25500.0,25503.8,4051033
2026-01-19,10:40,2026-01-19 10:40,25503.1,25520.2,25494.35,25513.55,3680099
2026-01-19,10:45,2026-01-19 10:45,25513.85,25525.8,25511.9,25515.2,5728069
2026-01-19,10:50,2026-01-19 10:50,25515.0,25523.75,25512.3,25519.65,3289949
2026-01-19,10:55,2026-01-19 10:55,25519.2,25549.45,25519.2,25548.1,4040898
2026-01-19,11:00,2026-01-19 11:00,25546.85,25564.2,25540.4,25556.6,3830957
2026-01-19,11:05,2026-01-19 11:05,25556.6,25562.5,25545.4,25546.85,3890555
2026-01-19,11:10,2026-01-19 11:10,25546.35,25550.5,25526.5,25538.4,4665017
2026-01-19,11:15,2026-01-19 11:15,25538.15,25538.4,25521.9,25524.0,3367168
2026-01-19,11:20,2026-01-19 11:20,25524.0,25530.65,25508.7,25517.55,5045972
2026-01-19,11:25,2026-01-19 11:25,25518.5,25524.3,25510.75,25521.9,4941505
2026-01-19,11:30,2026-01-19 11:30,25521.8,25521.8,25511.85,25521.4,4999819
2026-01-19,11:35,2026-01-19 11:35,25521.45,25538.4,25517.1,25538.0,4622292
2026-01-19,11:40,2026-01-19 11:40,25537.65,25547.0,25532.25,25545.9,4341201
2026-01-19,11:45,2026-01-19 11:45,25546.05,25546.95,25534.4,25542.45,3187195
2026-01-19,11:50,2026-01-19 11:50,25543.05,25549.9,25534.05,25546.95,3080723
2026-01-19,11:55,2026-01-19 11:55,25547.55,25547.55,25524.85,25534.45,3343933
2026-01-19,12:00,2026-01-19 12:00,25535.15,25535.25,25517.5,25520.45,3671122
2026-01-19,12:05,2026-01-19 12:05,25520.3,25523.95,25514.1,25515.35,3136200
2026-01-19,12:10,2026-01-19 12:10,25515.35,25532.75,25512.75,25532.65,4299168
2026-01-19,12:15,2026-01-19 12:15,25532.4,25556.25,25531.1,25546.9,3731530
2026-01-19,12:20,2026-01-19 12:20,25546.9,25551.35,25527.35,25531.15,4207633
2026-01-19,12:25,2026-01-19 12:25,25530.45,25532.55,25518.35,25528.65,4935231
2026-01-19,12:30,2026-01-19 12:30,25528.1,25531.4,25522.7,25526.2,3553358
2026-01-19,12:35,2026-01-19 12:35,25525.75,25527.6,25514.85,25515.9,4279268
2026-01-19,12:40,2026-01-19 12:40,25515.85,25528.05,25511.45,25527.0,3907270
2026-01-19,12:45,2026-01-19 12:45,25526.95,25531.8,25510.65,25522.15,3486687
2026-01-19,12:50,2026-01-19 12:50,25522.05,25546.05,25515.05,25543.9,8373152
2026-01-19,12:55,2026-01-19 12:55,25543.8,25555.3,25541.6,25553.25,5747247
2026-01-19,13:00,2026-01-19 13:00,25553.05,25554.15,25545.55,25553.25,2802210
2026-01-19,13:05,2026-01-19 13:05,25553.4,25565.25,25550.05,25556.25,3906006
2026-01-19,13:10,2026-01-19 13:10,25555.3,25557.8,25522.65,25534.65,4022717
2026-01-19,13:15,2026-01-19 13:15,25533.4,25538.45,25525.0,25538.45,3373929
2026-01-19,13:20,2026-01-19 13:20,25538.15,25547.35,25532.75,25533.8,3034464
2026-01-19,13:25,2026-01-19 13:25,25533.05,25533.8,25522.35,25529.95,2471762
2026-01-19,13:30,2026-01-19 13:30,25529.45,25550.4,25529.45,25550.25,3561179
2026-01-19,13:35,2026-01-19 13:35,25548.75,25561.0,25544.5,25560.3,9329481
2026-01-19,13:40,2026-01-19 13:40,25558.5,25564.8,25543.2,25549.9,4897667
2026-01-19,13:45,2026-01-19 13:45,25548.25,25576.05,25540.8,25576.05,7560491
2026-01-19,13:50,2026-01-19 13:50,25574.8,25604.9,25574.8,25595.0,5360475
2026-01-19,13:55,2026-01-19 13:55,25595.2,25611.7,25592.85,25598.75,5147841
2026-01-19,14:00,2026-01-19 14:00,25597.85,25621.4,25597.65,25617.6,3664129
2026-01-19,14:05,2026-01-19 14:05,25617.5,25630.65,25615.9,25618.85,4016492
2026-01-19,14:10,2026-01-19 14:10,25619.3,25622.9,25587.0,25590.3,4724368
2026-01-19,14:15,2026-01-19 14:15,25589.65,25610.75,25586.5,25610.05,3644806
2026-01-19,14:20,2026-01-19 14:20,25609.85,25615.35,25604.4,25608.3,3285929
2026-01-19,14:25,2026-01-19 14:25,25607.35,25610.35,25588.8,25592.3,3740192
2026-01-19,14:30,2026-01-19 14:30,25591.95,25606.75,25591.75,25604.35,2947888
2026-01-19,14:35,2026-01-19 14:35,25603.9,25615.35,25597.6,25615.3,5163839
2026-01-19,14:40,2026-01-19 14:40,25615.45,25621.7,25606.85,25614.9,4402682
2026-01-19,14:45,2026-01-19 14:45,25614.65,25626.8,25613.25,25623.3,5585644
2026-01-19,14:50,2026-01-19 14:50,25622.2,25636.25,25618.55,25627.0,6026370
2026-01-19,14:55,2026-01-19 14:55,25625.95,25636.3,25616.4,25628.95,7617117
2026-01-19,15:00,2026-01-19 15:00,25629.3,25633.7,25605.1,25613.85,12110826
2026-01-19,15:05,2026-01-19 15:05,25613.65,25613.65,25594.2,25597.25,8158498
2026-01-19,15:10,2026-01-19 15:10,25597.55,25598.5,25585.7,25591.15,7604535
2026-01-19,15:15,2026-01-19 15:15,25592.25,25594.1,25571.7,25571.7,7919773
2026-01-19,15:20,2026-01-19 15:20,25573.55,25573.55,25553.65,25561.9,10399249
2026-01-19,15:25,2026-01-19 15:25,25561.6,25564.7,25545.4,25555.5,8227405
2026-01-20,09:15,2026-01-20 09:15,25580.3,25585.0,25528.4,25558.25,13382805
2026-01-20,09:20,2026-01-20 09:20,25559.3,25560.4,25510.5,25514.35,10014437
2026-01-20,09:25,2026-01-20 09:25,25514.95,25520.95,25484.1,25488.35,8476448
2026-01-20,09:30,2026-01-20 09:30,25488.75,25517.75,25483.15,25495.55,7298571
2026-01-20,09:35,2026-01-20 09:35,25496.6,25499.05,25457.05,25457.95,6242055
2026-01-20,09:40,2026-01-20 09:40,25458.5,25485.2,25453.85,25467.5,6963316
2026-01-20,09:45,2026-01-20 09:45,25468.95,25478.05,25455.2,25462.8,5394435
2026-01-20,09:50,2026-01-20 09:50,25462.8,25474.55,25433.4,25434.1,5034197
2026-01-20,09:55,2026-01-20 09:55,25435.4,25466.2,25432.6,25457.75,6280912
2026-01-20,10:00,2026-01-20 10:00,25458.7,25476.05,25452.7,25469.9,4633576
2026-01-20,10:05,2026-01-20 10:05,25473.2,25486.05,25461.75,25479.8,4367620
2026-01-20,10:10,2026-01-20 10:10,25481.95,25489.5,25463.95,25468.7,4516797
2026-01-20,10:15,2026-01-20 10:15,25471.65,25492.0,25457.35,25485.7,5657682
2026-01-20,10:20,2026-01-20 10:20,25486.55,25500.45,25479.05,25483.8,6370109
2026-01-20,10:25,2026-01-20 10:25,25484.5,25491.75,25474.55,25482.6,4455323
2026-01-20,10:30,2026-01-20 10:30,25483.4,25488.05,25471.7,25477.8,3936216
2026-01-20,10:35,2026-01-20 10:35,25479.1,25504.0,25472.65,25492.55,8784338
2026-01-20,10:40,2026-01-20 10:40,25493.2,25501.05,25481.0,25482.45,3614362
2026-01-20,10:45,2026-01-20 10:45,25483.45,25491.85,25477.95,25481.65,2939276
2026-01-20,10:50,2026-01-20 10:50,25482.75,25484.05,25463.55,25470.5,3306883
2026-01-20,10:55,2026-01-20 10:55,25471.2,25471.8,25456.7,25466.2,3676731
2026-01-20,11:00,2026-01-20 11:00,25466.95,25466.95,25451.25,25458.55,4850873
2026-01-20,11:05,2026-01-20 11:05,25459.35,25459.35,25447.85,25450.45,4164029
2026-01-20,11:10,2026-01-20 11:10,25451.6,25455.55,25446.25,25449.6,3155551
2026-01-20,11:15,2026-01-20 11:15,25450.6,25472.1,25443.85,25451.2,3776967
2026-01-20,11:20,2026-01-20 11:20,25452.5,25460.1,25444.65,25453.9,4350151
2026-01-20,11:25,2026-01-20 11:25,25453.5,25468.2,25446.2,25464.05,2825179
2026-01-20,11:30,2026-01-20 11:30,25464.0,25468.2,25452.55,25457.6,2354654
2026-01-20,11:35,2026-01-20 11:35,25457.95,25471.2,25456.25,25465.6,2612747
2026-01-20,11:40,2026-01-20 11:40,25466.7,25472.9,25460.15,25469.7,2817499
2026-01-20,11:45,2026-01-20 11:45,25470.95,25473.35,25461.7,25471.45,4354814
2026-01-20,11:50,2026-01-20 11:50,25472.75,25492.5,25467.8,25488.95,3492329
2026-01-20,11:55,2026-01-20 11:55,25489.15,25489.15,25470.6,25474.4,4169279
2026-01-20,12:00,2026-01-20 12:00,25475.8,25476.4,25454.1,25454.95,3992297
2026-01-20,12:05,2026-01-20 12:05,25456.45,25456.45,25431.65,25432.7,4378177
2026-01-20,12:10,2026-01-20 12:10,25435.25,25439.65,25427.25,25437.35,5253513
2026-01-20,12:15,2026-01-20 12:15,25439.05,25444.45,25429.9,25432.45,3185904
2026-01-20,12:20,2026-01-20 12:20,25433.2,25438.5,25421.1,25427.75,8295963
2026-01-20,12:25,2026-01-20 12:25,25429.05,25439.35,25420.55,25432.95,2928813
2026-01-20,12:30,2026-01-20 12:30,25433.95,25435.3,25425.05,25426.7,2921179
2026-01-20,12:35,2026-01-20 12:35,25427.15,25431.75,25421.7,25425.0,3614887
2026-01-20,12:40,2026-01-20 12:40,25426.3,25426.75,25409.0,25409.75,3691796
2026-01-20,12:45,2026-01-20 12:45,25411.95,25426.6,25405.1,25423.05,3480675
2026-01-20,12:50,2026-01-20 12:50,25425.05,25434.95,25417.65,25429.25,4013840
2026-01-20,12:55,2026-01-20 12:55,25429.65,25436.9,25424.15,25431.8,2595644
2026-01-20,13:00,2026-01-20 13:00,25432.55,25433.7,25421.3,25424.15,2702080
2026-01-20,13:05,2026-01-20 13:05,25424.9,25428.2,25414.7,25420.8,2745619
2026-01-20,13:10,2026-01-20 13:10,25422.95,25426.4,25414.25,25415.95,6365450
2026-01-20,13:15,2026-01-20 13:15,25416.3,25422.65,25410.55,25418.8,2723689
2026-01-20,13:20,2026-01-20 13:20,25420.3,25436.15,25413.3,25420.15,2959392
2026-01-20,13:25,2026-01-20 13:25,25421.25,25426.55,25415.25,25416.75,2291190
2026-01-20,13:30,2026-01-20 13:30,25418.05,25419.25,25394.75,25396.2,4715864
2026-01-20,13:35,2026-01-20 13:35,25398.15,25398.15,25370.75,25375.6,4758147
2026-01-20,13:40,2026-01-20 13:40,25376.4,25379.6,25361.45,25372.45,4378234
2026-01-20,13:45,2026-01-20 13:45,25372.75,25374.35,25361.2,25364.75,2853313
2026-01-20,13:50,2026-01-20 13:50,25365.0,25376.0,25360.25,25369.4,3630104
2026-01-20,13:55,2026-01-20 13:55,25370.25,25378.65,25364.3,25369.65,4296234
2026-01-20,14:00,2026-01-20 14:00,25371.75,25389.2,25349.55,25379.2,6427113
2026-01-20,14:05,2026-01-20 14:05,25379.25,25379.25,25349.35,25354.9,4380636
2026-01-20,14:10,2026-01-20 14:10,25354.9,25365.35,25347.55,25360.75,5176082
2026-01-20,14:15,2026-01-20 14:15,25361.45,25376.75,25358.85,25359.65,5861983
2026-01-20,14:20,2026-01-20 14:20,25360.45,25368.7,25352.95,25366.55,3987074
2026-01-20,14:25,2026-01-20 14:25,25366.0,25392.35,25362.4,25389.45,5018743
2026-01-20,14:30,2026-01-20 14:30,25390.4,25394.1,25378.2,25379.15,3666503
2026-01-20,14:35,2026-01-20 14:35,25381.3,25384.45,25359.55,25360.95,5597066
2026-01-20,14:40,2026-01-20 14:40,25362.4,25363.45,25332.95,25344.15,8001488
2026-01-20,14:45,2026-01-20 14:45,25344.65,25355.25,25341.0,25346.55,4842005
2026-01-20,14:50,2026-01-20 14:50,25347.45,25350.7,25326.35,25336.4,4517651
2026-01-20,14:55,2026-01-20 14:55,25337.35,25342.8,25311.45,25311.7,6812252
2026-01-20,15:00,2026-01-20 15:00,25310.3,25311.0,25265.3,25277.7,13924255
2026-01-20,15:05,2026-01-20 15:05,25277.0,25290.7,25267.5,25267.5,12421044
2026-01-20,15:10,2026-01-20 15:10,25269.3,25269.3,25213.85,25217.05,15013141
2026-01-20,15:15,2026-01-20 15:15,25215.05,25239.3,25194.6,25200.05,14312571
2026-01-20,15:20,2026-01-20 15:20,25199.25,25199.85,25177.2,25180.55,13675557
2026-01-20,15:25,2026-01-20 15:25,25178.1,25230.35,25171.35,25225.35,13032375
2026-01-20,15:30,2026-01-20 15:30,25225.35,25225.35,25225.35,25225.35,1969846
2026-01-21,09:15,2026-01-21 09:15,25141.0,25277.75,25130.15,25242.4,16049391
2026-01-21,09:20,2026-01-21 09:20,25239.2,25240.2,25185.95,25221.4,10093167
2026-01-21,09:25,2026-01-21 09:25,25222.65,25254.6,25199.35,25199.95,9846852
2026-01-21,09:30,2026-01-21 09:30,25201.95,25248.15,25199.0,25242.85,8232335
2026-01-21,09:35,2026-01-21 09:35,25242.1,25251.3,25188.2,25189.45,8735712
2026-01-21,09:40,2026-01-21 09:40,25188.6,25223.75,25187.9,25199.45,6958342
2026-01-21,09:45,2026-01-21 09:45,25199.65,25212.3,25173.3,25198.9,6846281
2026-01-21,09:50,2026-01-21 09:50,25198.75,25209.65,25168.05,25177.55,5079349
2026-01-21,09:55,2026-01-21 09:55,25178.3,25207.25,25158.1,25158.7,4710092
2026-01-21,10:00,2026-01-21 10:00,25158.95,25170.7,25143.6,25159.55,4670781
2026-01-21,10:05,2026-01-21 10:05,25159.6,25173.95,25147.1,25153.8,3835435
2026-01-21,10:10,2026-01-21 10:10,25154.2,25178.95,25137.95,25153.25,5514968
2026-01-21,10:15,2026-01-21 10:15,25153.8,25159.1,25136.3,25144.45,3965855
2026-01-21,10:20,2026-01-21 10:20,25144.25,25154.1,25105.25,25105.85,4181597
2026-01-21,10:25,2026-01-21 10:25,25107.5,25120.5,25092.2,25096.4,7608511
2026-01-21,10:30,2026-01-21 10:30,25096.75,25102.5,25085.2,25095.9,3451988
2026-01-21,10:35,2026-01-21 10:35,25095.6,25100.3,25078.1,25079.55,4925714
2026-01-21,10:40,2026-01-21 10:40,25079.45,25084.8,25026.2,25029.0,5574509
2026-01-21,10:45,2026-01-21 10:45,25029.1,25030.8,25006.35,25011.3,5670986
2026-01-21,10:50,2026-01-21 10:50,25011.2,25019.3,24967.6,24969.45,6216789
2026-01-21,10:55,2026-01-21 10:55,24969.05,25006.6,24919.8,24993.6,8844424
2026-01-21,11:00,2026-01-21 11:00,24991.8,25009.45,24982.3,24994.55,4850086
2026-01-21,11:05,2026-01-21 11:05,24994.2,25005.8,24975.0,25003.1,4421108
2026-01-21,11:10,2026-01-21 11:10,25004.3,25070.1,25003.55,25054.75,5133803
2026-01-21,11:15,2026-01-21 11:15,25055.4,25077.2,25036.6,25075.65,6307599
2026-01-21,11:20,2026-01-21 11:20,25076.35,25077.15,25047.6,25059.0,5419874
2026-01-21,11:25,2026-01-21 11:25,25058.3,25062.65,25026.6,25029.15,3893242
2026-01-21,11:30,2026-01-21 11:30,25028.0,25071.2,25024.45,25043.65,3482648
2026-01-21,11:35,2026-01-21 11:35,25043.95,25061.55,25036.95,25043.35,3014487
2026-01-21,11:40,2026-01-21 11:40,25043.35,25051.5,25035.6,25040.05,3156369
2026-01-21,11:45,2026-01-21 11:45,25041.0,25064.15,25040.9,25050.25,2845410
2026-01-21,11:50,2026-01-21 11:50,25051.45,25080.25,25047.65,25059.9,3039676
2026-01-21,11:55,2026-01-21 11:55,25061.35,25070.45,25048.75,25069.85,3129196
2026-01-21,12:00,2026-01-21 12:00,25069.1,25124.1,25063.85,25116.65,3737399
2026-01-21,12:05,2026-01-21 12:05,25115.6,25128.4,25103.3,25115.45,5706668
2026-01-21,12:10,2026-01-21 12:10,25116.3,25136.15,25106.45,25136.15,3477545
2026-01-21,12:15,2026-01-21 12:15,25135.15,25167.9,25122.65,25157.45,3913264
2026-01-21,12:20,2026-01-21 12:20,25157.15,25187.9,25145.8,25185.85,5689719
2026-01-21,12:25,2026-01-21 12:25,25184.35,25186.6,25118.5,25133.2,4430893
2026-01-21,12:30,2026-01-21 12:30,25133.9,25189.3,25132.0,25185.45,4464555
2026-01-21,12:35,2026-01-21 12:35,25186.1,25232.95,25183.6,25226.65,5316043
2026-01-21,12:40,2026-01-21 12:40,25229.05,25245.85,25218.35,25226.7,6202912
2026-01-21,12:45,2026-01-21 12:45,25225.9,25285.7,25225.1,25279.3,5741822
2026-01-21,12:50,2026-01-21 12:50,25279.55,25294.4,25262.05,25282.9,5629811
2026-01-21,12:55,2026-01-21 12:55,25282.5,25286.7,25256.0,25279.4,4274373
2026-01-21,13:00,2026-01-21 13:00,25279.1,25300.95,25273.75,25287.15,4282755
2026-01-21,13:05,2026-01-21 13:05,25286.85,25293.7,25259.2,25260.0,4915864
2026-01-21,13:10,2026-01-21 13:10,25258.0,25259.4,25221.5,25237.45,3749443
2026-01-21,13:15,2026-01-21 13:15,25237.6,25242.4,25209.0,25214.4,4646249
2026-01-21,13:20,2026-01-21 13:20,25214.3,25227.15,25196.05,25212.5,3175155
2026-01-21,13:25,2026-01-21 13:25,25212.4,25218.75,25200.75,25210.4,2570937
2026-01-21,13:30,2026-01-21 13:30,25210.75,25219.9,25177.05,25183.6,3384693
2026-01-21,13:35,2026-01-21 13:35,25182.4,25238.25,25174.25,25212.15,4262643
2026-01-21,13:40,2026-01-21 13:40,25211.45,25211.45,25173.35,25195.7,5857736
2026-01-21,13:45,2026-01-21 13:45,25195.15,25208.9,25184.3,25195.7,4174356
2026-01-21,13:50,2026-01-21 13:50,25195.5,25201.3,25160.6,25168.85,3250234
2026-01-21,13:55,2026-01-21 13:55,25169.2,25170.2,25148.45,25153.25,2953154
2026-01-21,14:00,2026-01-21 14:00,25151.1,25158.85,25136.35,25148.25,3057047
2026-01-21,14:05,2026-01-21 14:05,25149.05,25160.3,25142.6,25144.1,2814810
2026-01-21,14:10,2026-01-21 14:10,25143.2,25152.4,25132.85,25136.7,3337999
2026-01-21,14:15,2026-01-21 14:15,25137.45,25202.05,25129.8,25177.8,4145423
2026-01-21,14:20,2026-01-21 14:20,25176.65,25186.0,25138.3,25152.2,2982298
2026-01-21,14:25,2026-01-21 14:25,25151.95,25153.4,25120.0,25120.85,2542657
2026-01-21,14:30,2026-01-21 14:30,25120.25,25166.4,25119.85,25162.85,3333578
2026-01-21,14:35,2026-01-21 14:35,25163.0,25163.75,25140.8,25155.0,3732470
2026-01-21,14:40,2026-01-21 14:40,25154.3,25163.2,25135.0,25150.1,4041012
2026-01-21,14:45,2026-01-21 14:45,25149.0,25158.45,25142.65,25155.85,3775741
2026-01-21,14:50,2026-01-21 14:50,25155.55,25164.05,25143.15,25153.95,3922181
2026-01-21,14:55,2026-01-21 14:55,25153.2,25157.8,25137.65,25143.15,3365107
2026-01-21,15:00,2026-01-21 15:00,25143.75,25177.8,25135.35,25177.5,8969927
2026-01-21,15:05,2026-01-21 15:05,25178.45,25182.5,25156.8,25165.7,9133334
2026-01-21,15:10,2026-01-21 15:10,25165.45,25169.3,25144.75,25155.0,8171323
2026-01-21,15:15,2026-01-21 15:15,25155.2,25162.2,25145.85,25159.9,8611055
2026-01-21,15:20,2026-01-21 15:20,25159.35,25160.15,25140.55,25152.8,9168384
2026-01-21,15:25,2026-01-21 15:25,25152.05,25171.7,25145.8,25168.1,9985322
2026-01-22,09:15,2026-01-22 09:15,25344.15,25355.6,25302.45,25318.0,45577023
2026-01-22,09:20,2026-01-22 09:20,25317.05,25345.35,25310.05,25338.0,14337267
2026-01-22,09:25,2026-01-22 09:25,25336.85,25395.75,25327.35,25386.65,10583275
2026-01-22,09:30,2026-01-22 09:30,25385.2,25417.25,25385.2,25406.65,13857223
2026-01-22,09:35,2026-01-22 09:35,25408.5,25425.7,25395.15,25405.2,9639919
2026-01-22,09:40,2026-01-22 09:40,25404.3,25412.25,25387.0,25395.95,7757914
2026-01-22,09:45,2026-01-22 09:45,25395.05,25431.85,25390.2,25421.0,7466653
2026-01-22,09:50,2026-01-22 09:50,25419.8,25435.75,25394.45,25396.45,6780605
2026-01-22,09:55,2026-01-22 09:55,25395.35,25407.3,25379.2,25394.55,4992649
2026-01-22,10:00,2026-01-22 10:00,25395.3,25411.65,25363.3,25375.7,6732181
2026-01-22,10:05,2026-01-22 10:05,25374.95,25388.25,25364.85,25366.15,6532084
2026-01-22,10:10,2026-01-22 10:10,25367.15,25399.05,25364.45,25376.0,5776644
2026-01-22,10:15,2026-01-22 10:15,25376.5,25388.55,25341.3,25341.3,6467139
2026-01-22,10:20,2026-01-22 10:20,25340.15,25352.55,25326.25,25347.8,7196945
2026-01-22,10:25,2026-01-22 10:25,25348.55,25348.8,25290.2,25291.9,7201809
2026-01-22,10:30,2026-01-22 10:30,25292.9,25314.4,25245.25,25310.85,8322460
2026-01-22,10:35,2026-01-22 10:35,25311.2,25332.5,25284.95,25287.15,4713538
2026-01-22,10:40,2026-01-22 10:40,25287.85,25301.2,25284.65,25295.35,3656213
2026-01-22,10:45,2026-01-22 10:45,25294.85,25298.45,25272.15,25275.55,5479423
2026-01-22,10:50,2026-01-22 10:50,25274.45,25276.2,25255.1,25270.95,4490658
2026-01-22,10:55,2026-01-22 10:55,25272.2,25276.7,25221.7,25221.7,4243720
2026-01-22,11:00,2026-01-22 11:00,25221.95,25248.95,25216.8,25230.65,3995222
2026-01-22,11:05,2026-01-22 11:05,25230.45,25231.5,25206.95,25224.6,4549409
2026-01-22,11:10,2026-01-22 11:10,25224.6,25234.95,25201.9,25215.75,4168217
2026-01-22,11:15,2026-01-22 11:15,25215.95,25232.4,25211.25,25214.45,4649316
2026-01-22,11:20,2026-01-22 11:20,25215.1,25265.25,25212.4,25253.7,4431856
2026-01-22,11:25,2026-01-22 11:25,25253.3,25280.55,25245.3,25247.25,4538027
2026-01-22,11:30,2026-01-22 11:30,25246.85,25255.35,25232.2,25248.75,4046343
2026-01-22,11:35,2026-01-22 11:35,25248.35,25259.15,25234.0,25236.6,4601765
2026-01-22,11:40,2026-01-22 11:40,25236.65,25239.45,25197.8,25206.85,4577980
2026-01-22,11:45,2026-01-22 11:45,25205.9,25211.8,25177.85,25211.8,3810311
2026-01-22,11:50,2026-01-22 11:50,25210.6,25226.4,25198.6,25202.45,3546210
2026-01-22,11:55,2026-01-22 11:55,25202.25,25211.35,25185.9,25188.2,4990953
2026-01-22,12:00,2026-01-22 12:00,25188.8,25207.05,25183.3,25207.05,3187351
2026-01-22,12:05,2026-01-22 12:05,25207.7,25241.5,25207.35,25230.5,3690174
2026-01-22,12:10,2026-01-22 12:10,25229.45,25239.0,25215.55,25237.1,4577190
2026-01-22,12:15,2026-01-22 12:15,25237.15,25247.2,25216.05,25239.65,4560847
2026-01-22,12:20,2026-01-22 12:20,25238.85,25277.5,25238.1,25242.4,4088346
2026-01-22,12:25,2026-01-22 12:25,25242.55,25261.35,25236.55,25255.25,3169483
2026-01-22,12:30,2026-01-22 12:30,25254.6,25265.75,25242.55,25264.55,4277524
2026-01-22,12:35,2026-01-22 12:35,25263.75,25271.3,25232.25,25251.8,5118530
2026-01-22,12:40,2026-01-22 12:40,25251.35,25251.95,25210.45,25244.95,5936667
2026-01-22,12:45,2026-01-22 12:45,25244.75,25254.65,25228.95,25250.25,4678967
2026-01-22,12:50,2026-01-22 12:50,25251.5,25262.5,25229.1,25229.1,4946887
2026-01-22,12:55,2026-01-22 12:55,25228.0,25228.5,25205.9,25209.9,3019420
2026-01-22,13:00,2026-01-22 13:00,25208.65,25217.45,25190.95,25217.45,3840536
2026-01-22,13:05,2026-01-22 13:05,25217.15,25222.05,25200.0,25202.7,3574984
2026-01-22,13:10,2026-01-22 13:10,25201.2,25214.05,25190.45,25191.95,2981593
2026-01-22,13:15,2026-01-22 13:15,25192.05,25201.75,25171.25,25201.1,4414188
2026-01-22,13:20,2026-01-22 13:20,25200.7,25208.3,25186.5,25197.15,3699605
2026-01-22,13:25,2026-01-22 13:25,25196.2,25199.15,25177.5,25179.05,3771627
2026-01-22,13:30,2026-01-22 13:30,25177.85,25215.85,25169.4,25215.05,4222605
2026-01-22,13:35,2026-01-22 13:35,25214.7,25227.55,25188.55,25191.5,4533753
2026-01-22,13:40,2026-01-22 13:40,25190.7,25209.05,25184.15,25204.55,3817198
2026-01-22,13:45,2026-01-22 13:45,25204.05,25213.8,25187.05,25211.35,3533626
2026-01-22,13:50,2026-01-22 13:50,25211.2,25239.6,25206.15,25233.4,4812503
2026-01-22,13:55,2026-01-22 13:55,25232.85,25241.1,25221.95,25229.15,6165094
2026-01-22,14:00,2026-01-22 14:00,25228.35,25245.0,25220.85,25223.2,3764697
2026-01-22,14:05,2026-01-22 14:05,25223.65,25230.8,25201.35,25211.8,3441419
2026-01-22,14:10,2026-01-22 14:10,25211.5,25213.8,25176.95,25178.35,4631225
2026-01-22,14:15,2026-01-22 14:15,25178.8,25188.7,25168.5,25179.15,6530171
2026-01-22,14:20,2026-01-22 14:20,25178.4,25207.5,25176.9,25197.95,4257980
2026-01-22,14:25,2026-01-22 14:25,25197.25,25236.7,25195.55,25234.85,3641667
2026-01-22,14:30,2026-01-22 14:30,25234.2,25279.0,25233.35,25276.2,5829284
2026-01-22,14:35,2026-01-22 14:35,25274.45,25295.9,25262.6,25281.75,6933105
2026-01-22,14:40,2026-01-22 14:40,25281.75,25292.3,25261.05,25284.45,4810164
2026-01-22,14:45,2026-01-22 14:45,25284.1,25318.2,25284.1,25298.45,6966911
2026-01-22,14:50,2026-01-22 14:50,25297.4,25309.15,25278.5,25279.55,5002230
2026-01-22,14:55,2026-01-22 14:55,25284.35,25308.1,25281.65,25297.0,5618613
2026-01-22,15:00,2026-01-22 15:00,25295.5,25296.55,25238.8,25258.85,14819495
2026-01-22,15:05,2026-01-22 15:05,25257.25,25287.0,25250.45,25282.35,11694721
2026-01-22,15:10,2026-01-22 15:10,25280.8,25302.0,25280.55,25288.55,9845366
2026-01-22,15:15,2026-01-22 15:15,25288.45,25315.2,25287.6,25305.6,13028680
2026-01-22,15:20,2026-01-22 15:20,25304.5,25332.35,25302.45,25316.65,12853189
2026-01-22,15:25,2026-01-22 15:25,25315.5,25327.5,25311.25,25320.45,10869158
2026-01-22,15:30,2026-01-22 15:30,25320.45,25320.45,25320.45,25320.45,1347831
2026-01-23,09:15,2026-01-23 09:15,25344.6,25347.95,25249.1,25275.3,14938780
2026-01-23,09:20,2026-01-23 09:20,25274.8,25323.3,25259.9,25320.1,7391042
2026-01-23,09:25,2026-01-23 09:25,25320.45,25344.6,25311.35,25344.6,5631620
2026-01-23,09:30,2026-01-23 09:30,25344.2,25345.35,25311.85,25315.4,4285207
2026-01-23,09:35,2026-01-23 09:35,25315.95,25319.25,25295.45,25304.5,5320490
2026-01-23,09:40,2026-01-23 09:40,25305.5,25318.15,25283.95,25285.7,4290268
2026-01-23,09:45,2026-01-23 09:45,25287.6,25312.55,25267.7,25300.25,5320993
2026-01-23,09:50,2026-01-23 09:50,25300.25,25303.15,25281.4,25281.4,5149663
2026-01-23,09:55,2026-01-23 09:55,25281.5,25301.9,25280.3,25290.95,6563104
2026-01-23,10:00,2026-01-23 10:00,25292.3,25304.05,25263.5,25287.95,4250307
2026-01-23,10:05,2026-01-23 10:05,25287.5,25308.65,25276.6,25277.65,4617149
2026-01-23,10:10,2026-01-23 10:10,25278.65,25291.6,25278.25,25281.7,4442793
2026-01-23,10:15,2026-01-23 10:15,25280.55,25288.05,25251.55,25261.35,4135686
2026-01-23,10:20,2026-01-23 10:20,25261.7,25268.35,25258.1,25264.2,3368689
2026-01-23,10:25,2026-01-23 10:25,25265.15,25295.9,25260.8,25291.45,5574101
2026-01-23,10:30,2026-01-23 10:30,25291.7,25320.8,25286.7,25303.8,4023382
2026-01-23,10:35,2026-01-23 10:35,25303.55,25315.7,25298.95,25300.1,2472943
2026-01-23,10:40,2026-01-23 10:40,25301.35,25310.2,25286.45,25293.35,2922366
2026-01-23,10:45,2026-01-23 10:45,25293.25,25300.4,25270.45,25275.95,3539413
2026-01-23,10:50,2026-01-23 10:50,25275.85,25287.4,25273.5,25278.05,3095895
2026-01-23,10:55,2026-01-23 10:55,25278.25,25285.1,25269.7,25277.55,4001983
2026-01-23,11:00,2026-01-23 11:00,25277.65,25285.55,25265.2,25265.8,3875738
2026-01-23,11:05,2026-01-23 11:05,25265.0,25280.0,25261.05,25274.15,3815504
2026-01-23,11:10,2026-01-23 11:10,25274.25,25293.6,25273.5,25284.9,3499599
2026-01-23,11:15,2026-01-23 11:15,25285.3,25289.9,25264.85,25265.25,3486218
2026-01-23,11:20,2026-01-23 11:20,25265.1,25275.95,25254.8,25264.75,3293006
2026-01-23,11:25,2026-01-23 11:25,25265.9,25278.2,25263.3,25275.3,3081715
2026-01-23,11:30,2026-01-23 11:30,25275.85,25279.35,25255.6,25256.4,4254404
2026-01-23,11:35,2026-01-23 11:35,25256.45,25259.25,25229.0,25229.1,5236622
2026-01-23,11:40,2026-01-23 11:40,25229.7,25230.55,25209.6,25211.6,3951728
2026-01-23,11:45,2026-01-23 11:45,25211.45,25215.8,25193.2,25193.35,4467376
2026-01-23,11:50,2026-01-23 11:50,25193.45,25224.65,25190.95,25207.45,3227059
2026-01-23,11:55,2026-01-23 11:55,25208.05,25218.15,25202.95,25215.2,2915251
2026-01-23,12:00,2026-01-23 12:00,25214.75,25223.3,25198.15,25219.15,3050308
2026-01-23,12:05,2026-01-23 12:05,25218.55,25218.55,25186.6,25189.55,3607246
2026-01-23,12:10,2026-01-23 12:10,25190.85,25195.8,25183.65,25185.2,4392172
2026-01-23,12:15,2026-01-23 12:15,25185.95,25220.35,25185.95,25219.6,5268243
2026-01-23,12:20,2026-01-23 12:20,25220.35,25222.95,25203.4,25203.65,4131830
2026-01-23,12:25,2026-01-23 12:25,25204.55,25218.05,25194.0,25205.65,3465204
2026-01-23,12:30,2026-01-23 12:30,25205.3,25220.5,25199.45,25211.15,3389635
2026-01-23,12:35,2026-01-23 12:35,25210.0,25217.8,25202.6,25216.65,3006809
2026-01-23,12:40,2026-01-23 12:40,25216.55,25236.6,25207.05,25223.05,3414150
2026-01-23,12:45,2026-01-23 12:45,25223.3,25243.8,25208.15,25210.75,4693015
2026-01-23,12:50,2026-01-23 12:50,25212.05,25229.75,25202.2,25229.1,3784853
2026-01-23,12:55,2026-01-23 12:55,25229.75,25229.75,25200.9,25202.95,4927244
2026-01-23,13:00,2026-01-23 13:00,25203.95,25213.3,25191.7,25194.3,4347942
2026-01-23,13:05,2026-01-23 13:05,25194.05,25198.5,25180.25,25187.25,4218265
2026-01-23,13:10,2026-01-23 13:10,25187.75,25200.35,25183.9,25196.4,5156362
2026-01-23,13:15,2026-01-23 13:15,25196.65,25197.35,25142.65,25148.95,5512688
2026-01-23,13:20,2026-01-23 13:20,25148.55,25149.55,25124.65,25128.0,4134303
2026-01-23,13:25,2026-01-23 13:25,25127.75,25148.25,25120.8,25124.6,3912297
2026-01-23,13:30,2026-01-23 13:30,25125.6,25125.8,25067.8,25070.65,5610670
2026-01-23,13:35,2026-01-23 13:35,25072.25,25077.15,25056.2,25062.55,5101922
2026-01-23,13:40,2026-01-23 13:40,25063.3,25081.4,25047.75,25049.55,5190215
2026-01-23,13:45,2026-01-23 13:45,25049.25,25067.5,25043.85,25057.1,4026379
2026-01-23,13:50,2026-01-23 13:50,25057.45,25068.4,25050.35,25063.7,4726153
2026-01-23,13:55,2026-01-23 13:55,25063.25,25070.5,25046.75,25049.95,4322385
2026-01-23,14:00,2026-01-23 14:00,25049.8,25068.45,25046.8,25065.3,5528642
2026-01-23,14:05,2026-01-23 14:05,25065.65,25075.25,25051.85,25067.7,4863766
2026-01-23,14:10,2026-01-23 14:10,25068.15,25078.05,25056.4,25063.4,4602274
2026-01-23,14:15,2026-01-23 14:15,25064.05,25095.15,25053.15,25060.1,6385598
2026-01-23,14:20,2026-01-23 14:20,25060.15,25066.9,25041.0,25044.75,4944150
2026-01-23,14:25,2026-01-23 14:25,25045.2,25089.65,25043.95,25069.35,6406947
2026-01-23,14:30,2026-01-23 14:30,25069.95,25100.15,25068.2,25088.75,6710534
2026-01-23,14:35,2026-01-23 14:35,25088.25,25094.65,25063.7,25088.2,6111022
2026-01-23,14:40,2026-01-23 14:40,25087.15,25107.8,25083.65,25083.65,5844451
2026-01-23,14:45,2026-01-23 14:45,25089.15,25100.8,25057.3,25058.35,5845892
2026-01-23,14:50,2026-01-23 14:50,25058.15,25085.8,25058.15,25077.05,5424880
2026-01-23,14:55,2026-01-23 14:55,25079.35,25106.15,25079.35,25090.65,6128145
2026-01-23,15:00,2026-01-23 15:00,25093.9,25096.0,25055.85,25060.25,10401104
2026-01-23,15:05,2026-01-23 15:05,25060.55,25061.05,25028.25,25029.95,9447730
2026-01-23,15:10,2026-01-23 15:10,25031.9,25048.7,25029.9,25045.85,11236016
2026-01-23,15:15,2026-01-23 15:15,25046.5,25062.85,25025.3,25039.25,11922819
2026-01-23,15:20,2026-01-23 15:20,25040.85,25049.8,25034.7,25048.0,13227134
2026-01-23,15:25,2026-01-23 15:25,25049.6,25074.5,25045.9,25064.75,12367300
2026-01-27,09:15,2026-01-27 09:15,25063.35,25126.3,25006.3,25009.95,36267434
2026-01-27,09:20,2026-01-27 09:20,25007.5,25008.7,24937.55,24946.4,17309369
2026-01-27,09:25,2026-01-27 09:25,24946.3,24970.7,24932.55,24958.55,12443621
2026-01-27,09:30,2026-01-27 09:30,24958.4,25000.2,24940.2,24989.5,11678570
2026-01-27,09:35,2026-01-27 09:35,24989.95,25095.15,24977.8,25091.5,11163404
2026-01-27,09:40,2026-01-27 09:40,25090.65,25147.6,25064.75,25147.6,10962502
2026-01-27,09:45,2026-01-27 09:45,25148.8,25161.85,25121.0,25152.2,8607495
2026-01-27,09:50,2026-01-27 09:50,25151.75,25158.75,25126.4,25137.25,6165495
2026-01-27,09:55,2026-01-27 09:55,25139.05,25141.3,25100.95,25108.9,5986420
2026-01-27,10:00,2026-01-27 10:00,25111.0,25152.35,25111.0,25130.3,6637620
2026-01-27,10:05,2026-01-27 10:05,25130.2,25133.2,25083.35,25099.45,5065805
2026-01-27,10:10,2026-01-27 10:10,25099.9,25131.6,25086.9,25128.45,7267784
2026-01-27,10:15,2026-01-27 10:15,25129.35,25184.95,25123.5,25176.6,7469280
2026-01-27,10:20,2026-01-27 10:20,25177.0,25179.0,25158.4,25161.55,6313619
2026-01-27,10:25,2026-01-27 10:25,25161.2,25172.35,25117.3,25117.7,5651095
2026-01-27,10:30,2026-01-27 10:30,25117.7,25133.4,25105.75,25128.65,5204321
2026-01-27,10:35,2026-01-27 10:35,25128.3,25131.55,25108.7,25110.65,5751995
2026-01-27,10:40,2026-01-27 10:40,25112.1,25112.35,25019.7,25030.0,7290853
2026-01-27,10:45,2026-01-27 10:45,25028.85,25044.75,25012.45,25041.35,5523130
2026-01-27,10:50,2026-01-27 10:50,25041.6,25041.6,24979.2,24994.7,6302845
2026-01-27,10:55,2026-01-27 10:55,24996.4,25011.4,24979.05,24983.25,6724510
2026-01-27,11:00,2026-01-27 11:00,24983.85,25021.5,24980.0,25011.05,6908024
2026-01-27,11:05,2026-01-27 11:05,25008.8,25039.8,24994.05,25019.25,7001579
2026-01-27,11:10,2026-01-27 11:10,25019.95,25030.3,25013.8,25029.4,4961835
2026-01-27,11:15,2026-01-27 11:15,25029.05,25057.1,25022.1,25048.05,4819862
2026-01-27,11:20,2026-01-27 11:20,25049.8,25064.85,25037.15,25039.4,7446380
2026-01-27,11:25,2026-01-27 11:25,25038.65,25066.65,25030.95,25057.7,4589406
2026-01-27,11:30,2026-01-27 11:30,25057.75,25084.8,25052.55,25063.0,4934216
2026-01-27,11:35,2026-01-27 11:35,25063.0,25091.65,25062.85,25090.5,4796725
2026-01-27,11:40,2026-01-27 11:40,25091.0,25157.85,25079.45,25154.65,6832117
2026-01-27,11:45,2026-01-27 11:45,25154.15,25162.05,25107.75,25108.15,9562776
2026-01-27,11:50,2026-01-27 11:50,25109.4,25109.7,25084.2,25086.75,4536947
2026-01-27,11:55,2026-01-27 11:55,25088.55,25116.95,25083.6,25103.65,4776896
2026-01-27,12:00,2026-01-27 12:00,25104.0,25131.8,25092.65,25113.65,4586744
2026-01-27,12:05,2026-01-27 12:05,25114.55,25125.9,25114.15,25115.25,4080194
2026-01-27,12:10,2026-01-27 12:10,25116.25,25137.65,25113.95,25120.35,4043263
2026-01-27,12:15,2026-01-27 12:15,25121.55,25127.55,25091.25,25091.95,4124782
2026-01-27,12:20,2026-01-27 12:20,25092.0,25135.5,25091.2,25127.6,6961442
2026-01-27,12:25,2026-01-27 12:25,25127.1,25138.2,25100.35,25102.1,4569077
2026-01-27,12:30,2026-01-27 12:30,25102.25,25109.25,25083.1,25098.8,4106250
2026-01-27,12:35,2026-01-27 12:35,25099.0,25101.8,25070.55,25086.4,4016627
2026-01-27,12:40,2026-01-27 12:40,25086.1,25093.65,25076.55,25079.55,3517127
2026-01-27,12:45,2026-01-27 12:45,25081.2,25091.8,25058.5,25058.5,3946689
2026-01-27,12:50,2026-01-27 12:50,25060.45,25100.4,25056.5,25094.3,5129536
2026-01-27,12:55,2026-01-27 12:55,25094.0,25096.85,25082.35,25088.95,4951624
2026-01-27,13:00,2026-01-27 13:00,25088.95,25090.45,25065.15,25080.95,4586228
2026-01-27,13:05,2026-01-27 13:05,25080.7,25094.4,25074.2,25089.6,3697539
2026-01-27,13:10,2026-01-27 13:10,25089.5,25090.9,25071.15,25088.95,4238517
2026-01-27,13:15,2026-01-27 13:15,25089.1,25099.5,25081.2,25098.05,4723323
2026-01-27,13:20,2026-01-27 13:20,25098.6,25112.75,25085.9,25103.55,5130627
2026-01-27,13:25,2026-01-27 13:25,25102.4,25123.7,25089.85,25120.9,4870602
2026-01-27,13:30,2026-01-27 13:30,25122.7,25132.25,25106.5,25106.9,6198355
2026-01-27,13:35,2026-01-27 13:35,25107.25,25108.55,25027.7,25031.7,6866307
2026-01-27,13:40,2026-01-27 13:40,25033.6,25064.1,25018.0,25045.25,6393703
2026-01-27,13:45,2026-01-27 13:45,25046.15,25060.75,25040.65,25058.65,6029400
2026-01-27,13:50,2026-01-27 13:50,25059.8,25065.9,25036.95,25043.45,4618180
2026-01-27,13:55,2026-01-27 13:55,25043.75,25065.65,25039.6,25049.35,6025203
2026-01-27,14:00,2026-01-27 14:00,25050.85,25055.65,25013.15,25016.55,5331100
2026-01-27,14:05,2026-01-27 14:05,25017.4,25033.1,24998.25,25024.45,5122182
2026-01-27,14:10,2026-01-27 14:10,25026.05,25059.4,25024.35,25034.55,4956316
2026-01-27,14:15,2026-01-27 14:15,25034.9,25039.5,25024.05,25029.35,4907989
2026-01-27,14:20,2026-01-27 14:20,25030.05,25032.85,25007.85,25021.25,4967553
2026-01-27,14:25,2026-01-27 14:25,25022.7,25039.45,25019.0,25032.65,5208598
2026-01-27,14:30,2026-01-27 14:30,25032.7,25051.1,25024.45,25041.75,6355647
2026-01-27,14:35,2026-01-27 14:35,25042.3,25093.05,25040.65,25092.4,9695999
2026-01-27,14:40,2026-01-27 14:40,25093.1,25108.65,25084.85,25087.6,18168501
2026-01-27,14:45,2026-01-27 14:45,25088.9,25116.05,25088.3,25115.2,13582761
2026-01-27,14:50,2026-01-27 14:50,25115.9,25145.8,25115.15,25142.5,14045095
2026-01-27,14:55,2026-01-27 14:55,25143.6,25155.3,25116.55,25139.45,11752078
2026-01-27,15:00,2026-01-27 15:00,25143.3,25145.55,25100.75,25128.85,20331368
2026-01-27,15:05,2026-01-27 15:05,25130.5,25160.25,25125.9,25147.7,19495251
2026-01-27,15:10,2026-01-27 15:10,25142.95,25175.35,25142.75,25170.4,20906925
2026-01-27,15:15,2026-01-27 15:15,25169.25,25207.35,25168.05,25202.9,20444587
2026-01-27,15:20,2026-01-27 15:20,25203.95,25230.2,25190.65,25229.95,21950477
2026-01-27,15:25,2026-01-27 15:25,25230.4,25246.65,25225.7,25234.1,17489109
2026-01-28,09:15,2026-01-28 09:15,25258.85,25336.3,25225.7,25336.0,31717789
2026-01-28,09:20,2026-01-28 09:20,25335.45,25372.1,25335.1,25358.75,16786976
2026-01-28,09:25,2026-01-28 09:25,25357.9,25366.65,25324.7,25352.75,11569126
2026-01-28,09:30,2026-01-28 09:30,25352.1,25363.9,25308.7,25309.3,10901520
2026-01-28,09:35,2026-01-28 09:35,25310.3,25319.1,25286.5,25311.1,8656099
2026-01-28,09:40,2026-01-28 09:40,25311.4,25319.85,25289.0,25293.0,8014580
2026-01-28,09:45,2026-01-28 09:45,25292.95,25299.6,25278.1,25292.7,6880723
2026-01-28,09:50,2026-01-28 09:50,25292.65,25302.9,25278.55,25288.4,8088802
2026-01-28,09:55,2026-01-28 09:55,25288.4,25304.65,25272.7,25303.7,7392078
2026-01-28,10:00,2026-01-28 10:00,25304.7,25316.4,25281.7,25289.8,6638185
2026-01-28,10:05,2026-01-28 10:05,25290.25,25295.65,25244.45,25252.1,6798402
2026-01-28,10:10,2026-01-28 10:10,25252.85,25265.1,25232.7,25248.1,7298644
2026-01-28,10:15,2026-01-28 10:15,25248.3,25260.4,25235.6,25260.4,5101404
2026-01-28,10:20,2026-01-28 10:20,25260.35,25278.1,25254.25,25274.85,7911640
2026-01-28,10:25,2026-01-28 10:25,25275.35,25281.6,25246.5,25246.5,8335351
2026-01-28,10:30,2026-01-28 10:30,25246.85,25260.7,25234.05,25259.0,7108845
2026-01-28,10:35,2026-01-28 10:35,25259.3,25302.2,25256.15,25301.6,7340736
2026-01-28,10:40,2026-01-28 10:40,25301.85,25301.85,25279.8,25281.7,5753349
2026-01-28,10:45,2026-01-28 10:45,25282.2,25285.8,25267.35,25281.15,6106706
2026-01-28,10:50,2026-01-28 10:50,25280.8,25298.6,25280.6,25296.3,5024586
2026-01-28,10:55,2026-01-28 10:55,25296.15,25307.35,25286.7,25298.75,5531061
2026-01-28,11:00,2026-01-28 11:00,25299.85,25322.45,25288.85,25321.1,7238193
2026-01-28,11:05,2026-01-28 11:05,25321.0,25330.6,25314.45,25321.15,5979911
2026-01-28,11:10,2026-01-28 11:10,25320.6,25326.7,25312.9,25325.6,5411166
2026-01-28,11:15,2026-01-28 11:15,25325.35,25328.6,25313.3,25322.55,6661569
2026-01-28,11:20,2026-01-28 11:20,25322.5,25339.15,25318.95,25337.9,5350228
2026-01-28,11:25,2026-01-28 11:25,25337.2,25351.05,25330.7,25336.95,7554015
2026-01-28,11:30,2026-01-28 11:30,25337.4,25343.95,25330.95,25337.8,5212513
2026-01-28,11:35,2026-01-28 11:35,25337.4,25338.1,25301.1,25309.4,5194197
2026-01-28,11:40,2026-01-28 11:40,25310.55,25310.55,25292.3,25292.5,5462043
2026-01-28,11:45,2026-01-28 11:45,25292.8,25320.95,25290.65,25316.5,5328068
2026-01-28,11:50,2026-01-28 11:50,25317.1,25321.9,25309.0,25314.6,6002207
2026-01-28,11:55,2026-01-28 11:55,25314.15,25322.45,25310.2,25321.8,8005461
2026-01-28,12:00,2026-01-28 12:00,25320.85,25332.25,25318.9,25328.75,7603041
2026-01-28,12:05,2026-01-28 12:05,25329.15,25339.5,25316.45,25317.5,5703320
2026-01-28,12:10,2026-01-28 12:10,25317.55,25319.35,25306.95,25313.8,5551193
2026-01-28,12:15,2026-01-28 12:15,25313.8,25318.05,25299.95,25302.0,4443227
2026-01-28,12:20,2026-01-28 12:20,25302.5,25309.95,25286.05,25286.1,5582665
2026-01-28,12:25,2026-01-28 12:25,25286.6,25290.2,25269.0,25271.8,5037306
2026-01-28,12:30,2026-01-28 12:30,25272.0,25286.2,25269.05,25279.5,5800039
2026-01-28,12:35,2026-01-28 12:35,25280.25,25285.95,25271.1,25274.9,4005474
2026-01-28,12:40,2026-01-28 12:40,25274.65,25277.85,25258.95,25275.35,6198934
2026-01-28,12:45,2026-01-28 12:45,25275.6,25281.05,25263.05,25265.1,5138323
2026-01-28,12:50,2026-01-28 12:50,25264.4,25279.45,25261.0,25265.4,4065363
2026-01-28,12:55,2026-01-28 12:55,25265.15,25268.35,25257.05,25258.1,3251635
2026-01-28,13:00,2026-01-28 13:00,25258.1,25269.15,25252.05,25262.25,14316205
2026-01-28,13:05,2026-01-28 13:05,25262.4,25267.15,25256.35,25260.05,3343305
2026-01-28,13:10,2026-01-28 13:10,25260.05,25279.7,25256.85,25276.25,3868308
2026-01-28,13:15,2026-01-28 13:15,25276.6,25291.3,25268.8,25278.55,5046020
2026-01-28,13:20,2026-01-28 13:20,25278.5,25280.15,25213.55,25238.3,7038773
2026-01-28,13:25,2026-01-28 13:25,25239.25,25252.55,25227.85,25238.65,4639156
2026-01-28,13:30,2026-01-28 13:30,25238.35,25251.5,25232.8,25232.8,5959941
2026-01-28,13:35,2026-01-28 13:35,25233.0,25234.9,25225.85,25232.4,5037801
2026-01-28,13:40,2026-01-28 13:40,25232.0,25240.8,25207.0,25208.35,4914407
2026-01-28,13:45,2026-01-28 13:45,25207.35,25213.45,25191.25,25198.8,3482691
2026-01-28,13:50,2026-01-28 13:50,25199.05,25220.85,25187.65,25218.85,5128035
2026-01-28,13:55,2026-01-28 13:55,25218.85,25234.2,25216.9,25231.3,3577028
2026-01-28,14:00,2026-01-28 14:00,25232.25,25242.8,25224.6,25235.5,4572708
2026-01-28,14:05,2026-01-28 14:05,25235.8,25237.45,25221.7,25223.8,9630283
2026-01-28,14:10,2026-01-28 14:10,25223.95,25233.55,25205.15,25209.05,6406663
2026-01-28,14:15,2026-01-28 14:15,25208.65,25226.45,25201.1,25226.35,6700624
2026-01-28,14:20,2026-01-28 14:20,25226.4,25232.15,25211.0,25219.1,8048612
2026-01-28,14:25,2026-01-28 14:25,25219.8,25239.6,25216.35,25235.15,8223259
2026-01-28,14:30,2026-01-28 14:30,25235.15,25250.7,25224.3,25224.3,10543752
2026-01-28,14:35,2026-01-28 14:35,25223.55,25240.6,25218.95,25236.75,6899745
2026-01-28,14:40,2026-01-28 14:40,25237.65,25253.2,25232.8,25251.55,6777535
2026-01-28,14:45,2026-01-28 14:45,25252.05,25280.85,25251.2,25280.5,7427174
2026-01-28,14:50,2026-01-28 14:50,25280.9,25309.55,25278.0,25307.2,12894523
2026-01-28,14:55,2026-01-28 14:55,25307.75,25329.05,25307.75,25320.7,10882179
2026-01-28,15:00,2026-01-28 15:00,25320.8,25344.5,25320.8,25334.35,16463067
2026-01-28,15:05,2026-01-28 15:05,25333.6,25344.1,25323.2,25333.2,12772707
2026-01-28,15:10,2026-01-28 15:10,25333.2,25334.65,25322.5,25329.65,12565329
2026-01-28,15:15,2026-01-28 15:15,25330.95,25356.45,25330.45,25350.55,13442930
2026-01-28,15:20,2026-01-28 15:20,25350.55,25357.9,25346.4,25351.6,13376797
2026-01-28,15:25,2026-01-28 15:25,25350.5,25358.4,25341.0,25348.05,11569757
2026-01-29,09:15,2026-01-29 09:15,25345.0,25359.35,25248.55,25280.55,21385738
2026-01-29,09:20,2026-01-29 09:20,25281.3,25285.45,25252.4,25275.85,12078599
2026-01-29,09:25,2026-01-29 09:25,25275.05,25304.6,25271.6,25272.6,12117724
2026-01-29,09:30,2026-01-29 09:30,25270.7,25282.25,25252.3,25280.55,10380783
2026-01-29,09:35,2026-01-29 09:35,25279.0,25279.1,25215.4,25225.7,10504240
2026-01-29,09:40,2026-01-29 09:40,25225.9,25241.65,25207.8,25210.7,10041578
2026-01-29,09:45,2026-01-29 09:45,25209.0,25232.8,25204.25,25229.1,7828960
2026-01-29,09:50,2026-01-29 09:50,25227.45,25238.35,25175.75,25180.7,8579373
2026-01-29,09:55,2026-01-29 09:55,25181.45,25192.15,25159.8,25184.85,7283721
2026-01-29,10:00,2026-01-29 10:00,25185.3,25197.9,25167.05,25193.0,6452697
2026-01-29,10:05,2026-01-29 10:05,25192.85,25200.05,25172.9,25190.7,7187487
2026-01-29,10:10,2026-01-29 10:10,25190.4,25214.35,25178.85,25211.65,5259275
2026-01-29,10:15,2026-01-29 10:15,25210.35,25228.85,25205.4,25210.85,5306855
2026-01-29,10:20,2026-01-29 10:20,25211.25,25218.3,25167.65,25213.3,8701977
2026-01-29,10:25,2026-01-29 10:25,25211.85,25214.9,25179.2,25194.3,7091582
2026-01-29,10:30,2026-01-29 10:30,25194.3,25218.5,25183.4,25212.45,6686041
2026-01-29,10:35,2026-01-29 10:35,25213.1,25221.65,25186.4,25186.4,7249016
2026-01-29,10:40,2026-01-29 10:40,25186.25,25204.95,25175.65,25190.0,7142711
2026-01-29,10:45,2026-01-29 10:45,25191.05,25200.85,25184.5,25184.85,5145590
2026-01-29,10:50,2026-01-29 10:50,25184.35,25227.95,25183.55,25224.05,4605560
2026-01-29,10:55,2026-01-29 10:55,25223.95,25240.55,25218.6,25234.0,4918692
2026-01-29,11:00,2026-01-29 11:00,25234.6,25247.15,25232.35,25238.4,4338322
2026-01-29,11:05,2026-01-29 11:05,25238.55,25252.1,25230.1,25247.4,4663656
2026-01-29,11:10,2026-01-29 11:10,25247.75,25258.95,25242.05,25257.8,4736994
2026-01-29,11:15,2026-01-29 11:15,25257.95,25279.25,25257.2,25267.55,5565867
2026-01-29,11:20,2026-01-29 11:20,25267.55,25296.9,25263.25,25287.5,8909537
2026-01-29,11:25,2026-01-29 11:25,25287.75,25287.75,25261.25,25278.4,5614500
2026-01-29,11:30,2026-01-29 11:30,25277.4,25295.2,25261.5,25262.8,5203257
2026-01-29,11:35,2026-01-29 11:35,25262.85,25267.4,25249.0,25256.1,4611115
2026-01-29,11:40,2026-01-29 11:40,25255.8,25276.75,25254.25,25269.45,3817192
2026-01-29,11:45,2026-01-29 11:45,25270.2,25270.2,25249.15,25262.8,7345561
2026-01-29,11:50,2026-01-29 11:50,25263.0,25274.9,25240.0,25244.25,5185888
2026-01-29,11:55,2026-01-29 11:55,25243.95,25263.4,25243.55,25258.8,5852211
2026-01-29,12:00,2026-01-29 12:00,25259.1,25268.8,25255.65,25265.5,6365741
2026-01-29,12:05,2026-01-29 12:05,25265.6,25287.95,25259.9,25284.15,6111349
2026-01-29,12:10,2026-01-29 12:10,25283.7,25286.55,25265.0,25280.75,4044721
2026-01-29,12:15,2026-01-29 12:15,25280.4,25282.95,25267.1,25271.35,4634166
2026-01-29,12:20,2026-01-29 12:20,25271.15,25290.15,25262.05,25288.3,4302113
2026-01-29,12:25,2026-01-29 12:25,25289.15,25289.15,25268.2,25284.95,4579281
2026-01-29,12:30,2026-01-29 12:30,25285.85,25309.05,25284.9,25297.3,4733890
2026-01-29,12:35,2026-01-29 12:35,25297.9,25300.8,25286.7,25288.8,5225165
2026-01-29,12:40,2026-01-29 12:40,25289.65,25297.15,25281.25,25282.5,4699461
2026-01-29,12:45,2026-01-29 12:45,25282.3,25309.45,25276.45,25302.45,4148586
2026-01-29,12:50,2026-01-29 12:50,25303.15,25332.6,25301.85,25329.25,4023918
2026-01-29,12:55,2026-01-29 12:55,25330.05,25340.85,25317.05,25321.8,4466398
2026-01-29,13:00,2026-01-29 13:00,25322.25,25351.65,25321.0,25351.3,5916731
2026-01-29,13:05,2026-01-29 13:05,25351.65,25368.15,25349.35,25356.85,5403724
2026-01-29,13:10,2026-01-29 13:10,25357.15,25364.0,25345.25,25353.65,4811094
2026-01-29,13:15,2026-01-29 13:15,25353.45,25356.4,25334.75,25338.3,4272465
2026-01-29,13:20,2026-01-29 13:20,25338.25,25347.4,25335.75,25345.45,3826316
2026-01-29,13:25,2026-01-29 13:25,25345.75,25350.5,25328.3,25336.75,4770299
2026-01-29,13:30,2026-01-29 13:30,25337.15,25380.05,25333.45,25374.05,6192576
2026-01-29,13:35,2026-01-29 13:35,25374.3,25390.05,25371.85,25388.7,5459395
2026-01-29,13:40,2026-01-29 13:40,25387.8,25404.1,25380.3,25402.5,6193157
2026-01-29,13:45,2026-01-29 13:45,25403.45,25431.4,25400.05,25419.5,9391511
2026-01-29,13:50,2026-01-29 13:50,25419.15,25426.1,25414.9,25421.4,5074944
2026-01-29,13:55,2026-01-29 13:55,25421.15,25431.9,25416.4,25430.9,6137701
2026-01-29,14:00,2026-01-29 14:00,25430.05,25437.3,25416.5,25416.9,7943730
2026-01-29,14:05,2026-01-29 14:05,25416.95,25416.95,25383.65,25384.9,8658762
2026-01-29,14:10,2026-01-29 14:10,25385.1,25420.85,25384.3,25412.9,7310304
2026-01-29,14:15,2026-01-29 14:15,25413.3,25420.05,25400.35,25401.85,5574019
2026-01-29,14:20,2026-01-29 14:20,25402.55,25410.8,25398.65,25409.85,6368087
2026-01-29,14:25,2026-01-29 14:25,25409.95,25431.0,25408.6,25430.95,5827926
2026-01-29,14:30,2026-01-29 14:30,25431.15,25454.7,25430.7,25448.0,8385525
2026-01-29,14:35,2026-01-29 14:35,25447.6,25451.25,25434.95,25441.75,8540932
2026-01-29,14:40,2026-01-29 14:40,25441.25,25444.45,25430.65,25440.25,6895541
2026-01-29,14:45,2026-01-29 14:45,25439.7,25455.45,25436.2,25451.2,7572845
2026-01-29,14:50,2026-01-29 14:50,25451.5,25458.15,25440.05,25444.85,9904117
2026-01-29,14:55,2026-01-29 14:55,25444.8,25444.8,25429.95,25434.8,9135038
2026-01-29,15:00,2026-01-29 15:00,25436.95,25445.9,25408.0,25419.4,22092800
2026-01-29,15:05,2026-01-29 15:05,25420.0,25433.85,25408.0,25421.45,17136902
2026-01-29,15:10,2026-01-29 15:10,25423.0,25428.35,25407.6,25407.6,16638336
2026-01-29,15:15,2026-01-29 15:15,25407.65,25431.65,25405.1,25421.55,21761208
2026-01-29,15:20,2026-01-29 15:20,25421.5,25427.7,25408.7,25412.45,23978721
2026-01-29,15:25,2026-01-29 15:25,25413.85,25425.95,25405.7,25422.1,15882251
2026-01-29,15:30,2026-01-29 15:30,25422.1,25422.1,25422.1,25422.1,1880935
2026-01-30,09:15,2026-01-30 09:15,25247.55,25285.95,25224.35,25259.3,20602993
2026-01-30,09:20,2026-01-30 09:20,25257.8,25266.0,25234.2,25238.85,9381519
2026-01-30,09:25,2026-01-30 09:25,25236.15,25280.6,25230.65,25242.0,9150634
2026-01-30,09:30,2026-01-30 09:30,25242.5,25261.9,25218.95,25261.4,7320055
2026-01-30,09:35,2026-01-30 09:35,25261.2,25308.8,25261.2,25290.65,6933954
2026-01-30,09:40,2026-01-30 09:40,25291.05,25304.55,25268.8,25292.25,5498792
2026-01-30,09:45,2026-01-30 09:45,25291.75,25308.05,25280.95,25305.55,5733526
2026-01-30,09:50,2026-01-30 09:50,25303.65,25323.15,25298.2,25316.45,5609600
2026-01-30,09:55,2026-01-30 09:55,25316.45,25317.55,25274.35,25283.4,10514351
2026-01-30,10:00,2026-01-30 10:00,25283.95,25315.95,25279.95,25288.6,6650212
2026-01-30,10:05,2026-01-30 10:05,25288.1,25288.9,25266.45,25282.65,5688704
2026-01-30,10:10,2026-01-30 10:10,25282.55,25315.75,25275.45,25314.3,5791410
2026-01-30,10:15,2026-01-30 10:15,25315.8,25319.65,25303.35,25303.35,5446030
2026-01-30,10:20,2026-01-30 10:20,25303.25,25304.35,25274.5,25279.3,10079263
2026-01-30,10:25,2026-01-30 10:25,25279.75,25281.4,25268.95,25279.6,5472947
2026-01-30,10:30,2026-01-30 10:30,25279.95,25299.95,25273.45,25292.05,6092649
2026-01-30,10:35,2026-01-30 10:35,25291.55,25302.0,25282.0,25301.25,3310490
2026-01-30,10:40,2026-01-30 10:40,25300.9,25311.6,25295.9,25302.1,4041751
2026-01-30,10:45,2026-01-30 10:45,25301.05,25312.65,25297.25,25297.6,4531108
2026-01-30,10:50,2026-01-30 10:50,25297.75,25298.5,25284.3,25296.8,3408478
2026-01-30,10:55,2026-01-30 10:55,25296.25,25306.5,25295.15,25302.05,3063231
2026-01-30,11:00,2026-01-30 11:00,25302.4,25309.2,25298.95,25300.45,3119479
2026-01-30,11:05,2026-01-30 11:05,25300.65,25300.65,25262.0,25263.1,4448403
2026-01-30,11:10,2026-01-30 11:10,25262.85,25267.35,25247.1,25255.45,5918580
2026-01-30,11:15,2026-01-30 11:15,25255.35,25260.05,25246.45,25252.35,4769433
2026-01-30,11:20,2026-01-30 11:20,25252.45,25263.8,25244.0,25263.5,4391818
2026-01-30,11:25,2026-01-30 11:25,25263.25,25282.85,25256.6,25258.95,3848701
2026-01-30,11:30,2026-01-30 11:30,25257.55,25261.75,25232.0,25245.85,3735389
2026-01-30,11:35,2026-01-30 11:35,25245.3,25274.95,25242.95,25274.05,3983982
2026-01-30,11:40,2026-01-30 11:40,25273.95,25280.35,25269.65,25272.45,3430021
2026-01-30,11:45,2026-01-30 11:45,25271.85,25275.4,25256.3,25261.7,4432039
2026-01-30,11:50,2026-01-30 11:50,25260.5,25294.0,25259.6,25287.4,4516033
2026-01-30,11:55,2026-01-30 11:55,25287.7,25293.35,25257.65,25261.4,4409980
2026-01-30,12:00,2026-01-30 12:00,25262.0,25265.35,25248.85,25258.35,4947481
2026-01-30,12:05,2026-01-30 12:05,25258.15,25271.0,25253.8,25268.6,4975416
2026-01-30,12:10,2026-01-30 12:10,25269.1,25294.85,25268.25,25294.7,4721183
2026-01-30,12:15,2026-01-30 12:15,25293.65,25301.8,25270.6,25274.6,3757606
2026-01-30,12:20,2026-01-30 12:20,25275.25,25311.95,25275.25,25306.95,4313248
2026-01-30,12:25,2026-01-30 12:25,25306.75,25316.6,25288.95,25294.05,2972588
2026-01-30,12:30,2026-01-30 12:30,25293.8,25309.1,25291.2,25295.35,3559914
2026-01-30,12:35,2026-01-30 12:35,25296.45,25304.8,25281.45,25300.05,3617651
2026-01-30,12:40,2026-01-30 12:40,25299.9,25309.85,25288.8,25293.55,5607801
2026-01-30,12:45,2026-01-30 12:45,25293.7,25300.85,25290.15,25293.0,4164981
2026-01-30,12:50,2026-01-30 12:50,25293.1,25299.7,25285.2,25298.2,3312930
2026-01-30,12:55,2026-01-30 12:55,25298.3,25303.3,25288.3,25302.65,4044834
2026-01-30,13:00,2026-01-30 13:00,25303.75,25306.15,25274.65,25276.95,4179211
2026-01-30,13:05,2026-01-30 13:05,25276.6,25277.6,25243.25,25243.75,5069243
2026-01-30,13:10,2026-01-30 13:10,25243.9,25260.25,25238.5,25247.05,4794879
2026-01-30,13:15,2026-01-30 13:15,25247.4,25247.5,25213.65,25232.6,5363578
2026-01-30,13:20,2026-01-30 13:20,25232.55,25238.0,25227.0,25229.8,3996939
2026-01-30,13:25,2026-01-30 13:25,25229.95,25239.95,25228.6,25230.5,2802400
2026-01-30,13:30,2026-01-30 13:30,25230.5,25254.65,25229.55,25254.3,3647275
2026-01-30,13:35,2026-01-30 13:35,25254.9,25270.05,25251.9,25269.85,3175998
2026-01-30,13:40,2026-01-30 13:40,25270.2,25306.5,25269.8,25301.2,3973174
2026-01-30,13:45,2026-01-30 13:45,25302.05,25313.1,25284.9,25299.2,5073075
2026-01-30,13:50,2026-01-30 13:50,25297.45,25339.5,25295.65,25329.6,5459427
2026-01-30,13:55,2026-01-30 13:55,25331.15,25344.9,25322.75,25342.65,3779928
2026-01-30,14:00,2026-01-30 14:00,25343.8,25353.0,25331.7,25338.8,4358130
2026-01-30,14:05,2026-01-30 14:05,25338.95,25365.65,25338.55,25365.65,3752167
2026-01-30,14:10,2026-01-30 14:10,25366.65,25370.7,25344.1,25352.45,4607348
2026-01-30,14:15,2026-01-30 14:15,25353.5,25356.45,25344.1,25353.15,4179354
2026-01-30,14:20,2026-01-30 14:20,25352.6,25356.35,25336.5,25346.75,3532809
2026-01-30,14:25,2026-01-30 14:25,25348.15,25348.3,25326.35,25336.1,3860442
2026-01-30,14:30,2026-01-30 14:30,25335.45,25341.5,25320.55,25322.5,4616854
2026-01-30,14:35,2026-01-30 14:35,25322.05,25348.65,25320.05,25344.85,5532393
2026-01-30,14:40,2026-01-30 14:40,25344.8,25350.3,25303.95,25311.6,6615512
2026-01-30,14:45,2026-01-30 14:45,25310.15,25351.95,25302.2,25348.3,7039557
2026-01-30,14:50,2026-01-30 14:50,25347.3,25357.8,25343.15,25352.45,8006149
2026-01-30,14:55,2026-01-30 14:55,25351.65,25368.8,25340.35,25352.45,7187928
2026-01-30,15:00,2026-01-30 15:00,25352.45,25354.2,25293.3,25314.05,25979818
2026-01-30,15:05,2026-01-30 15:05,25314.35,25324.5,25306.5,25320.9,22826748
2026-01-30,15:10,2026-01-30 15:10,25322.0,25333.85,25318.2,25319.7,22876347
2026-01-30,15:15,2026-01-30 15:15,25321.0,25343.9,25316.45,25324.45,25577693
2026-01-30,15:20,2026-01-30 15:20,25325.15,25327.25,25311.05,25313.25,25962043
2026-01-30,15:25,2026-01-30 15:25,25313.85,25337.65,25309.6,25315.8,20656096
2026-02-01,09:15,2026-02-01 09:15,25333.75,25342.55,25252.3,25282.8,8649032
2026-02-01,09:20,2026-02-01 09:20,25282.35,25303.95,25272.25,25300.55,6745658
2026-02-01,09:25,2026-02-01 09:25,25300.05,25323.55,25287.65,25320.4,5734651
2026-02-01,09:30,2026-02-01 09:30,25319.85,25322.15,25296.7,25309.75,3758765
2026-02-01,09:35,2026-02-01 09:35,25309.4,25321.35,25301.2,25311.2,3094811
2026-02-01,09:40,2026-02-01 09:40,25308.95,25335.1,25301.6,25333.35,2884353
2026-02-01,09:45,2026-02-01 09:45,25332.6,25346.85,25324.9,25334.7,3099045
2026-02-01,09:50,2026-02-01 09:50,25333.55,25337.75,25264.85,25319.6,5325926
2026-02-01,09:55,2026-02-01 09:55,25318.45,25331.4,25310.55,25321.5,3257339
2026-02-01,10:00,2026-02-01 10:00,25321.95,25337.9,25316.2,25324.4,2061454
2026-02-01,10:05,2026-02-01 10:05,25324.5,25337.0,25321.0,25330.1,2309473
2026-02-01,10:10,2026-02-01 10:10,25330.2,25352.25,25327.25,25351.0,2704806
2026-02-01,10:15,2026-02-01 10:15,25350.9,25361.2,25338.6,25347.15,3039638
2026-02-01,10:20,2026-02-01 10:20,25347.15,25373.2,25346.5,25372.25,2429405
2026-02-01,10:25,2026-02-01 10:25,25370.25,25376.4,25363.9,25368.25,2124855
2026-02-01,10:30,2026-02-01 10:30,25369.3,25375.2,25354.85,25375.2,1745666
2026-02-01,10:35,2026-02-01 10:35,25375.45,25387.55,25372.45,25375.65,1907411
2026-02-01,10:40,2026-02-01 10:40,25376.4,25382.25,25364.4,25371.3,2221844
2026-02-01,10:45,2026-02-01 10:45,25370.7,25376.65,25360.3,25369.4,2189199
2026-02-01,10:50,2026-02-01 10:50,25369.05,25378.75,25359.7,25375.15,1391939
2026-02-01,10:55,2026-02-01 10:55,25377.0,25385.8,25369.6,25383.0,2361576
2026-02-01,11:00,2026-02-01 11:00,25383.75,25387.05,25348.9,25364.5,2447651
2026-02-01,11:05,2026-02-01 11:05,25365.1,25440.9,25362.9,25417.55,3209231
2026-02-01,11:10,2026-02-01 11:10,25415.85,25439.45,25401.55,25411.0,8215508
2026-02-01,11:15,2026-02-01 11:15,25410.1,25412.35,25382.95,25383.75,4369895
2026-02-01,11:20,2026-02-01 11:20,25385.05,25386.85,25356.25,25369.4,3502501
2026-02-01,11:25,2026-02-01 11:25,25370.65,25402.75,25368.8,25386.4,3065069
2026-02-01,11:30,2026-02-01 11:30,25385.9,25402.15,25372.7,25387.05,2763667
2026-02-01,11:35,2026-02-01 11:35,25386.1,25392.1,25365.95,25365.95,2783434
2026-02-01,11:40,2026-02-01 11:40,25365.15,25367.7,25302.0,25311.55,4474787
2026-02-01,11:45,2026-02-01 11:45,25311.45,25312.5,25282.1,25300.6,3361350
2026-02-01,11:50,2026-02-01 11:50,25299.25,25328.9,25279.75,25289.3,3126178
2026-02-01,11:55,2026-02-01 11:55,25289.2,25312.45,25268.0,25279.85,4623067
2026-02-01,12:00,2026-02-01 12:00,25279.6,25281.0,25236.9,25251.85,5346873
2026-02-01,12:05,2026-02-01 12:05,25253.45,25353.8,25239.7,25349.65,5574795
2026-02-01,12:10,2026-02-01 12:10,25348.25,25385.95,25203.4,25223.55,5882222
2026-02-01,12:15,2026-02-01 12:15,25226.75,25244.8,25080.7,25084.65,5794050
2026-02-01,12:20,2026-02-01 12:20,25084.7,25104.05,25025.15,25030.3,8140352
2026-02-01,12:25,2026-02-01 12:25,25029.1,25075.45,24906.25,24906.45,11459568
2026-02-01,12:30,2026-02-01 12:30,24903.1,24905.1,24571.75,24834.45,20340695
2026-02-01,12:35,2026-02-01 12:35,24833.05,25015.15,24827.95,25009.95,14532952
2026-02-01,12:40,2026-02-01 12:40,25009.45,25058.7,24955.15,25013.15,11487828
2026-02-01,12:45,2026-02-01 12:45,25005.4,25070.3,24954.7,24971.9,9165401
2026-02-01,12:50,2026-02-01 12:50,24973.0,25028.55,24949.15,25025.8,7349303
2026-02-01,12:55,2026-02-01 12:55,25027.55,25096.5,25026.4,25075.9,5083699
2026-02-01,13:00,2026-02-01 13:00,25074.15,25122.05,25055.75,25109.45,5837426
2026-02-01,13:05,2026-02-01 13:05,25107.4,25121.35,25080.05,25115.45,6736711
2026-02-01,13:10,2026-02-01 13:10,25114.5,25141.9,25063.6,25119.95,5789979
2026-02-01,13:15,2026-02-01 13:15,25121.15,25124.45,25090.85,25118.1,4227329
2026-02-01,13:20,2026-02-01 13:20,25118.5,25148.95,25118.5,25129.6,4459863
2026-02-01,13:25,2026-02-01 13:25,25128.5,25131.15,25066.9,25066.9,4493881
2026-02-01,13:30,2026-02-01 13:30,25065.6,25094.1,25031.1,25090.65,4958056
2026-02-01,13:35,2026-02-01 13:35,25089.75,25101.7,25049.55,25068.3,3874723
2026-02-01,13:40,2026-02-01 13:40,25068.05,25085.75,25047.35,25077.1,3107499
2026-02-01,13:45,2026-02-01 13:45,25078.0,25095.3,25052.7,25052.9,3550826
2026-02-01,13:50,2026-02-01 13:50,25053.2,25053.8,24985.3,24996.2,5302555
2026-02-01,13:55,2026-02-01 13:55,24995.55,25050.85,24993.5,25048.95,3170542
2026-02-01,14:00,2026-02-01 14:00,25047.1,25063.85,25027.75,25030.1,3064227
2026-02-01,14:05,2026-02-01 14:05,25030.4,25031.75,25004.65,25012.55,3972208
2026-02-01,14:10,2026-02-01 14:10,25011.75,25025.8,24983.55,25011.75,4155647
2026-02-01,14:15,2026-02-01 14:15,25012.3,25021.2,24991.3,25012.8,3696533
2026-02-01,14:20,2026-02-01 14:20,25013.65,25039.35,25000.4,25011.85,3828303
2026-02-01,14:25,2026-02-01 14:25,25013.35,25053.8,25013.35,25039.1,2941268
2026-02-01,14:30,2026-02-01 14:30,25038.45,25070.8,25026.9,25063.85,3518549
2026-02-01,14:35,2026-02-01 14:35,25064.1,25091.55,25046.75,25058.75,2877602
2026-02-01,14:40,2026-02-01 14:40,25057.95,25065.45,25034.85,25035.05,2491744
2026-02-01,14:45,2026-02-01 14:45,25033.7,25052.0,24965.0,24967.05,5007633
2026-02-01,14:50,2026-02-01 14:50,24967.1,24973.8,24928.6,24931.3,5773388
2026-02-01,14:55,2026-02-01 14:55,24932.8,24955.7,24912.45,24923.85,5762307
2026-02-01,15:00,2026-02-01 15:00,24923.9,24947.05,24905.45,24942.5,5984371
2026-02-01,15:05,2026-02-01 15:05,24942.45,24954.25,24874.9,24880.1,6255479
2026-02-01,15:10,2026-02-01 15:10,24880.5,24891.75,24847.45,24850.15,6973677
2026-02-01,15:15,2026-02-01 15:15,24849.4,24850.55,24784.55,24790.95,9906246
2026-02-01,15:20,2026-02-01 15:20,24791.05,24802.4,24750.75,24751.0,10360738
2026-02-01,15:25,2026-02-01 15:25,24749.95,24768.0,24721.0,24768.0,10603890
2026-02-02,09:15,2026-02-02 09:15,24796.5,24815.85,24726.85,24803.7,19517433
2026-02-02,09:20,2026-02-02 09:20,24806.35,24884.7,24803.9,24875.8,12257755
2026-02-02,09:25,2026-02-02 09:25,24877.4,24880.0,24818.15,24851.35,11336499
2026-02-02,09:30,2026-02-02 09:30,24853.1,24918.55,24843.85,24889.6,9637466
2026-02-02,09:35,2026-02-02 09:35,24887.45,24914.1,24854.4,24887.75,8750910
2026-02-02,09:40,2026-02-02 09:40,24888.7,24907.2,24864.7,24865.05,5768316
2026-02-02,09:45,2026-02-02 09:45,24867.1,24907.2,24850.45,24893.95,5896989
2026-02-02,09:50,2026-02-02 09:50,24893.7,24942.95,24873.4,24937.5,6474276
2026-02-02,09:55,2026-02-02 09:55,24936.15,24939.05,24857.8,24861.9,7767617
2026-02-02,10:00,2026-02-02 10:00,24863.3,24865.9,24817.2,24817.2,7218164
2026-02-02,10:05,2026-02-02 10:05,24816.65,24821.65,24795.7,24810.55,7325600
2026-02-02,10:10,2026-02-02 10:10,24809.0,24849.8,24798.7,24826.15,4826721
2026-02-02,10:15,2026-02-02 10:15,24825.5,24845.6,24809.95,24834.1,3982174
2026-02-02,10:20,2026-02-02 10:20,24832.1,24842.55,24799.9,24814.7,4548190
2026-02-02,10:25,2026-02-02 10:25,24813.85,24850.6,24810.1,24826.4,4410399
2026-02-02,10:30,2026-02-02 10:30,24826.0,24865.35,24825.65,24859.8,3787858
2026-02-02,10:35,2026-02-02 10:35,24859.3,24873.65,24839.35,24855.95,4170293
2026-02-02,10:40,2026-02-02 10:40,24855.6,24872.2,24841.55,24846.9,3603510
2026-02-02,10:45,2026-02-02 10:45,24846.5,24861.45,24836.6,24848.9,3176407
2026-02-02,10:50,2026-02-02 10:50,24848.5,24864.35,24819.8,24822.65,3829381
2026-02-02,10:55,2026-02-02 10:55,24822.6,24823.05,24769.15,24773.0,6060170
2026-02-02,11:00,2026-02-02 11:00,24770.25,24772.05,24741.75,24749.75,7530281
2026-02-02,11:05,2026-02-02 11:05,24747.8,24751.95,24702.0,24723.0,5781634
2026-02-02,11:10,2026-02-02 11:10,24720.8,24740.85,24711.05,24728.45,5209012
2026-02-02,11:15,2026-02-02 11:15,24727.0,24733.9,24704.45,24710.1,4119235
2026-02-02,11:20,2026-02-02 11:20,24710.0,24718.0,24682.1,24686.75,4824177
2026-02-02,11:25,2026-02-02 11:25,24684.6,24728.1,24679.4,24726.25,4526371
2026-02-02,11:30,2026-02-02 11:30,24724.3,24829.3,24722.05,24826.75,5992297
2026-02-02,11:35,2026-02-02 11:35,24827.65,24853.95,24794.55,24845.95,4765464
2026-02-02,11:40,2026-02-02 11:40,24846.1,24869.7,24817.9,24868.4,3691990
2026-02-02,11:45,2026-02-02 11:45,24868.9,24879.45,24857.6,24868.1,4048465
2026-02-02,11:50,2026-02-02 11:50,24868.85,24879.95,24850.5,24867.15,4744064
2026-02-02,11:55,2026-02-02 11:55,24866.65,24877.7,24852.2,24874.3,3749237
2026-02-02,12:00,2026-02-02 12:00,24874.05,24878.8,24855.75,24861.1,3741686
2026-02-02,12:05,2026-02-02 12:05,24861.6,24874.6,24853.75,24869.75,3322994
2026-02-02,12:10,2026-02-02 12:10,24869.5,24914.05,24852.7,24910.65,3709248
2026-02-02,12:15,2026-02-02 12:15,24910.45,24927.3,24890.1,24890.1,4577622
2026-02-02,12:20,2026-02-02 12:20,24890.3,24899.9,24879.45,24896.85,3311333
2026-02-02,12:25,2026-02-02 12:25,24897.3,24900.95,24883.05,24896.95,3957701
2026-02-02,12:30,2026-02-02 12:30,24896.8,24897.65,24874.55,24878.25,3728971
2026-02-02,12:35,2026-02-02 12:35,24877.3,24883.7,24861.95,24880.6,3692223
2026-02-02,12:40,2026-02-02 12:40,24879.95,24890.25,24869.05,24870.85,3618133
2026-02-02,12:45,2026-02-02 12:45,24870.5,24903.9,24865.05,24902.6,3650222
2026-02-02,12:50,2026-02-02 12:50,24902.65,24905.3,24883.3,24894.3,3466916
2026-02-02,12:55,2026-02-02 12:55,24893.3,24944.5,24892.8,24938.55,4328894
2026-02-02,13:00,2026-02-02 13:00,24938.85,24954.2,24933.45,24951.2,4371270
2026-02-02,13:05,2026-02-02 13:05,24951.85,24963.3,24945.9,24959.55,4318544
2026-02-02,13:10,2026-02-02 13:10,24960.3,24962.35,24930.3,24935.2,4727636
2026-02-02,13:15,2026-02-02 13:15,24936.2,24942.95,24883.85,24887.85,4421093
2026-02-02,13:20,2026-02-02 13:20,24887.8,24890.8,24851.35,24873.0,4671385
2026-02-02,13:25,2026-02-02 13:25,24872.9,24906.8,24863.3,24895.85,4277181
2026-02-02,13:30,2026-02-02 13:30,24896.25,24898.8,24870.8,24887.4,3527229
2026-02-02,13:35,2026-02-02 13:35,24887.85,24916.7,24880.2,24913.45,4497184
2026-02-02,13:40,2026-02-02 13:40,24912.65,24972.3,24912.65,24964.2,5757597
2026-02-02,13:45,2026-02-02 13:45,24963.5,24970.0,24941.7,24966.65,6583304
2026-02-02,13:50,2026-02-02 13:50,24966.05,24984.45,24954.95,24964.4,6132361
2026-02-02,13:55,2026-02-02 13:55,24964.4,24968.2,24946.1,24948.6,4918407
2026-02-02,14:00,2026-02-02 14:00,24949.05,24958.05,24928.1,24950.7,4357102
2026-02-02,14:05,2026-02-02 14:05,24950.35,24958.75,24929.15,24932.05,4326802
2026-02-02,14:10,2026-02-02 14:10,24932.3,24943.4,24913.85,24943.2,4226104
2026-02-02,14:15,2026-02-02 14:15,24942.45,24955.7,24921.65,24929.5,3890454
2026-02-02,14:20,2026-02-02 14:20,24930.2,24966.3,24927.05,24953.3,5124701
2026-02-02,14:25,2026-02-02 14:25,24951.6,24974.4,24945.2,24972.15,3885885
2026-02-02,14:30,2026-02-02 14:30,24972.15,24983.4,24934.6,24939.1,5675931
2026-02-02,14:35,2026-02-02 14:35,24938.85,24958.3,24931.2,24957.15,5012365
2026-02-02,14:40,2026-02-02 14:40,24957.45,24963.2,24945.5,24955.4,4680978
2026-02-02,14:45,2026-02-02 14:45,24954.85,24998.35,24952.85,24993.8,6365318
2026-02-02,14:50,2026-02-02 14:50,24993.95,25022.85,24989.5,25019.3,6549166
2026-02-02,14:55,2026-02-02 14:55,25019.05,25035.05,25014.05,25032.15,5638160
2026-02-02,15:00,2026-02-02 15:00,25033.3,25079.15,25033.3,25069.35,13301349
2026-02-02,15:05,2026-02-02 15:05,25068.65,25093.3,25068.65,25089.35,11214083
2026-02-02,15:10,2026-02-02 15:10,25086.85,25091.9,25078.3,25086.75,13215973
2026-02-02,15:15,2026-02-02 15:15,25086.45,25108.1,25085.85,25097.0,13112440
2026-02-02,15:20,2026-02-02 15:20,25097.0,25097.7,25084.3,25090.5,14277677
2026-02-02,15:25,2026-02-02 15:25,25090.8,25099.25,25069.5,25079.9,13784305
2026-02-02,15:30,2026-02-02 15:30,25079.9,25079.9,25079.9,25079.9,1592049
2026-02-03,09:15,2026-02-03 09:15,26308.05,26341.2,25766.65,25809.75,77519094
2026-02-03,09:20,2026-02-03 09:20,25811.1,25869.0,25807.75,25808.95,28583804
2026-02-03,09:25,2026-02-03 09:25,25813.2,25823.1,25763.9,25786.25,19903324
2026-02-03,09:30,2026-02-03 09:30,25785.3,25795.25,25753.25,25755.15,16447999
2026-02-03,09:35,2026-02-03 09:35,25756.3,25782.05,25746.2,25772.65,13570794
2026-02-03,09:40,2026-02-03 09:40,25771.65,25777.5,25720.15,25727.3,13138343
2026-02-03,09:45,2026-02-03 09:45,25726.3,25777.5,25675.15,25776.4,13109282
2026-02-03,09:50,2026-02-03 09:50,25775.85,25793.1,25732.15,25732.15,8450262
2026-02-03,09:55,2026-02-03 09:55,25733.4,25748.15,25696.9,25702.6,10859398
2026-02-03,10:00,2026-02-03 10:00,25703.55,25729.15,25701.3,25701.3,7623408
2026-02-03,10:05,2026-02-03 10:05,25701.6,25702.7,25641.3,25685.35,8443696
2026-02-03,10:10,2026-02-03 10:10,25685.25,25685.25,25645.2,25671.0,7322527
2026-02-03,10:15,2026-02-03 10:15,25672.35,25761.45,25672.35,25753.35,9851668
2026-02-03,10:20,2026-02-03 10:20,25753.5,25786.55,25753.3,25781.25,8360329
2026-02-03,10:25,2026-02-03 10:25,25782.05,25794.7,25771.0,25771.15,6763745
2026-02-03,10:30,2026-02-03 10:30,25771.55,25818.5,25763.7,25810.3,6639110
2026-02-03,10:35,2026-02-03 10:35,25810.55,25821.65,25805.6,25814.0,6437347
2026-02-03,10:40,2026-02-03 10:40,25813.85,25819.2,25795.95,25798.3,5016912
2026-02-03,10:45,2026-02-03 10:45,25798.3,25804.4,25756.05,25763.7,6450260
2026-02-03,10:50,2026-02-03 10:50,25764.3,25767.4,25746.7,25766.3,5808295
2026-02-03,10:55,2026-02-03 10:55,25765.5,25798.2,25764.85,25780.1,5354205
2026-02-03,11:00,2026-02-03 11:00,25780.7,25810.5,25778.8,25794.0,4701055
2026-02-03,11:05,2026-02-03 11:05,25794.45,25803.4,25775.9,25778.0,6165732
2026-02-03,11:10,2026-02-03 11:10,25778.1,25789.0,25765.5,25784.2,6194185
2026-02-03,11:15,2026-02-03 11:15,25785.15,25794.75,25773.9,25776.85,5777320
2026-02-03,11:20,2026-02-03 11:20,25777.3,25801.7,25774.55,25798.7,4838282
2026-02-03,11:25,2026-02-03 11:25,25799.7,25824.05,25798.8,25815.75,5656816
2026-02-03,11:30,2026-02-03 11:30,25815.9,25859.85,25805.75,25858.4,7397892
2026-02-03,11:35,2026-02-03 11:35,25857.85,25863.15,25834.15,25847.05,4844741
2026-02-03,11:40,2026-02-03 11:40,25847.9,25861.15,25846.45,25851.55,5263995
2026-02-03,11:45,2026-02-03 11:45,25851.2,25855.9,25830.65,25833.25,6112233
2026-02-03,11:50,2026-02-03 11:50,25833.55,25841.05,25826.15,25835.25,4811270
2026-02-03,11:55,2026-02-03 11:55,25835.6,25850.25,25832.25,25847.85,6064554
2026-02-03,12:00,2026-02-03 12:00,25849.2,25851.85,25818.75,25820.05,5525496
2026-02-03,12:05,2026-02-03 12:05,25820.1,25834.35,25813.15,25828.25,4636732
2026-02-03,12:10,2026-02-03 12:10,25828.25,25843.35,25827.95,25836.55,4698742
2026-02-03,12:15,2026-02-03 12:15,25837.35,25838.6,25822.95,25829.3,4207439
2026-02-03,12:20,2026-02-03 12:20,25830.4,25835.45,25812.15,25812.15,3814044
2026-02-03,12:25,2026-02-03 12:25,25811.6,25812.45,25780.85,25786.55,4190333
2026-02-03,12:30,2026-02-03 12:30,25786.25,25812.1,25781.7,25795.05,4349916
2026-02-03,12:35,2026-02-03 12:35,25796.5,25797.05,25767.55,25789.9,5709396
2026-02-03,12:40,2026-02-03 12:40,25792.45,25801.75,25788.5,25796.05,3464229
2026-02-03,12:45,2026-02-03 12:45,25796.45,25797.7,25783.5,25784.1,3575645
2026-02-03,12:50,2026-02-03 12:50,25784.3,25797.85,25780.1,25790.8,4409367
2026-02-03,12:55,2026-02-03 12:55,25791.45,25805.5,25785.65,25795.6,3495663
2026-02-03,13:00,2026-02-03 13:00,25795.45,25808.6,25792.1,25801.35,3732496
2026-02-03,13:05,2026-02-03 13:05,25801.05,25811.5,25790.15,25791.15,3681172
2026-02-03,13:10,2026-02-03 13:10,25791.3,25795.65,25786.4,25790.3,3368336
2026-02-03,13:15,2026-02-03 13:15,25791.3,25800.45,25790.15,25798.6,4150488
2026-02-03,13:20,2026-02-03 13:20,25797.75,25800.15,25786.95,25793.05,5460318
2026-02-03,13:25,2026-02-03 13:25,25793.0,25795.05,25744.0,25771.05,5552253
2026-02-03,13:30,2026-02-03 13:30,25771.7,25779.7,25758.4,25759.3,4279493
2026-02-03,13:35,2026-02-03 13:35,25758.65,25777.35,25729.4,25773.5,5555547
2026-02-03,13:40,2026-02-03 13:40,25773.0,25811.45,25770.5,25800.8,5006157
2026-02-03,13:45,2026-02-03 13:45,25802.05,25811.85,25795.05,25796.1,3903146
2026-02-03,13:50,2026-02-03 13:50,25795.6,25806.9,25787.4,25806.7,3773789
2026-02-03,13:55,2026-02-03 13:55,25806.0,25810.35,25770.15,25770.35,5102877
2026-02-03,14:00,2026-02-03 14:00,25770.85,25777.85,25755.6,25776.45,4268831
2026-02-03,14:05,2026-02-03 14:05,25775.95,25785.8,25765.75,25785.6,6028103
2026-02-03,14:10,2026-02-03 14:10,25785.0,25786.7,25765.7,25775.15,4240836
2026-02-03,14:15,2026-02-03 14:15,25774.4,25781.55,25763.4,25764.0,4152396
2026-02-03,14:20,2026-02-03 14:20,25763.4,25778.7,25763.0,25772.85,4554013
2026-02-03,14:25,2026-02-03 14:25,25772.5,25773.45,25766.25,25768.9,4402452
2026-02-03,14:30,2026-02-03 14:30,25769.05,25788.1,25740.3,25762.8,5550421
2026-02-03,14:35,2026-02-03 14:35,25763.4,25776.5,25763.25,25766.5,5042366
2026-02-03,14:40,2026-02-03 14:40,25766.45,25766.5,25741.35,25746.6,8365226
2026-02-03,14:45,2026-02-03 14:45,25746.2,25767.65,25740.2,25762.0,6494792
2026-02-03,14:50,2026-02-03 14:50,25761.55,25770.0,25749.3,25764.0,5514531
2026-02-03,14:55,2026-02-03 14:55,25763.55,25790.35,25760.85,25778.05,6279514
2026-02-03,15:00,2026-02-03 15:00,25778.75,25780.45,25714.45,25719.65,13245680
2026-02-03,15:05,2026-02-03 15:05,25719.9,25737.5,25696.85,25716.85,15630943
2026-02-03,15:10,2026-02-03 15:10,25717.15,25739.25,25699.8,25717.85,16530183
2026-02-03,15:15,2026-02-03 15:15,25721.9,25749.45,25706.05,25741.3,18268347
2026-02-03,15:20,2026-02-03 15:20,25741.6,25741.6,25726.75,25730.45,16252765
2026-02-03,15:25,2026-02-03 15:25,25731.15,25732.2,25708.5,25714.8,14523982
2026-02-04,09:15,2026-02-04 09:15,25675.05,25742.05,25563.95,25710.7,29414584
2026-02-04,09:20,2026-02-04 09:20,25712.55,25762.15,25708.35,25754.15,12580734
2026-02-04,09:25,2026-02-04 09:25,25754.8,25788.3,25749.65,25752.65,12118607
2026-02-04,09:30,2026-02-04 09:30,25752.65,25790.15,25752.65,25762.25,9031151
2026-02-04,09:35,2026-02-04 09:35,25761.95,25764.2,25728.2,25729.75,7153966
2026-02-04,09:40,2026-02-04 09:40,25729.7,25791.2,25729.7,25788.65,8938728
2026-02-04,09:45,2026-02-04 09:45,25788.05,25795.25,25779.9,25786.45,7270341
2026-02-04,09:50,2026-02-04 09:50,25786.25,25786.95,25748.1,25762.65,6306073
2026-02-04,09:55,2026-02-04 09:55,25763.1,25782.05,25756.2,25781.5,5237698
2026-02-04,10:00,2026-02-04 10:00,25779.55,25785.35,25772.3,25776.15,4315445
2026-02-04,10:05,2026-02-04 10:05,25775.7,25800.55,25771.3,25796.0,4474880
2026-02-04,10:10,2026-02-04 10:10,25795.85,25801.8,25774.9,25782.3,4406348
2026-02-04,10:15,2026-02-04 10:15,25782.55,25787.05,25757.35,25757.35,4297146
2026-02-04,10:20,2026-02-04 10:20,25757.25,25769.6,25737.55,25744.8,4358508
2026-02-04,10:25,2026-02-04 10:25,25744.8,25753.8,25735.95,25743.3,3963231
2026-02-04,10:30,2026-02-04 10:30,25744.15,25750.35,25723.55,25726.5,3584913
2026-02-04,10:35,2026-02-04 10:35,25726.2,25732.2,25709.55,25727.45,4213545
2026-02-04,10:40,2026-02-04 10:40,25727.1,25743.75,25724.0,25740.35,3485781
2026-02-04,10:45,2026-02-04 10:45,25739.0,25755.9,25729.6,25752.85,3847739
2026-02-04,10:50,2026-02-04 10:50,25751.85,25756.9,25739.05,25743.3,3209723
2026-02-04,10:55,2026-02-04 10:55,25742.4,25750.4,25734.95,25746.2,3129462
2026-02-04,11:00,2026-02-04 11:00,25745.9,25760.15,25737.3,25749.05,3611930
2026-02-04,11:05,2026-02-04 11:05,25748.8,25759.0,25736.7,25737.15,3496942
2026-02-04,11:10,2026-02-04 11:10,25737.4,25738.0,25714.15,25723.95,4045812
2026-02-04,11:15,2026-02-04 11:15,25724.0,25726.8,25704.9,25708.95,4220460
2026-02-04,11:20,2026-02-04 11:20,25709.1,25723.25,25695.4,25698.05,4230475
2026-02-04,11:25,2026-02-04 11:25,25696.9,25704.65,25685.95,25699.35,5515916
2026-02-04,11:30,2026-02-04 11:30,25698.15,25711.5,25691.25,25705.15,4429572
2026-02-04,11:35,2026-02-04 11:35,25705.85,25709.1,25698.1,25703.45,4294341
2026-02-04,11:40,2026-02-04 11:40,25703.2,25723.9,25702.6,25717.35,3228272
2026-02-04,11:45,2026-02-04 11:45,25717.05,25725.6,25703.85,25714.2,5048066
2026-02-04,11:50,2026-02-04 11:50,25713.75,25723.15,25695.65,25721.9,3719310
2026-02-04,11:55,2026-02-04 11:55,25721.35,25729.55,25717.9,25727.45,6856775
2026-02-04,12:00,2026-02-04 12:00,25726.9,25734.85,25711.25,25717.55,4030541
2026-02-04,12:05,2026-02-04 12:05,25717.4,25737.9,25716.55,25736.35,4041308
2026-02-04,12:10,2026-02-04 12:10,25736.2,25742.55,25731.65,25742.55,4223286
2026-02-04,12:15,2026-02-04 12:15,25741.7,25750.3,25732.4,25734.15,7043918
2026-02-04,12:20,2026-02-04 12:20,25733.5,25738.3,25723.6,25727.85,3698298
2026-02-04,12:25,2026-02-04 12:25,25727.2,25756.3,25727.2,25748.0,5811468
2026-02-04,12:30,2026-02-04 12:30,25746.85,25747.7,25731.35,25738.5,4801381
2026-02-04,12:35,2026-02-04 12:35,25738.0,25742.95,25727.2,25741.55,6708551
2026-02-04,12:40,2026-02-04 12:40,25741.2,25762.95,25738.7,25738.7,5069480
2026-02-04,12:45,2026-02-04 12:45,25738.6,25738.9,25722.2,25723.35,3863837
2026-02-04,12:50,2026-02-04 12:50,25723.9,25725.0,25712.45,25720.4,8434085
2026-02-04,12:55,2026-02-04 12:55,25720.1,25721.6,25701.25,25705.15,3541502
2026-02-04,13:00,2026-02-04 13:00,25704.55,25718.25,25702.65,25717.1,3524863
2026-02-04,13:05,2026-02-04 13:05,25717.2,25738.1,25715.6,25733.9,3418568
2026-02-04,13:10,2026-02-04 13:10,25734.15,25740.95,25728.8,25736.75,2649812
2026-02-04,13:15,2026-02-04 13:15,25735.9,25744.0,25727.85,25734.7,3128975
2026-02-04,13:20,2026-02-04 13:20,25736.95,25752.2,25734.6,25750.6,2815981
2026-02-04,13:25,2026-02-04 13:25,25750.55,25759.25,25748.75,25757.25,3147483
2026-02-04,13:30,2026-02-04 13:30,25757.95,25768.9,25757.05,25765.15,3558580
2026-02-04,13:35,2026-02-04 13:35,25764.35,25772.5,25757.45,25770.9,3192465
2026-02-04,13:40,2026-02-04 13:40,25771.5,25772.7,25767.25,25771.35,2976172
2026-02-04,13:45,2026-02-04 13:45,25770.2,25772.55,25762.45,25764.4,2831753
2026-02-04,13:50,2026-02-04 13:50,25764.5,25787.1,25761.0,25786.25,3669909
2026-02-04,13:55,2026-02-04 13:55,25786.75,25788.25,25772.6,25775.1,2945695
2026-02-04,14:00,2026-02-04 14:00,25774.95,25775.8,25755.25,25766.2,3321694
2026-02-04,14:05,2026-02-04 14:05,25765.6,25767.9,25757.1,25766.55,2813343
2026-02-04,14:10,2026-02-04 14:10,25766.75,25791.7,25765.25,25790.9,5003733
2026-02-04,14:15,2026-02-04 14:15,25789.95,25813.9,25789.95,25806.2,6141753
2026-02-04,14:20,2026-02-04 14:20,25806.2,25818.55,25799.75,25801.0,4424318
2026-02-04,14:25,2026-02-04 14:25,25801.25,25801.25,25788.35,25798.2,3830353
2026-02-04,14:30,2026-02-04 14:30,25797.75,25804.05,25793.15,25799.2,4222544
2026-02-04,14:35,2026-02-04 14:35,25799.4,25815.7,25795.85,25811.5,4788417
2026-02-04,14:40,2026-02-04 14:40,25811.45,25813.25,25803.9,25809.35,5061448
2026-02-04,14:45,2026-02-04 14:45,25809.7,25812.65,25782.25,25795.05,7370580
2026-02-04,14:50,2026-02-04 14:50,25795.25,25799.55,25791.5,25795.65,5904761
2026-02-04,14:55,2026-02-04 14:55,25795.3,25798.7,25779.85,25782.65,5341472
2026-02-04,15:00,2026-02-04 15:00,25784.8,25812.4,25784.8,25789.9,11207114
2026-02-04,15:05,2026-02-04 15:05,25790.05,25796.55,25780.2,25784.65,9575938
2026-02-04,15:10,2026-02-04 15:10,25785.45,25789.3,25780.35,25783.1,11639670
2026-02-04,15:15,2026-02-04 15:15,25783.0,25790.25,25768.95,25768.95,11942291
2026-02-04,15:20,2026-02-04 15:20,25770.1,25771.45,25755.9,25759.7,13010189
2026-02-04,15:25,2026-02-04 15:25,25760.85,25764.6,25737.5,25737.5,12134301
2026-02-05,09:15,2026-02-05 09:15,25755.9,25757.65,25681.85,25727.35,17158445
2026-02-05,09:20,2026-02-05 09:20,25728.3,25728.3,25680.6,25682.3,9187556
2026-02-05,09:25,2026-02-05 09:25,25682.6,25690.65,25666.15,25690.65,7014238
2026-02-05,09:30,2026-02-05 09:30,25690.7,25729.55,25690.7,25692.75,6440648
2026-02-05,09:35,2026-02-05 09:35,25692.95,25707.05,25663.45,25677.85,6293931
2026-02-05,09:40,2026-02-05 09:40,25679.6,25680.35,25633.85,25635.15,5821004
2026-02-05,09:45,2026-02-05 09:45,25635.15,25641.8,25622.5,25631.65,5052809
2026-02-05,09:50,2026-02-05 09:50,25631.75,25647.05,25621.25,25624.6,4730106
2026-02-05,09:55,2026-02-05 09:55,25625.25,25643.8,25612.9,25637.65,3733562
2026-02-05,10:00,2026-02-05 10:00,25637.35,25643.1,25622.55,25636.85,3565408
2026-02-05,10:05,2026-02-05 10:05,25637.65,25646.0,25630.0,25637.1,3479022
2026-02-05,10:10,2026-02-05 10:10,25635.55,25676.7,25635.35,25672.75,5367244
2026-02-05,10:15,2026-02-05 10:15,25672.5,25673.1,25657.3,25670.55,3191758
2026-02-05,10:20,2026-02-05 10:20,25670.6,25700.45,25670.6,25694.6,4707549
2026-02-05,10:25,2026-02-05 10:25,25694.85,25698.35,25668.95,25669.55,3153301
2026-02-05,10:30,2026-02-05 10:30,25668.9,25670.85,25641.2,25646.7,5816451
2026-02-05,10:35,2026-02-05 10:35,25646.9,25653.4,25626.65,25627.8,3079323
2026-02-05,10:40,2026-02-05 10:40,25627.45,25651.0,25623.55,25642.65,2962379
2026-02-05,10:45,2026-02-05 10:45,25642.8,25649.15,25636.5,25639.95,4375157
2026-02-05,10:50,2026-02-05 10:50,25640.25,25651.15,25633.7,25635.05,2975278
2026-02-05,10:55,2026-02-05 10:55,25633.55,25635.85,25616.0,25624.0,3421010
2026-02-05,11:00,2026-02-05 11:00,25624.35,25649.3,25611.6,25643.1,4569536
2026-02-05,11:05,2026-02-05 11:05,25643.25,25663.4,25642.75,25662.85,3280551
2026-02-05,11:10,2026-02-05 11:10,25662.25,25678.25,25658.65,25673.55,2519722
2026-02-05,11:15,2026-02-05 11:15,25673.65,25676.9,25646.85,25647.8,4504199
2026-02-05,11:20,2026-02-05 11:20,25647.05,25655.7,25644.6,25645.0,3422672
2026-02-05,11:25,2026-02-05 11:25,25644.9,25655.3,25639.4,25653.05,3583465
2026-02-05,11:30,2026-02-05 11:30,25652.55,25665.85,25645.95,25647.3,3023582
2026-02-05,11:35,2026-02-05 11:35,25647.4,25674.35,25641.75,25671.05,2948665
2026-02-05,11:40,2026-02-05 11:40,25671.45,25680.2,25665.6,25666.3,3032743
2026-02-05,11:45,2026-02-05 11:45,25666.35,25668.3,25631.3,25635.05,4989740
2026-02-05,11:50,2026-02-05 11:50,25634.9,25638.9,25629.65,25638.35,2329376
2026-02-05,11:55,2026-02-05 11:55,25638.2,25652.25,25637.15,25651.9,3790827
2026-02-05,12:00,2026-02-05 12:00,25651.35,25654.55,25635.0,25651.3,2336434
2026-02-05,12:05,2026-02-05 12:05,25651.3,25657.7,25631.65,25636.95,3801365
2026-02-05,12:10,2026-02-05 12:10,25636.55,25642.1,25627.1,25629.8,2570070
2026-02-05,12:15,2026-02-05 12:15,25629.7,25630.5,25614.7,25615.05,2829480
2026-02-05,12:20,2026-02-05 12:20,25615.65,25622.05,25611.1,25616.4,3879994
2026-02-05,12:25,2026-02-05 12:25,25616.05,25626.5,25611.7,25621.55,3291702
2026-02-05,12:30,2026-02-05 12:30,25620.9,25634.95,25603.75,25618.1,3272374
2026-02-05,12:35,2026-02-05 12:35,25617.55,25627.8,25617.55,25621.35,2160679
2026-02-05,12:40,2026-02-05 12:40,25622.05,25627.35,25614.9,25617.45,2241358
2026-02-05,12:45,2026-02-05 12:45,25617.2,25628.65,25616.9,25625.55,2319175
2026-02-05,12:50,2026-02-05 12:50,25626.3,25636.9,25619.25,25623.3,2501710
2026-02-05,12:55,2026-02-05 12:55,25622.95,25646.55,25606.75,25640.8,3007965
2026-02-05,13:00,2026-02-05 13:00,25640.1,25642.2,25633.35,25637.7,2390652
2026-02-05,13:05,2026-02-05 13:05,25638.45,25644.55,25634.45,25642.55,2188023
2026-02-05,13:10,2026-02-05 13:10,25643.7,25646.45,25629.55,25636.8,3021878
2026-02-05,13:15,2026-02-05 13:15,25637.45,25653.25,25637.45,25650.55,2604485
2026-02-05,13:20,2026-02-05 13:20,25651.3,25657.3,25643.4,25644.65,2480045
2026-02-05,13:25,2026-02-05 13:25,25644.45,25645.0,25611.2,25612.3,2901176
2026-02-05,13:30,2026-02-05 13:30,25611.7,25633.7,25611.7,25632.55,2904798
2026-02-05,13:35,2026-02-05 13:35,25632.25,25643.5,25626.05,25639.0,3328813
2026-02-05,13:40,2026-02-05 13:40,25639.6,25643.4,25632.8,25635.9,2879928
2026-02-05,13:45,2026-02-05 13:45,25635.8,25645.15,25632.0,25642.4,3607617
2026-02-05,13:50,2026-02-05 13:50,25641.95,25647.4,25629.05,25629.4,3121907
2026-02-05,13:55,2026-02-05 13:55,25629.95,25635.3,25621.05,25635.25,3735074
2026-02-05,14:00,2026-02-05 14:00,25635.4,25642.0,25621.95,25627.25,3740864
2026-02-05,14:05,2026-02-05 14:05,25627.25,25627.95,25592.2,25594.4,5421742
2026-02-05,14:10,2026-02-05 14:10,25594.7,25599.2,25579.5,25596.95,4567413
2026-02-05,14:15,2026-02-05 14:15,25597.45,25601.5,25589.9,25597.4,4734391
2026-02-05,14:20,2026-02-05 14:20,25597.85,25605.35,25595.9,25598.95,3553721
2026-02-05,14:25,2026-02-05 14:25,25598.9,25617.65,25594.55,25611.9,3854223
2026-02-05,14:30,2026-02-05 14:30,25611.8,25627.35,25606.35,25626.4,3682765
2026-02-05,14:35,2026-02-05 14:35,25626.7,25640.35,25626.7,25631.1,6537246
2026-02-05,14:40,2026-02-05 14:40,25631.85,25634.2,25620.55,25624.05,3652116
2026-02-05,14:45,2026-02-05 14:45,25624.25,25626.9,25609.05,25620.8,4683030
2026-02-05,14:50,2026-02-05 14:50,25620.2,25632.1,25618.05,25630.2,4099862
2026-02-05,14:55,2026-02-05 14:55,25630.15,25649.0,25630.15,25645.2,5108305
2026-02-05,15:00,2026-02-05 15:00,25646.05,25669.45,25645.95,25665.25,9358361
2026-02-05,15:05,2026-02-05 15:05,25665.55,25669.75,25631.2,25643.2,10358956
2026-02-05,15:10,2026-02-05 15:10,25644.75,25649.45,25630.45,25647.8,10199116
2026-02-05,15:15,2026-02-05 15:15,25647.75,25649.75,25621.85,25629.25,13195399
2026-02-05,15:20,2026-02-05 15:20,25630.45,25642.15,25621.55,25640.95,10506620
2026-02-05,15:25,2026-02-05 15:25,25642.7,25645.6,25629.3,25641.6,10228157
2026-02-06,09:15,2026-02-06 09:15,25605.8,25630.8,25553.55,25603.5,16775558
2026-02-06,09:20,2026-02-06 09:20,25600.65,25601.85,25578.45,25587.85,8002426
2026-02-06,09:25,2026-02-06 09:25,25588.1,25596.95,25570.5,25574.35,8706725
2026-02-06,09:30,2026-02-06 09:30,25574.6,25574.6,25554.5,25563.6,6435797
2026-02-06,09:35,2026-02-06 09:35,25563.65,25565.8,25534.2,25544.3,5567327
2026-02-06,09:40,2026-02-06 09:40,25543.45,25547.7,25522.25,25526.3,3851230
2026-02-06,09:45,2026-02-06 09:45,25527.2,25569.0,25527.2,25569.0,6040909
2026-02-06,09:50,2026-02-06 09:50,25569.25,25570.8,25553.0,25554.25,3775189
2026-02-06,09:55,2026-02-06 09:55,25554.2,25554.6,25538.05,25552.35,3470104
2026-02-06,10:00,2026-02-06 10:00,25552.35,25560.45,25519.15,25535.55,3245245
2026-02-06,10:05,2026-02-06 10:05,25534.85,25542.15,25520.8,25531.75,3698289
2026-02-06,10:10,2026-02-06 10:10,25531.55,25533.5,25504.6,25515.8,4284413
2026-02-06,10:15,2026-02-06 10:15,25515.8,25553.2,25511.6,25544.85,3699219
2026-02-06,10:20,2026-02-06 10:20,25543.95,25558.8,25539.45,25544.7,2692298
2026-02-06,10:25,2026-02-06 10:25,25543.95,25546.4,25506.65,25506.65,4735007
2026-02-06,10:30,2026-02-06 10:30,25507.1,25514.15,25496.1,25504.8,4700537
2026-02-06,10:35,2026-02-06 10:35,25504.85,25525.85,25502.4,25522.45,4495394
2026-02-06,10:40,2026-02-06 10:40,25521.6,25523.65,25497.9,25502.4,3401126
2026-02-06,10:45,2026-02-06 10:45,25501.7,25518.05,25496.95,25507.8,3637494
2026-02-06,10:50,2026-02-06 10:50,25507.55,25513.5,25492.4,25498.25,4056286
2026-02-06,10:55,2026-02-06 10:55,25498.2,25524.2,25491.9,25522.5,3416832
2026-02-06,11:00,2026-02-06 11:00,25522.75,25548.15,25522.75,25546.75,4020562
2026-02-06,11:05,2026-02-06 11:05,25546.25,25559.55,25543.25,25559.1,3780555
2026-02-06,11:10,2026-02-06 11:10,25558.6,25576.4,25554.85,25576.4,9416952
2026-02-06,11:15,2026-02-06 11:15,25577.8,25581.2,25564.6,25578.2,4877985
2026-02-06,11:20,2026-02-06 11:20,25577.6,25597.55,25575.55,25593.0,4611436
2026-02-06,11:25,2026-02-06 11:25,25592.9,25598.2,25583.35,25588.55,4554028
2026-02-06,11:30,2026-02-06 11:30,25588.5,25609.8,25582.95,25607.8,3966743
2026-02-06,11:35,2026-02-06 11:35,25607.8,25631.65,25599.85,25627.85,8266427
2026-02-06,11:40,2026-02-06 11:40,25627.6,25644.5,25623.45,25623.8,5354283
2026-02-06,11:45,2026-02-06 11:45,25623.85,25641.8,25613.2,25636.85,5933160
2026-02-06,11:50,2026-02-06 11:50,25636.65,25639.55,25620.75,25625.65,3977895
2026-02-06,11:55,2026-02-06 11:55,25625.5,25632.55,25616.65,25632.25,4328853
2026-02-06,12:00,2026-02-06 12:00,25631.35,25657.9,25620.8,25621.25,4783648
2026-02-06,12:05,2026-02-06 12:05,25621.15,25621.3,25592.6,25593.95,4263744
2026-02-06,12:10,2026-02-06 12:10,25593.45,25611.65,25588.45,25611.05,3870536
2026-02-06,12:15,2026-02-06 12:15,25611.7,25614.35,25592.0,25603.4,6226134
2026-02-06,12:20,2026-02-06 12:20,25602.75,25602.75,25570.3,25570.3,4409996
2026-02-06,12:25,2026-02-06 12:25,25570.45,25579.1,25561.35,25573.75,3665352
2026-02-06,12:30,2026-02-06 12:30,25573.25,25573.5,25536.7,25543.3,3671309
2026-02-06,12:35,2026-02-06 12:35,25542.95,25562.6,25542.95,25552.25,2833619
2026-02-06,12:40,2026-02-06 12:40,25552.4,25558.15,25536.95,25543.45,3900704
2026-02-06,12:45,2026-02-06 12:45,25542.8,25570.35,25537.5,25542.05,3965647
2026-02-06,12:50,2026-02-06 12:50,25541.35,25547.85,25531.85,25532.0,3183877
2026-02-06,12:55,2026-02-06 12:55,25532.3,25563.15,25526.65,25556.7,4451980
2026-02-06,13:00,2026-02-06 13:00,25556.15,25557.8,25540.2,25557.15,4077596
2026-02-06,13:05,2026-02-06 13:05,25557.6,25573.15,25545.3,25553.85,4619669
2026-02-06,13:10,2026-02-06 13:10,25554.3,25565.55,25553.25,25561.45,2678822
2026-02-06,13:15,2026-02-06 13:15,25562.1,25573.65,25559.7,25569.65,2605339
2026-02-06,13:20,2026-02-06 13:20,25569.15,25576.65,25562.75,25569.4,2884210
2026-02-06,13:25,2026-02-06 13:25,25570.5,25574.65,25563.9,25569.0,2725199
2026-02-06,13:30,2026-02-06 13:30,25569.4,25576.45,25549.1,25562.85,3577177
2026-02-06,13:35,2026-02-06 13:35,25563.55,25589.8,25560.95,25585.85,2980257
2026-02-06,13:40,2026-02-06 13:40,25586.6,25598.75,25575.7,25578.45,4340144
2026-02-06,13:45,2026-02-06 13:45,25578.3,25592.65,25572.05,25588.75,4598362
2026-02-06,13:50,2026-02-06 13:50,25588.9,25620.65,25587.15,25618.6,3611943
2026-02-06,13:55,2026-02-06 13:55,25618.25,25626.1,25602.0,25617.6,3221448
2026-02-06,14:00,2026-02-06 14:00,25617.4,25633.3,25615.75,25618.85,3286184
2026-02-06,14:05,2026-02-06 14:05,25618.6,25630.9,25618.0,25625.3,2204600
2026-02-06,14:10,2026-02-06 14:10,25625.5,25626.0,25607.15,25612.3,2356508
2026-02-06,14:15,2026-02-06 14:15,25612.15,25622.2,25601.9,25619.7,2877771
2026-02-06,14:20,2026-02-06 14:20,25620.35,25630.65,25603.75,25604.75,3047929
2026-02-06,14:25,2026-02-06 14:25,25604.7,25617.45,25604.25,25610.9,3107755
2026-02-06,14:30,2026-02-06 14:30,25611.1,25623.35,25606.5,25622.1,3306974
2026-02-06,14:35,2026-02-06 14:35,25622.35,25637.45,25619.35,25631.55,3220082
2026-02-06,14:40,2026-02-06 14:40,25632.1,25652.4,25631.7,25651.85,4627013
2026-02-06,14:45,2026-02-06 14:45,25651.8,25661.05,25633.65,25636.6,3573446
2026-02-06,14:50,2026-02-06 14:50,25636.9,25651.75,25635.5,25651.3,3921672
2026-02-06,14:55,2026-02-06 14:55,25651.8,25671.85,25651.8,25670.3,5138520
2026-02-06,15:00,2026-02-06 15:00,25671.2,25690.25,25671.2,25685.45,9844263
2026-02-06,15:05,2026-02-06 15:05,25683.05,25699.4,25681.75,25692.55,10919306
2026-02-06,15:10,2026-02-06 15:10,25690.45,25703.8,25687.3,25698.5,11258565
2026-02-06,15:15,2026-02-06 15:15,25697.75,25703.95,25693.0,25695.2,10962371
2026-02-06,15:20,2026-02-06 15:20,25693.55,25701.5,25692.95,25700.95,11969095
2026-02-06,15:25,2026-02-06 15:25,25698.5,25700.05,25660.2,25673.6,10019205
2026-02-09,09:15,2026-02-09 09:15,25888.7,25922.25,25795.95,25815.55,21953954
2026-02-09,09:20,2026-02-09 09:20,25814.3,25826.05,25793.3,25821.85,9638150
2026-02-09,09:25,2026-02-09 09:25,25821.2,25823.8,25801.75,25822.9,7198659
2026-02-09,09:30,2026-02-09 09:30,25822.0,25835.5,25791.75,25802.2,6463725
2026-02-09,09:35,2026-02-09 09:35,25802.55,25807.15,25781.65,25782.45,5362508
2026-02-09,09:40,2026-02-09 09:40,25781.95,25803.95,25780.9,25793.05,4052217
2026-02-09,09:45,2026-02-09 09:45,25792.9,25815.15,25790.35,25812.0,5744197
2026-02-09,09:50,2026-02-09 09:50,25812.55,25819.25,25806.65,25812.8,5286759
2026-02-09,09:55,2026-02-09 09:55,25812.85,25818.1,25806.05,25814.1,5509540
2026-02-09,10:00,2026-02-09 10:00,25814.8,25826.1,25814.15,25824.75,5250094
2026-02-09,10:05,2026-02-09 10:05,25824.1,25831.1,25803.55,25810.0,5054321
2026-02-09,10:10,2026-02-09 10:10,25810.2,25812.65,25796.15,25801.6,3438278
2026-02-09,10:15,2026-02-09 10:15,25800.1,25817.95,25794.0,25816.65,3498199
2026-02-09,10:20,2026-02-09 10:20,25816.15,25829.95,25809.05,25817.85,4242439
2026-02-09,10:25,2026-02-09 10:25,25818.1,25825.6,25810.45,25812.8,5042562
2026-02-09,10:30,2026-02-09 10:30,25812.3,25829.2,25810.1,25826.25,3519083
2026-02-09,10:35,2026-02-09 10:35,25824.9,25846.7,25823.6,25842.65,4319439
2026-02-09,10:40,2026-02-09 10:40,25843.4,25852.35,25841.65,25852.35,3381670
2026-02-09,10:45,2026-02-09 10:45,25852.8,25859.75,25844.5,25846.3,3898698
2026-02-09,10:50,2026-02-09 10:50,25847.2,25861.1,25845.8,25860.15,4514073
2026-02-09,10:55,2026-02-09 10:55,25859.5,25866.4,25856.0,25864.6,4634673
2026-02-09,11:00,2026-02-09 11:00,25865.2,25870.05,25855.25,25856.45,3727190
2026-02-09,11:05,2026-02-09 11:05,25856.4,25866.6,25853.45,25855.15,4363291
2026-02-09,11:10,2026-02-09 11:10,25855.65,25864.0,25853.9,25857.95,4981892
2026-02-09,11:15,2026-02-09 11:15,25858.15,25862.0,25851.75,25860.65,6350086
2026-02-09,11:20,2026-02-09 11:20,25860.75,25865.35,25854.15,25863.55,5144304
2026-02-09,11:25,2026-02-09 11:25,25863.3,25868.35,25853.9,25858.4,6309105
2026-02-09,11:30,2026-02-09 11:30,25858.85,25860.05,25842.0,25848.4,6086529
2026-02-09,11:35,2026-02-09 11:35,25849.05,25862.0,25845.55,25860.0,3238008
2026-02-09,11:40,2026-02-09 11:40,25860.0,25866.55,25850.4,25851.0,3361334
2026-02-09,11:45,2026-02-09 11:45,25850.45,25852.3,25835.75,25847.1,4042977
2026-02-09,11:50,2026-02-09 11:50,25846.5,25847.8,25832.2,25832.2,3419993
2026-02-09,11:55,2026-02-09 11:55,25832.05,25838.6,25830.5,25834.75,2962119
2026-02-09,12:00,2026-02-09 12:00,25834.3,25842.9,25833.9,25842.7,3916191
2026-02-09,12:05,2026-02-09 12:05,25842.65,25856.0,25839.25,25855.2,2837656
2026-02-09,12:10,2026-02-09 12:10,25855.2,25861.25,25850.7,25856.25,5282608
2026-02-09,12:15,2026-02-09 12:15,25856.6,25857.9,25850.0,25852.85,3689842
2026-02-09,12:20,2026-02-09 12:20,25852.15,25861.1,25851.55,25858.5,3267267
2026-02-09,12:25,2026-02-09 12:25,25858.95,25861.45,25848.5,25849.3,3587474
2026-02-09,12:30,2026-02-09 12:30,25850.55,25850.9,25831.55,25839.65,3988690
2026-02-09,12:35,2026-02-09 12:35,25841.55,25850.2,25836.45,25836.45,3102345
2026-02-09,12:40,2026-02-09 12:40,25837.35,25842.5,25832.5,25835.95,3214125
2026-02-09,12:45,2026-02-09 12:45,25836.0,25839.8,25830.15,25832.9,3509077
2026-02-09,12:50,2026-02-09 12:50,25833.35,25838.65,25821.65,25822.35,2868256
2026-02-09,12:55,2026-02-09 12:55,25822.8,25838.75,25819.95,25837.25,2499936
2026-02-09,13:00,2026-02-09 13:00,25838.4,25846.25,25835.9,25843.25,2968436
2026-02-09,13:05,2026-02-09 13:05,25844.55,25855.2,25841.9,25853.4,3294471
2026-02-09,13:10,2026-02-09 13:10,25854.4,25860.3,25847.45,25849.95,4308465
2026-02-09,13:15,2026-02-09 13:15,25850.75,25859.1,25850.25,25857.35,2598030
2026-02-09,13:20,2026-02-09 13:20,25859.4,25860.0,25845.2,25846.3,2888079
2026-02-09,13:25,2026-02-09 13:25,25847.25,25851.9,25836.85,25838.15,2729197
2026-02-09,13:30,2026-02-09 13:30,25840.35,25852.95,25835.85,25849.85,2105380
2026-02-09,13:35,2026-02-09 13:35,25851.8,25854.9,25849.6,25850.05,2610955
2026-02-09,13:40,2026-02-09 13:40,25851.5,25856.1,25849.65,25853.3,3696842
2026-02-09,13:45,2026-02-09 13:45,25854.05,25857.3,25846.0,25847.15,3324184
2026-02-09,13:50,2026-02-09 13:50,25848.65,25850.95,25843.1,25846.65,2082656
2026-02-09,13:55,2026-02-09 13:55,25846.9,25855.3,25843.75,25845.65,3242145
2026-02-09,14:00,2026-02-09 14:00,25846.1,25853.8,25839.95,25842.35,3525772
2026-02-09,14:05,2026-02-09 14:05,25843.95,25846.7,25835.5,25846.25,3260136
2026-02-09,14:10,2026-02-09 14:10,25847.8,25852.75,25842.2,25844.4,3643979
2026-02-09,14:15,2026-02-09 14:15,25845.25,25852.6,25842.2,25850.3,3227706
2026-02-09,14:20,2026-02-09 14:20,25852.25,25864.4,25850.0,25858.55,5061290
2026-02-09,14:25,2026-02-09 14:25,25860.0,25862.95,25854.95,25858.7,3462678
2026-02-09,14:30,2026-02-09 14:30,25860.05,25861.0,25849.45,25852.35,3603564
2026-02-09,14:35,2026-02-09 14:35,25852.4,25856.85,25847.2,25850.0,3655682
2026-02-09,14:40,2026-02-09 14:40,25850.15,25851.15,25840.35,25843.8,3846964
2026-02-09,14:45,2026-02-09 14:45,25844.95,25858.2,25843.1,25851.55,4918488
2026-02-09,14:50,2026-02-09 14:50,25853.05,25858.15,25836.25,25848.5,5717594
2026-02-09,14:55,2026-02-09 14:55,25850.25,25861.3,25848.35,25858.05,4702208
2026-02-09,15:00,2026-02-09 15:00,25860.5,25869.85,25859.35,25868.85,8051706
2026-02-09,15:05,2026-02-09 15:05,25869.45,25875.4,25867.55,25870.25,8385012
2026-02-09,15:10,2026-02-09 15:10,25870.85,25875.85,25862.5,25866.3,7731872
2026-02-09,15:15,2026-02-09 15:15,25866.55,25870.25,25863.45,25868.65,8877416
2026-02-09,15:20,2026-02-09 15:20,25869.55,25870.55,25861.15,25864.0,9743515
2026-02-09,15:25,2026-02-09 15:25,25864.85,25870.1,25856.85,25863.3,9447876
2026-02-10,09:15,2026-02-10 09:15,25922.65,25934.95,25870.45,25918.05,17459785
2026-02-10,09:20,2026-02-10 09:20,25918.1,25922.1,25894.15,25915.55,9561874
2026-02-10,09:25,2026-02-10 09:25,25914.9,25924.75,25907.7,25917.6,8542935
2026-02-10,09:30,2026-02-10 09:30,25918.2,25943.75,25909.65,25943.75,9207195
2026-02-10,09:35,2026-02-10 09:35,25943.3,25949.0,25936.7,25941.05,8525393
2026-02-10,09:40,2026-02-10 09:40,25941.15,25953.2,25939.8,25949.4,6653207
2026-02-10,09:45,2026-02-10 09:45,25949.65,25962.3,25947.05,25948.2,10683849
2026-02-10,09:50,2026-02-10 09:50,25948.15,25952.0,25929.95,25932.6,5724496
2026-02-10,09:55,2026-02-10 09:55,25932.2,25951.05,25928.8,25949.5,6055188
2026-02-10,10:00,2026-02-10 10:00,25948.7,25958.45,25943.95,25954.9,7461961
2026-02-10,10:05,2026-02-10 10:05,25954.95,25965.7,25948.2,25952.0,7593984
2026-02-10,10:10,2026-02-10 10:10,25951.6,25953.75,25940.25,25944.35,9547049
2026-02-10,10:15,2026-02-10 10:15,25944.4,25971.85,25942.0,25966.0,11458962
2026-02-10,10:20,2026-02-10 10:20,25965.7,25966.15,25958.75,25964.25,9441429
2026-02-10,10:25,2026-02-10 10:25,25963.95,25968.75,25961.65,25963.4,3793731
2026-02-10,10:30,2026-02-10 10:30,25963.5,25978.9,25962.05,25976.75,4920779
2026-02-10,10:35,2026-02-10 10:35,25976.2,25978.15,25968.4,25969.15,5000258
2026-02-10,10:40,2026-02-10 10:40,25969.7,25970.95,25951.35,25960.7,5336685
2026-02-10,10:45,2026-02-10 10:45,25960.15,25971.7,25954.35,25959.4,4560225
2026-02-10,10:50,2026-02-10 10:50,25960.0,25969.5,25954.8,25957.85,3534681
2026-02-10,10:55,2026-02-10 10:55,25958.3,25964.3,25955.3,25959.6,4451298
2026-02-10,11:00,2026-02-10 11:00,25959.3,25969.3,25955.1,25964.6,3997499
2026-02-10,11:05,2026-02-10 11:05,25964.6,25969.9,25960.25,25961.9,3804916
2026-02-10,11:10,2026-02-10 11:10,25961.55,25963.8,25955.75,25959.65,5427018
2026-02-10,11:15,2026-02-10 11:15,25960.05,25964.4,25954.6,25959.15,4696585
2026-02-10,11:20,2026-02-10 11:20,25959.25,25961.9,25951.3,25952.45,6577862
2026-02-10,11:25,2026-02-10 11:25,25952.45,25959.65,25947.3,25954.05,5971579
2026-02-10,11:30,2026-02-10 11:30,25953.95,25961.2,25952.9,25956.35,5707269
2026-02-10,11:35,2026-02-10 11:35,25956.45,25960.95,25941.9,25953.3,6510294
2026-02-10,11:40,2026-02-10 11:40,25953.45,25954.55,25943.7,25950.9,6739350
2026-02-10,11:45,2026-02-10 11:45,25951.35,25955.3,25943.95,25949.3,5426884
2026-02-10,11:50,2026-02-10 11:50,25949.05,25961.2,25944.25,25960.05,3569788
2026-02-10,11:55,2026-02-10 11:55,25960.1,25963.7,25952.7,25961.75,2921604
2026-02-10,12:00,2026-02-10 12:00,25961.9,25965.4,25958.15,25964.35,3195720
2026-02-10,12:05,2026-02-10 12:05,25963.35,25963.95,25950.65,25954.4,8416138
2026-02-10,12:10,2026-02-10 12:10,25953.95,25964.2,25952.25,25963.65,5486955
2026-02-10,12:15,2026-02-10 12:15,25964.35,25969.8,25960.9,25968.0,5802239
2026-02-10,12:20,2026-02-10 12:20,25967.55,25968.6,25956.0,25959.65,5390503
2026-02-10,12:25,2026-02-10 12:25,25959.2,25959.8,25952.65,25956.8,3676034
2026-02-10,12:30,2026-02-10 12:30,25956.4,25959.35,25952.2,25956.25,4008592
2026-02-10,12:35,2026-02-10 12:35,25956.05,25957.95,25950.85,25957.95,3040952
2026-02-10,12:40,2026-02-10 12:40,25958.0,25965.0,25955.5,25964.7,4048288
2026-02-10,12:45,2026-02-10 12:45,25964.55,25985.3,25963.7,25984.15,4319574
2026-02-10,12:50,2026-02-10 12:50,25983.15,25989.45,25977.05,25979.05,4755081
2026-02-10,12:55,2026-02-10 12:55,25979.4,25985.7,25972.15,25973.45,6165321
2026-02-10,13:00,2026-02-10 13:00,25972.45,25974.85,25956.8,25966.2,6272079
2026-02-10,13:05,2026-02-10 13:05,25965.3,25981.0,25962.45,25978.75,5234201
2026-02-10,13:10,2026-02-10 13:10,25978.7,25980.3,25970.8,25977.75,4321024
2026-02-10,13:15,2026-02-10 13:15,25978.0,25982.25,25947.5,25948.4,5220348
2026-02-10,13:20,2026-02-10 13:20,25948.6,25951.25,25927.45,25931.85,4173911
2026-02-10,13:25,2026-02-10 13:25,25932.1,25951.95,25929.9,25938.1,3780209
2026-02-10,13:30,2026-02-10 13:30,25935.05,25935.65,25908.85,25922.9,4573068
2026-02-10,13:35,2026-02-10 13:35,25921.7,25924.85,25915.4,25924.85,2855311
2026-02-10,13:40,2026-02-10 13:40,25922.75,25929.3,25919.9,25927.2,2657050
2026-02-10,13:45,2026-02-10 13:45,25925.05,25932.25,25915.95,25921.9,3388335
2026-02-10,13:50,2026-02-10 13:50,25920.6,25936.05,25920.3,25934.1,2774255
2026-02-10,13:55,2026-02-10 13:55,25933.1,25934.4,25909.6,25910.85,3213123
2026-02-10,14:00,2026-02-10 14:00,25910.35,25910.55,25893.2,25901.7,3413485
2026-02-10,14:05,2026-02-10 14:05,25900.7,25923.4,25898.3,25911.75,4101019
2026-02-10,14:10,2026-02-10 14:10,25909.65,25918.7,25899.65,25918.7,3100508
2026-02-10,14:15,2026-02-10 14:15,25918.15,25943.0,25918.15,25943.0,5195495
2026-02-10,14:20,2026-02-10 14:20,25941.85,25943.8,25919.4,25924.65,3392961
2026-02-10,14:25,2026-02-10 14:25,25923.25,25928.9,25915.85,25921.3,3870813
2026-02-10,14:30,2026-02-10 14:30,25919.15,25929.0,25918.6,25924.15,3701631
2026-02-10,14:35,2026-02-10 14:35,25922.7,25930.6,25916.2,25916.85,5019914
2026-02-10,14:40,2026-02-10 14:40,25915.3,25917.45,25903.85,25912.7,6232435
2026-02-10,14:45,2026-02-10 14:45,25911.4,25932.4,25911.2,25928.7,6318302
2026-02-10,14:50,2026-02-10 14:50,25926.45,25937.85,25923.7,25935.35,5145902
2026-02-10,14:55,2026-02-10 14:55,25935.75,25944.4,25930.9,25941.45,4574073
2026-02-10,15:00,2026-02-10 15:00,25943.0,25967.4,25939.95,25951.4,14438796
2026-02-10,15:05,2026-02-10 15:05,25953.25,25963.25,25930.85,25958.1,16398691
2026-02-10,15:10,2026-02-10 15:10,25958.85,25960.2,25931.5,25933.95,11888221
2026-02-10,15:15,2026-02-10 15:15,25934.3,25937.05,25914.55,25919.3,11706082
2026-02-10,15:20,2026-02-10 15:20,25919.15,25922.0,25909.75,25911.55,10909173
2026-02-10,15:25,2026-02-10 15:25,25911.55,25919.25,25906.05,25916.8,8874032
2026-02-11,09:15,2026-02-11 09:15,25997.45,26009.4,25942.45,25985.0,17041547
2026-02-11,09:20,2026-02-11 09:20,25984.95,25993.2,25975.8,25980.7,8677199
2026-02-11,09:25,2026-02-11 09:25,25980.85,25988.1,25975.6,25980.6,5723007
2026-02-11,09:30,2026-02-11 09:30,25980.1,25984.55,25954.75,25955.35,6986484
2026-02-11,09:35,2026-02-11 09:35,25955.15,25960.75,25932.15,25933.6,5481379
2026-02-11,09:40,2026-02-11 09:40,25932.4,25939.4,25923.5,25937.85,4122584
2026-02-11,09:45,2026-02-11 09:45,25937.8,25945.25,25929.85,25929.85,3935317
2026-02-11,09:50,2026-02-11 09:50,25930.4,25952.7,25925.75,25950.1,3750064
2026-02-11,09:55,2026-02-11 09:55,25949.05,25956.3,25943.05,25943.05,3420627
2026-02-11,10:00,2026-02-11 10:00,25943.2,25943.4,25911.9,25915.8,4573429
2026-02-11,10:05,2026-02-11 10:05,25914.35,25926.95,25913.55,25925.8,4230590
2026-02-11,10:10,2026-02-11 10:10,25925.6,25938.55,25909.85,25917.9,3112326
2026-02-11,10:15,2026-02-11 10:15,25918.05,25954.9,25916.9,25954.15,2905837
2026-02-11,10:20,2026-02-11 10:20,25954.8,25962.8,25948.2,25961.65,2958574
2026-02-11,10:25,2026-02-11 10:25,25961.05,25967.75,25955.9,25964.8,4358377
2026-02-11,10:30,2026-02-11 10:30,25964.2,25973.2,25962.75,25964.2,3295306
2026-02-11,10:35,2026-02-11 10:35,25963.95,25980.6,25958.2,25977.4,3963843
2026-02-11,10:40,2026-02-11 10:40,25978.3,25981.3,25966.65,25969.05,3100330
2026-02-11,10:45,2026-02-11 10:45,25968.0,25976.85,25964.8,25976.55,3441626
2026-02-11,10:50,2026-02-11 10:50,25975.75,25978.6,25959.85,25960.9,3019807
2026-02-11,10:55,2026-02-11 10:55,25960.7,25964.7,25955.8,25961.25,2886809
2026-02-11,11:00,2026-02-11 11:00,25961.95,25966.65,25954.2,25966.65,4010026
2026-02-11,11:05,2026-02-11 11:05,25966.75,25971.65,25938.9,25942.55,5046609
2026-02-11,11:10,2026-02-11 11:10,25941.9,25959.3,25940.7,25956.95,3082536
2026-02-11,11:15,2026-02-11 11:15,25957.4,25967.9,25953.6,25955.9,4564717
2026-02-11,11:20,2026-02-11 11:20,25955.2,25963.6,25947.4,25959.9,3340278
2026-02-11,11:25,2026-02-11 11:25,25960.25,25964.6,25955.5,25957.7,2745009
2026-02-11,11:30,2026-02-11 11:30,25957.7,25977.85,25953.65,25972.25,2652901
2026-02-11,11:35,2026-02-11 11:35,25972.6,25979.05,25967.25,25967.9,2017738
2026-02-11,11:40,2026-02-11 11:40,25967.85,25970.3,25955.6,25956.15,2980764
2026-02-11,11:45,2026-02-11 11:45,25956.45,25964.15,25953.3,25961.35,2463372
2026-02-11,11:50,2026-02-11 11:50,25961.85,25964.35,25949.6,25958.05,4570250
2026-02-11,11:55,2026-02-11 11:55,25958.65,25969.35,25945.5,25946.75,3221468
2026-02-11,12:00,2026-02-11 12:00,25947.55,25960.95,25944.9,25955.7,2822214
2026-02-11,12:05,2026-02-11 12:05,25955.9,25956.9,25933.95,25942.45,2568766
2026-02-11,12:10,2026-02-11 12:10,25942.35,25960.05,25942.35,25953.95,2953326
2026-02-11,12:15,2026-02-11 12:15,25954.45,25955.45,25940.0,25942.85,3490681
2026-02-11,12:20,2026-02-11 12:20,25942.8,25945.55,25936.05,25937.65,2632269
2026-02-11,12:25,2026-02-11 12:25,25938.1,25943.05,25935.8,25939.7,2441773
2026-02-11,12:30,2026-02-11 12:30,25940.05,25945.1,25926.05,25926.25,3096431
2026-02-11,12:35,2026-02-11 12:35,25926.8,25936.15,25914.8,25917.05,15594726
2026-02-11,12:40,2026-02-11 12:40,25916.55,25925.35,25899.8,25911.2,3299047
2026-02-11,12:45,2026-02-11 12:45,25911.2,25917.65,25900.9,25916.0,3008979
2026-02-11,12:50,2026-02-11 12:50,25915.7,25927.4,25911.65,25926.2,2559093
2026-02-11,12:55,2026-02-11 12:55,25925.9,25936.45,25920.05,25927.4,3975331
2026-02-11,13:00,2026-02-11 13:00,25928.2,25928.2,25907.6,25914.25,3583579
2026-02-11,13:05,2026-02-11 13:05,25913.35,25929.6,25912.9,25926.1,2613785
2026-02-11,13:10,2026-02-11 13:10,25925.15,25931.1,25917.8,25923.75,2921573
2026-02-11,13:15,2026-02-11 13:15,25923.95,25930.3,25920.1,25928.9,2906618
2026-02-11,13:20,2026-02-11 13:20,25928.9,25939.3,25923.2,25931.25,2520352
2026-02-11,13:25,2026-02-11 13:25,25931.7,25945.65,25931.7,25945.05,2396036
2026-02-11,13:30,2026-02-11 13:30,25944.7,25952.1,25939.9,25949.2,2880595
2026-02-11,13:35,2026-02-11 13:35,25949.65,25959.75,25945.1,25957.35,2715179
2026-02-11,13:40,2026-02-11 13:40,25958.1,25969.2,25954.3,25955.35,2879191
2026-02-11,13:45,2026-02-11 13:45,25955.1,25956.3,25939.0,25939.3,3746698
2026-02-11,13:50,2026-02-11 13:50,25938.25,25940.2,25927.5,25932.05,2758331
2026-02-11,13:55,2026-02-11 13:55,25931.65,25939.95,25930.2,25932.6,2578142
2026-02-11,14:00,2026-02-11 14:00,25932.05,25943.3,25925.55,25938.5,2837853
2026-02-11,14:05,2026-02-11 14:05,25938.2,25944.35,25934.45,25937.5,4668664
2026-02-11,14:10,2026-02-11 14:10,25936.8,25956.8,25936.7,25956.2,3133518
2026-02-11,14:15,2026-02-11 14:15,25955.95,25964.1,25955.45,25958.4,3331643
2026-02-11,14:20,2026-02-11 14:20,25958.05,25960.2,25939.7,25945.0,4109344
2026-02-11,14:25,2026-02-11 14:25,25944.9,25954.55,25942.8,25944.85,4197643
2026-02-11,14:30,2026-02-11 14:30,25944.4,25952.45,25937.2,25952.45,3361377
2026-02-11,14:35,2026-02-11 14:35,25951.85,25954.05,25943.5,25944.8,3822876
2026-02-11,14:40,2026-02-11 14:40,25944.65,25947.85,25938.85,25944.9,4044987
2026-02-11,14:45,2026-02-11 14:45,25945.45,25952.25,25940.3,25943.3,5172931
2026-02-11,14:50,2026-02-11 14:50,25942.85,25951.75,25940.6,25946.3,4120452
2026-02-11,14:55,2026-02-11 14:55,25946.3,25955.95,25943.6,25944.95,5317149
2026-02-11,15:00,2026-02-11 15:00,25944.65,25970.75,25944.65,25956.1,9300360
2026-02-11,15:05,2026-02-11 15:05,25956.8,25958.75,25948.7,25951.75,7861080
2026-02-11,15:10,2026-02-11 15:10,25952.95,25958.15,25948.9,25955.9,9000475
2026-02-11,15:15,2026-02-11 15:15,25957.95,25958.65,25950.9,25955.25,9552083
2026-02-11,15:20,2026-02-11 15:20,25956.9,25956.9,25946.4,25949.0,9688234
2026-02-11,15:25,2026-02-11 15:25,25950.45,25952.85,25939.75,25945.35,7560485
2026-02-12,09:15,2026-02-12 09:15,25906.7,25906.7,25847.25,25855.25,19833772
2026-02-12,09:20,2026-02-12 09:20,25857.7,25861.05,25836.6,25843.9,13112150
2026-02-12,09:25,2026-02-12 09:25,25845.25,25850.95,25831.25,25833.75,9564237
2026-02-12,09:30,2026-02-12 09:30,25835.8,25841.35,25822.3,25838.35,9066151
2026-02-12,09:35,2026-02-12 09:35,25839.6,25847.95,25829.8,25842.25,7780259
2026-02-12,09:40,2026-02-12 09:40,25842.55,25847.2,25830.4,25844.65,6626844
2026-02-12,09:45,2026-02-12 09:45,25844.85,25862.75,25828.4,25854.7,6344764
2026-02-12,09:50,2026-02-12 09:50,25859.0,25865.95,25851.45,25860.4,6729499
2026-02-12,09:55,2026-02-12 09:55,25861.1,25872.35,25857.65,25865.1,11196876
2026-02-12,10:00,2026-02-12 10:00,25867.5,25875.75,25857.85,25871.1,7832395
2026-02-12,10:05,2026-02-12 10:05,25871.55,25875.25,25849.9,25865.0,5640320
2026-02-12,10:10,2026-02-12 10:10,25866.4,25880.9,25854.8,25880.85,5112023
2026-02-12,10:15,2026-02-12 10:15,25881.8,25882.6,25865.25,25876.3,4649814
2026-02-12,10:20,2026-02-12 10:20,25876.45,25881.65,25870.85,25875.3,4458154
2026-02-12,10:25,2026-02-12 10:25,25876.05,25876.05,25859.4,25867.2,4274217
2026-02-12,10:30,2026-02-12 10:30,25867.35,25874.15,25860.95,25872.8,3639656
2026-02-12,10:35,2026-02-12 10:35,25873.5,25876.0,25850.6,25859.75,3657368
2026-02-12,10:40,2026-02-12 10:40,25861.25,25865.8,25855.7,25859.3,4244128
2026-02-12,10:45,2026-02-12 10:45,25859.3,25865.55,25852.75,25856.8,3781354
2026-02-12,10:50,2026-02-12 10:50,25857.9,25857.9,25848.7,25853.1,4277135
2026-02-12,10:55,2026-02-12 10:55,25853.4,25861.9,25852.65,25853.6,3845986
2026-02-12,11:00,2026-02-12 11:00,25853.6,25860.9,25851.2,25856.7,5333653
2026-02-12,11:05,2026-02-12 11:05,25857.25,25861.8,25843.15,25853.9,4192493
2026-02-12,11:10,2026-02-12 11:10,25854.5,25857.4,25846.85,25849.15,4604492
2026-02-12,11:15,2026-02-12 11:15,25849.55,25849.55,25833.35,25840.1,5942123
2026-02-12,11:20,2026-02-12 11:20,25840.85,25840.85,25824.2,25833.5,4030236
2026-02-12,11:25,2026-02-12 11:25,25834.6,25838.1,25827.05,25831.1,3386066
2026-02-12,11:30,2026-02-12 11:30,25833.9,25833.9,25816.25,25821.15,3623401
2026-02-12,11:35,2026-02-12 11:35,25822.25,25826.1,25813.05,25817.6,3882755
2026-02-12,11:40,2026-02-12 11:40,25820.6,25831.85,25815.7,25828.4,3486288
2026-02-12,11:45,2026-02-12 11:45,25828.15,25836.1,25826.2,25827.1,3124909
2026-02-12,11:50,2026-02-12 11:50,25827.9,25828.2,25808.05,25814.75,3960640
2026-02-12,11:55,2026-02-12 11:55,25815.9,25827.85,25810.75,25826.3,3028161
2026-02-12,12:00,2026-02-12 12:00,25827.05,25830.45,25806.5,25815.15,3876515
2026-02-12,12:05,2026-02-12 12:05,25816.1,25828.0,25812.4,25828.0,2710806
2026-02-12,12:10,2026-02-12 12:10,25828.35,25832.4,25823.35,25828.9,2695477
2026-02-12,12:15,2026-02-12 12:15,25829.8,25838.45,25827.95,25836.25,4818407
2026-02-12,12:20,2026-02-12 12:20,25838.35,25839.7,25831.2,25836.6,2982547
2026-02-12,12:25,2026-02-12 12:25,25836.8,25837.7,25830.95,25832.15,2716322
2026-02-12,12:30,2026-02-12 12:30,25834.9,25846.65,25831.85,25842.35,2708704
2026-02-12,12:35,2026-02-12 12:35,25843.05,25843.5,25835.4,25838.1,2899028
2026-02-12,12:40,2026-02-12 12:40,25839.7,25847.05,25834.05,25844.45,3631345
2026-02-12,12:45,2026-02-12 12:45,25845.6,25852.25,25839.95,25844.8,3208951
2026-02-12,12:50,2026-02-12 12:50,25845.65,25854.0,25843.4,25853.5,2692985
2026-02-12,12:55,2026-02-12 12:55,25854.15,25859.5,25849.15,25853.75,3242771
2026-02-12,13:00,2026-02-12 13:00,25854.55,25859.85,25847.85,25853.5,2784805
2026-02-12,13:05,2026-02-12 13:05,25854.95,25856.2,25835.35,25839.35,3857405
2026-02-12,13:10,2026-02-12 13:10,25841.35,25843.7,25830.0,25835.75,3688335
2026-02-12,13:15,2026-02-12 13:15,25836.45,25863.55,25831.55,25851.6,4041704
2026-02-12,13:20,2026-02-12 13:20,25853.2,25861.75,25830.75,25860.45,3462910
2026-02-12,13:25,2026-02-12 13:25,25861.05,25879.3,25853.45,25855.45,4849527
2026-02-12,13:30,2026-02-12 13:30,25857.4,25859.45,25842.85,25849.45,4468488
2026-02-12,13:35,2026-02-12 13:35,25850.1,25861.75,25845.35,25859.8,2928253
2026-02-12,13:40,2026-02-12 13:40,25862.0,25862.0,25841.3,25844.85,3665939
2026-02-12,13:45,2026-02-12 13:45,25845.05,25847.35,25817.0,25817.5,4788678
2026-02-12,13:50,2026-02-12 13:50,25817.75,25821.65,25805.65,25821.65,5911444
2026-02-12,13:55,2026-02-12 13:55,25822.4,25824.55,25815.35,25816.95,2644847
2026-02-12,14:00,2026-02-12 14:00,25817.2,25820.85,25807.25,25817.8,3307966
2026-02-12,14:05,2026-02-12 14:05,25817.9,25822.5,25814.15,25817.7,3284240
2026-02-12,14:10,2026-02-12 14:10,25817.8,25821.6,25812.65,25817.55,2810273
2026-02-12,14:15,2026-02-12 14:15,25818.2,25818.35,25803.25,25807.9,2502695
2026-02-12,14:20,2026-02-12 14:20,25807.95,25836.35,25806.75,25833.35,5169512
2026-02-12,14:25,2026-02-12 14:25,25833.75,25837.85,25820.3,25823.7,4562481
2026-02-12,14:30,2026-02-12 14:30,25823.4,25829.55,25818.5,25823.9,4808035
2026-02-12,14:35,2026-02-12 14:35,25823.45,25829.65,25804.0,25808.2,6575984
2026-02-12,14:40,2026-02-12 14:40,25808.75,25819.5,25794.55,25797.3,4316747
2026-02-12,14:45,2026-02-12 14:45,25796.95,25798.75,25752.4,25759.0,8573274
2026-02-12,14:50,2026-02-12 14:50,25760.6,25776.7,25754.9,25775.4,5463265
2026-02-12,14:55,2026-02-12 14:55,25776.35,25788.15,25775.1,25785.5,4935262
2026-02-12,15:00,2026-02-12 15:00,25788.95,25840.7,25788.4,25823.95,15742519
2026-02-12,15:05,2026-02-12 15:05,25823.2,25826.9,25791.15,25821.4,14910957
2026-02-12,15:10,2026-02-12 15:10,25820.9,25821.7,25802.4,25807.45,11760821
2026-02-12,15:15,2026-02-12 15:15,25805.35,25814.8,25797.45,25810.55,13373089
2026-02-12,15:20,2026-02-12 15:20,25809.4,25811.6,25795.5,25799.5,12746553
2026-02-12,15:25,2026-02-12 15:25,25796.35,25803.65,25790.4,25796.15,11217063
2026-02-13,09:15,2026-02-13 09:15,25571.15,25630.35,25558.3,25596.4,24676504
2026-02-13,09:20,2026-02-13 09:20,25597.1,25605.65,25580.1,25602.65,10253283
2026-02-13,09:25,2026-02-13 09:25,25605.0,25605.0,25583.95,25585.7,8748906
2026-02-13,09:30,2026-02-13 09:30,25586.1,25586.1,25544.85,25547.7,7926852
2026-02-13,09:35,2026-02-13 09:35,25549.0,25550.9,25533.9,25538.3,9215024
2026-02-13,09:40,2026-02-13 09:40,25537.4,25566.25,25525.45,25560.85,9721012
2026-02-13,09:45,2026-02-13 09:45,25560.75,25564.45,25541.05,25544.25,6629291
2026-02-13,09:50,2026-02-13 09:50,25543.2,25565.3,25537.05,25553.65,5376301
2026-02-13,09:55,2026-02-13 09:55,25553.15,25555.05,25531.5,25534.45,5354221
2026-02-13,10:00,2026-02-13 10:00,25534.65,25550.7,25532.5,25549.0,6300475
2026-02-13,10:05,2026-02-13 10:05,25549.85,25550.5,25531.7,25534.95,3998337
2026-02-13,10:10,2026-02-13 10:10,25535.8,25546.95,25529.35,25531.75,4637366
2026-02-13,10:15,2026-02-13 10:15,25531.5,25533.05,25513.3,25526.25,5885807
2026-02-13,10:20,2026-02-13 10:20,25527.0,25540.7,25524.0,25538.9,7197440
2026-02-13,10:25,2026-02-13 10:25,25539.75,25553.25,25538.55,25548.95,5384356
2026-02-13,10:30,2026-02-13 10:30,25548.55,25572.15,25548.25,25567.3,6886178
2026-02-13,10:35,2026-02-13 10:35,25567.25,25581.65,25562.7,25579.4,7081782
2026-02-13,10:40,2026-02-13 10:40,25578.95,25584.3,25570.25,25574.1,6557689
2026-02-13,10:45,2026-02-13 10:45,25573.3,25573.75,25557.85,25558.1,4321967
2026-02-13,10:50,2026-02-13 10:50,25558.15,25566.3,25543.95,25559.85,3946711
2026-02-13,10:55,2026-02-13 10:55,25560.0,25574.6,25557.85,25560.5,3331111
2026-02-13,11:00,2026-02-13 11:00,25561.9,25563.75,25544.1,25545.35,3559676
2026-02-13,11:05,2026-02-13 11:05,25545.4,25547.35,25533.05,25536.4,3467705
2026-02-13,11:10,2026-02-13 11:10,25537.15,25554.2,25536.7,25554.2,4828731
2026-02-13,11:15,2026-02-13 11:15,25553.7,25555.95,25526.1,25532.2,3870838
2026-02-13,11:20,2026-02-13 11:20,25531.9,25536.4,25522.8,25533.1,3707449
2026-02-13,11:25,2026-02-13 11:25,25533.25,25550.9,25531.1,25548.8,3893278
2026-02-13,11:30,2026-02-13 11:30,25548.85,25549.7,25529.25,25530.05,3270494
2026-02-13,11:35,2026-02-13 11:35,25531.35,25537.45,25526.5,25531.25,3799920
2026-02-13,11:40,2026-02-13 11:40,25530.9,25551.05,25525.05,25549.6,4640516
2026-02-13,11:45,2026-02-13 11:45,25550.8,25554.85,25543.4,25548.45,4350505
2026-02-13,11:50,2026-02-13 11:50,25548.85,25557.0,25544.55,25551.8,5026448
2026-02-13,11:55,2026-02-13 11:55,25552.4,25561.25,25548.2,25558.85,3968869
2026-02-13,12:00,2026-02-13 12:00,25559.0,25568.5,25554.95,25562.65,3240611
2026-02-13,12:05,2026-02-13 12:05,25562.15,25575.55,25560.4,25568.8,4722691
2026-02-13,12:10,2026-02-13 12:10,25568.55,25576.7,25562.15,25573.4,6887505
2026-02-13,12:15,2026-02-13 12:15,25573.5,25576.15,25557.7,25572.3,4462520
2026-02-13,12:20,2026-02-13 12:20,25572.6,25582.45,25569.15,25580.3,3508343
2026-02-13,12:25,2026-02-13 12:25,25580.45,25604.25,25578.2,25585.3,4485351
2026-02-13,12:30,2026-02-13 12:30,25585.8,25606.05,25576.5,25602.45,5958427
2026-02-13,12:35,2026-02-13 12:35,25602.5,25602.75,25581.9,25593.25,4865208
2026-02-13,12:40,2026-02-13 12:40,25593.5,25594.6,25579.35,25584.0,3250133
2026-02-13,12:45,2026-02-13 12:45,25585.15,25596.85,25570.0,25571.6,6683136
2026-02-13,12:50,2026-02-13 12:50,25571.55,25571.55,25553.7,25556.95,3777545
2026-02-13,12:55,2026-02-13 12:55,25557.1,25560.05,25537.6,25542.05,3614884
2026-02-13,13:00,2026-02-13 13:00,25542.95,25553.05,25534.1,25542.5,3694449
2026-02-13,13:05,2026-02-13 13:05,25542.8,25549.3,25531.65,25549.1,2888888
2026-02-13,13:10,2026-02-13 13:10,25549.9,25578.0,25548.2,25574.7,4598341
2026-02-13,13:15,2026-02-13 13:15,25575.65,25586.85,25570.2,25585.15,2819349
2026-02-13,13:20,2026-02-13 13:20,25584.6,25584.75,25552.0,25553.2,2645410
2026-02-13,13:25,2026-02-13 13:25,25554.05,25554.15,25541.65,25546.65,2683549
2026-02-13,13:30,2026-02-13 13:30,25546.9,25552.5,25533.2,25542.4,3878434
2026-02-13,13:35,2026-02-13 13:35,25542.95,25553.4,25541.45,25546.95,2988164
2026-02-13,13:40,2026-02-13 13:40,25548.2,25553.8,25538.65,25539.2,3148478
2026-02-13,13:45,2026-02-13 13:45,25538.9,25540.15,25505.05,25510.3,3989203
2026-02-13,13:50,2026-02-13 13:50,25510.5,25517.6,25499.9,25517.15,4492838
2026-02-13,13:55,2026-02-13 13:55,25517.05,25531.2,25516.7,25524.5,5053448
2026-02-13,14:00,2026-02-13 14:00,25525.15,25530.85,25513.7,25526.25,4442210
2026-02-13,14:05,2026-02-13 14:05,25526.1,25539.25,25515.55,25518.9,6337997
2026-02-13,14:10,2026-02-13 14:10,25518.5,25535.35,25513.6,25534.6,3775586
2026-02-13,14:15,2026-02-13 14:15,25535.0,25538.4,25524.8,25527.95,4223738
2026-02-13,14:20,2026-02-13 14:20,25528.25,25535.65,25515.3,25527.3,3517269
2026-02-13,14:25,2026-02-13 14:25,25527.0,25536.65,25526.7,25530.95,4267699
2026-02-13,14:30,2026-02-13 14:30,25531.15,25534.55,25510.05,25510.9,4071257
2026-02-13,14:35,2026-02-13 14:35,25511.05,25521.4,25499.35,25513.85,4556718
2026-02-13,14:40,2026-02-13 14:40,25514.0,25518.45,25503.0,25511.75,11036220
2026-02-13,14:45,2026-02-13 14:45,25511.45,25516.5,25504.9,25508.15,7147299
2026-02-13,14:50,2026-02-13 14:50,25507.55,25521.5,25502.2,25515.35,5593872
2026-02-13,14:55,2026-02-13 14:55,25515.65,25528.3,25512.9,25521.25,5894375
2026-02-13,15:00,2026-02-13 15:00,25521.95,25527.55,25488.6,25496.45,10469877
2026-02-13,15:05,2026-02-13 15:05,25495.9,25498.75,25472.05,25483.8,10096780
2026-02-13,15:10,2026-02-13 15:10,25482.5,25489.5,25476.2,25477.2,9778421
2026-02-13,15:15,2026-02-13 15:15,25475.55,25487.9,25471.85,25485.05,12875864
2026-02-13,15:20,2026-02-13 15:20,25487.2,25489.8,25450.8,25468.15,25748885
2026-02-13,15:25,2026-02-13 15:25,25470.9,25470.9,25444.3,25460.55,14935339
2026-02-16,09:15,2026-02-16 09:15,25423.6,25472.2,25372.7,25472.2,12076598
2026-02-16,09:20,2026-02-16 09:20,25473.05,25493.35,25461.35,25480.65,6293255
2026-02-16,09:25,2026-02-16 09:25,25482.6,25484.45,25453.65,25472.25,4622500
2026-02-16,09:30,2026-02-16 09:30,25473.55,25528.45,25472.7,25521.9,5037044
2026-02-16,09:35,2026-02-16 09:35,25522.7,25522.7,25489.55,25495.95,4274701
2026-02-16,09:40,2026-02-16 09:40,25495.85,25496.6,25458.15,25460.75,3799307
2026-02-16,09:45,2026-02-16 09:45,25460.25,25471.85,25447.85,25455.05,4501771
2026-02-16,09:50,2026-02-16 09:50,25454.8,25466.6,25431.9,25466.6,3697166
2026-02-16,09:55,2026-02-16 09:55,25466.35,25497.95,25463.7,25496.65,3603493
2026-02-16,10:00,2026-02-16 10:00,25497.5,25533.85,25497.5,25527.15,4661679
2026-02-16,10:05,2026-02-16 10:05,25527.3,25534.0,25512.0,25521.4,3567270
2026-02-16,10:10,2026-02-16 10:10,25522.05,25556.5,25517.8,25551.45,3766566
2026-02-16,10:15,2026-02-16 10:15,25551.45,25561.85,25541.9,25550.15,3181407
2026-02-16,10:20,2026-02-16 10:20,25550.55,25551.8,25526.35,25526.8,3121085
2026-02-16,10:25,2026-02-16 10:25,25526.1,25532.4,25518.9,25525.85,2821866
2026-02-16,10:30,2026-02-16 10:30,25526.2,25540.25,25520.5,25531.35,3103937
2026-02-16,10:35,2026-02-16 10:35,25533.6,25538.35,25522.2,25526.55,2702683
2026-02-16,10:40,2026-02-16 10:40,25527.3,25540.1,25521.0,25526.25,3179609
2026-02-16,10:45,2026-02-16 10:45,25526.45,25536.0,25516.5,25518.6,2788672
2026-02-16,10:50,2026-02-16 10:50,25516.75,25525.7,25508.8,25513.6,3141920
2026-02-16,10:55,2026-02-16 10:55,25512.7,25525.65,25508.2,25523.05,2273997
2026-02-16,11:00,2026-02-16 11:00,25523.55,25533.45,25507.15,25530.9,3020744
2026-02-16,11:05,2026-02-16 11:05,25530.9,25537.1,25525.85,25531.95,2656001
2026-02-16,11:10,2026-02-16 11:10,25531.65,25534.7,25523.95,25534.55,2036315
2026-02-16,11:15,2026-02-16 11:15,25533.85,25540.7,25527.3,25533.85,2809831
2026-02-16,11:20,2026-02-16 11:20,25534.65,25544.55,25530.7,25541.4,2991851
2026-02-16,11:25,2026-02-16 11:25,25541.45,25547.15,25511.35,25517.8,2808161
2026-02-16,11:30,2026-02-16 11:30,25518.1,25531.3,25513.9,25519.4,3409648
2026-02-16,11:35,2026-02-16 11:35,25520.65,25531.4,25513.6,25528.2,2510248
2026-02-16,11:40,2026-02-16 11:40,25528.5,25531.55,25518.9,25523.65,3313732
2026-02-16,11:45,2026-02-16 11:45,25521.05,25522.5,25503.05,25515.6,3147206
2026-02-16,11:50,2026-02-16 11:50,25515.1,25517.4,25506.8,25509.1,2026302
2026-02-16,11:55,2026-02-16 11:55,25509.0,25529.65,25507.65,25529.1,1903558
2026-02-16,12:00,2026-02-16 12:00,25529.1,25538.75,25528.85,25535.6,3064413
2026-02-16,12:05,2026-02-16 12:05,25535.55,25542.8,25531.6,25539.3,2517448
2026-02-16,12:10,2026-02-16 12:10,25539.6,25555.2,25539.6,25545.7,2480992
2026-02-16,12:15,2026-02-16 12:15,25545.4,25565.7,25532.95,25561.25,3106774
2026-02-16,12:20,2026-02-16 12:20,25562.5,25566.6,25552.05,25559.8,2356721
2026-02-16,12:25,2026-02-16 12:25,25560.95,25576.5,25554.4,25576.05,2611150
2026-02-16,12:30,2026-02-16 12:30,25576.4,25588.05,25572.15,25584.3,4366297
2026-02-16,12:35,2026-02-16 12:35,25585.05,25590.9,25574.05,25574.6,4732677
2026-02-16,12:40,2026-02-16 12:40,25575.0,25583.9,25572.0,25577.8,3060362
2026-02-16,12:45,2026-02-16 12:45,25578.95,25582.35,25553.15,25554.0,2637128
2026-02-16,12:50,2026-02-16 12:50,25554.8,25571.6,25553.15,25565.8,3206665
2026-02-16,12:55,2026-02-16 12:55,25566.7,25573.65,25550.65,25556.85,2875412
2026-02-16,13:00,2026-02-16 13:00,25556.6,25580.95,25555.2,25570.65,3881775
2026-02-16,13:05,2026-02-16 13:05,25570.05,25578.0,25564.9,25576.85,3234772
2026-02-16,13:10,2026-02-16 13:10,25576.2,25584.85,25570.9,25571.35,3340128
2026-02-16,13:15,2026-02-16 13:15,25571.45,25575.55,25564.8,25567.95,3363618
2026-02-16,13:20,2026-02-16 13:20,25566.75,25581.0,25564.35,25574.75,3039194
2026-02-16,13:25,2026-02-16 13:25,25574.9,25584.0,25569.0,25581.7,3253889
2026-02-16,13:30,2026-02-16 13:30,25582.4,25584.2,25566.35,25576.25,3777252
2026-02-16,13:35,2026-02-16 13:35,25577.25,25593.15,25575.95,25590.15,2874477
2026-02-16,13:40,2026-02-16 13:40,25590.6,25593.1,25583.9,25590.6,2321804
2026-02-16,13:45,2026-02-16 13:45,25590.7,25594.15,25580.45,25582.4,2896998
2026-02-16,13:50,2026-02-16 13:50,25580.85,25589.9,25567.3,25567.3,3115437
2026-02-16,13:55,2026-02-16 13:55,25567.4,25569.55,25544.85,25566.0,3676915
2026-02-16,14:00,2026-02-16 14:00,25565.0,25585.4,25564.25,25576.35,3311409
2026-02-16,14:05,2026-02-16 14:05,25577.15,25580.2,25560.85,25562.0,2435892
2026-02-16,14:10,2026-02-16 14:10,25563.45,25582.5,25560.5,25580.35,2757353
2026-02-16,14:15,2026-02-16 14:15,25581.1,25587.5,25574.0,25575.25,2240562
2026-02-16,14:20,2026-02-16 14:20,25575.5,25584.9,25575.15,25583.95,1954383
2026-02-16,14:25,2026-02-16 14:25,25583.8,25624.9,25582.85,25620.4,3176291
2026-02-16,14:30,2026-02-16 14:30,25620.75,25649.05,25620.35,25648.9,4505271
2026-02-16,14:35,2026-02-16 14:35,25647.55,25654.95,25634.35,25636.35,4942782
2026-02-16,14:40,2026-02-16 14:40,25636.0,25648.7,25631.55,25646.25,2798046
2026-02-16,14:45,2026-02-16 14:45,25645.75,25669.85,25639.8,25665.0,3193645
2026-02-16,14:50,2026-02-16 14:50,25665.3,25665.9,25643.9,25651.35,3042728
2026-02-16,14:55,2026-02-16 14:55,25651.6,25666.2,25647.9,25663.45,3747727
2026-02-16,15:00,2026-02-16 15:00,25661.55,25688.4,25661.55,25686.65,6073614
2026-02-16,15:05,2026-02-16 15:05,25684.75,25694.0,25678.5,25688.65,6199787
2026-02-16,15:10,2026-02-16 15:10,25687.1,25697.0,25682.35,25686.75,6268464
2026-02-16,15:15,2026-02-16 15:15,25687.05,25689.0,25676.8,25680.95,6885146
2026-02-16,15:20,2026-02-16 15:20,25678.25,25692.75,25675.5,25687.6,7473485
2026-02-16,15:25,2026-02-16 15:25,25689.35,25691.95,25673.0,25682.45,7607196
2026-02-17,09:15,2026-02-17 09:15,25637.95,25664.85,25591.0,25612.45,14247964
2026-02-17,09:20,2026-02-17 09:20,25610.45,25610.45,25574.25,25579.7,8628760
2026-02-17,09:25,2026-02-17 09:25,25578.85,25598.4,25570.3,25592.8,7667479
2026-02-17,09:30,2026-02-17 09:30,25593.1,25616.5,25578.7,25612.4,10032766
2026-02-17,09:35,2026-02-17 09:35,25613.85,25616.65,25584.05,25616.6,6429972
2026-02-17,09:40,2026-02-17 09:40,25615.05,25644.75,25601.4,25642.95,6098763
2026-02-17,09:45,2026-02-17 09:45,25642.2,25645.65,25632.4,25641.55,5932994
2026-02-17,09:50,2026-02-17 09:50,25641.2,25664.4,25633.1,25662.3,5311537
2026-02-17,09:55,2026-02-17 09:55,25662.0,25675.85,25652.9,25663.15,5774223
2026-02-17,10:00,2026-02-17 10:00,25662.25,25667.4,25651.3,25662.25,7239876
2026-02-17,10:05,2026-02-17 10:05,25662.0,25671.85,25656.95,25665.45,6881994
2026-02-17,10:10,2026-02-17 10:10,25665.8,25682.0,25659.4,25679.25,4707255
2026-02-17,10:15,2026-02-17 10:15,25679.4,25692.4,25666.15,25690.7,4285428
2026-02-17,10:20,2026-02-17 10:20,25690.45,25698.15,25687.55,25694.65,5556453
2026-02-17,10:25,2026-02-17 10:25,25694.6,25728.5,25692.05,25724.4,6001359
2026-02-17,10:30,2026-02-17 10:30,25724.1,25730.35,25706.15,25710.5,5458351
2026-02-17,10:35,2026-02-17 10:35,25709.95,25710.0,25691.95,25692.8,3915763
2026-02-17,10:40,2026-02-17 10:40,25692.45,25697.35,25657.2,25661.3,4747156
2026-02-17,10:45,2026-02-17 10:45,25661.6,25668.05,25642.75,25656.65,4477519
2026-02-17,10:50,2026-02-17 10:50,25657.1,25658.15,25649.2,25656.6,4719308
2026-02-17,10:55,2026-02-17 10:55,25656.55,25669.15,25656.25,25668.1,4417968
2026-02-17,11:00,2026-02-17 11:00,25667.75,25672.1,25658.2,25666.55,4306772
2026-02-17,11:05,2026-02-17 11:05,25666.8,25674.95,25653.65,25670.6,4656438
2026-02-17,11:10,2026-02-17 11:10,25671.2,25674.95,25661.4,25673.1,2797235
2026-02-17,11:15,2026-02-17 11:15,25673.95,25690.25,25669.5,25685.8,3211536
2026-02-17,11:20,2026-02-17 11:20,25685.6,25690.9,25679.05,25688.0,2307981
2026-02-17,11:25,2026-02-17 11:25,25689.0,25695.55,25685.4,25693.6,4258511
2026-02-17,11:30,2026-02-17 11:30,25693.95,25723.85,25687.55,25721.45,6103534
2026-02-17,11:35,2026-02-17 11:35,25721.2,25745.75,25716.75,25730.55,4788939
2026-02-17,11:40,2026-02-17 11:40,25730.65,25732.25,25708.5,25722.35,4616362
2026-02-17,11:45,2026-02-17 11:45,25722.75,25741.65,25722.6,25738.05,3753490
2026-02-17,11:50,2026-02-17 11:50,25738.0,25741.8,25733.05,25741.6,2817363
2026-02-17,11:55,2026-02-17 11:55,25741.4,25741.8,25725.6,25729.45,2669353
2026-02-17,12:00,2026-02-17 12:00,25730.0,25737.25,25722.15,25724.0,3281442
2026-02-17,12:05,2026-02-17 12:05,25723.75,25732.7,25722.55,25726.1,3078431
2026-02-17,12:10,2026-02-17 12:10,25725.95,25731.45,25718.8,25721.7,3522901
2026-02-17,12:15,2026-02-17 12:15,25722.55,25744.35,25721.85,25742.1,5581021
2026-02-17,12:20,2026-02-17 12:20,25741.95,25751.1,25737.45,25747.4,4208379
2026-02-17,12:25,2026-02-17 12:25,25747.35,25753.85,25730.45,25733.65,3314503
2026-02-17,12:30,2026-02-17 12:30,25733.9,25740.1,25728.1,25735.7,3269925
2026-02-17,12:35,2026-02-17 12:35,25735.5,25737.55,25725.35,25733.75,2749946
2026-02-17,12:40,2026-02-17 12:40,25732.8,25741.25,25728.55,25738.7,5702081
2026-02-17,12:45,2026-02-17 12:45,25738.25,25742.15,25736.1,25741.0,2706314
2026-02-17,12:50,2026-02-17 12:50,25740.6,25760.85,25737.1,25753.95,3131673
2026-02-17,12:55,2026-02-17 12:55,25752.55,25755.6,25732.2,25733.8,3105638
2026-02-17,13:00,2026-02-17 13:00,25733.6,25739.65,25717.05,25717.05,4006257
2026-02-17,13:05,2026-02-17 13:05,25716.25,25761.6,25713.9,25759.45,7492955
2026-02-17,13:10,2026-02-17 13:10,25760.05,25764.4,25728.55,25736.35,5951045
2026-02-17,13:15,2026-02-17 13:15,25736.25,25739.65,25725.75,25736.1,4533559
2026-02-17,13:20,2026-02-17 13:20,25735.05,25748.0,25735.05,25740.4,6597666
2026-02-17,13:25,2026-02-17 13:25,25740.2,25742.1,25735.1,25740.1,2575295
2026-02-17,13:30,2026-02-17 13:30,25740.95,25759.95,25740.95,25751.8,4170843
2026-02-17,13:35,2026-02-17 13:35,25752.9,25761.95,25738.05,25742.25,5209236
2026-02-17,13:40,2026-02-17 13:40,25742.6,25754.1,25740.8,25744.7,2501990
2026-02-17,13:45,2026-02-17 13:45,25744.8,25749.8,25730.9,25735.15,2673034
2026-02-17,13:50,2026-02-17 13:50,25735.25,25741.6,25726.7,25731.95,1903398
2026-02-17,13:55,2026-02-17 13:55,25731.7,25731.7,25696.75,25698.85,4052506
2026-02-17,14:00,2026-02-17 14:00,25699.45,25732.8,25697.15,25726.1,5007674
2026-02-17,14:05,2026-02-17 14:05,25728.0,25734.15,25710.05,25710.5,2824892
2026-02-17,14:10,2026-02-17 14:10,25710.65,25710.65,25667.8,25670.95,4653909
2026-02-17,14:15,2026-02-17 14:15,25670.7,25703.9,25662.6,25697.2,5189427
2026-02-17,14:20,2026-02-17 14:20,25696.85,25705.8,25693.2,25698.2,2076057
2026-02-17,14:25,2026-02-17 14:25,25698.25,25705.3,25683.05,25683.35,2719092
2026-02-17,14:30,2026-02-17 14:30,25686.1,25697.1,25675.5,25696.05,2353975
2026-02-17,14:35,2026-02-17 14:35,25695.7,25726.35,25691.85,25724.25,4335979
2026-02-17,14:40,2026-02-17 14:40,25723.2,25733.45,25714.75,25717.3,7701079
2026-02-17,14:45,2026-02-17 14:45,25717.3,25719.85,25704.8,25708.95,3065944
2026-02-17,14:50,2026-02-17 14:50,25709.85,25718.65,25703.9,25717.15,3122146
2026-02-17,14:55,2026-02-17 14:55,25717.85,25721.0,25691.15,25711.9,5771394
2026-02-17,15:00,2026-02-17 15:00,25713.1,25746.3,25709.75,25709.75,9200807
2026-02-17,15:05,2026-02-17 15:05,25711.05,25743.75,25703.0,25741.85,8820760
2026-02-17,15:10,2026-02-17 15:10,25743.9,25744.35,25713.8,25724.85,7015474
2026-02-17,15:15,2026-02-17 15:15,25725.45,25729.15,25714.85,25720.35,8504369
2026-02-17,15:20,2026-02-17 15:20,25720.5,25731.85,25718.05,25724.55,9125685
2026-02-17,15:25,2026-02-17 15:25,25725.0,25728.1,25713.8,25716.0,8601207
2026-02-18,09:15,2026-02-18 09:15,25752.65,25759.75,25705.4,25742.05,18496051
2026-02-18,09:20,2026-02-18 09:20,25742.0,25742.0,25704.4,25704.5,9052416
2026-02-18,09:25,2026-02-18 09:25,25705.4,25738.2,25697.75,25728.5,6578600
2026-02-18,09:30,2026-02-18 09:30,25730.25,25736.45,25711.95,25731.45,42950996
2026-02-18,09:35,2026-02-18 09:35,25731.8,25745.4,25725.85,25737.15,6554867
2026-02-18,09:40,2026-02-18 09:40,25738.6,25746.65,25732.45,25741.85,6390852
2026-02-18,09:45,2026-02-18 09:45,25741.85,25744.45,25714.05,25720.45,13623630
2026-02-18,09:50,2026-02-18 09:50,25722.1,25724.2,25699.35,25702.35,9915346
2026-02-18,09:55,2026-02-18 09:55,25701.85,25702.0,25655.75,25665.45,6262575
2026-02-18,10:00,2026-02-18 10:00,25666.6,25669.15,25650.25,25666.45,10732082
2026-02-18,10:05,2026-02-18 10:05,25668.3,25674.85,25652.3,25665.45,5791312
2026-02-18,10:10,2026-02-18 10:10,25666.8,25674.55,25658.5,25661.95,5784364
2026-02-18,10:15,2026-02-18 10:15,25663.85,25675.0,25645.6,25671.35,7029567
2026-02-18,10:20,2026-02-18 10:20,25672.65,25675.6,25659.85,25670.3,5432196
2026-02-18,10:25,2026-02-18 10:25,25670.95,25671.05,25645.15,25665.35,4696888
2026-02-18,10:30,2026-02-18 10:30,25666.2,25675.1,25659.35,25673.0,4015877
2026-02-18,10:35,2026-02-18 10:35,25673.35,25684.7,25660.75,25660.75,4731660
2026-02-18,10:40,2026-02-18 10:40,25662.8,25667.45,25654.7,25660.75,3373610
2026-02-18,10:45,2026-02-18 10:45,25661.9,25683.6,25658.85,25681.85,3580943
2026-02-18,10:50,2026-02-18 10:50,25681.55,25696.8,25678.6,25691.65,4247310
2026-02-18,10:55,2026-02-18 10:55,25692.2,25708.0,25688.05,25703.2,4222495
2026-02-18,11:00,2026-02-18 11:00,25706.0,25709.0,25698.65,25706.15,4045705
2026-02-18,11:05,2026-02-18 11:05,25706.0,25706.65,25697.2,25703.85,4080500
2026-02-18,11:10,2026-02-18 11:10,25703.95,25705.85,25689.3,25700.05,5104200
2026-02-18,11:15,2026-02-18 11:15,25700.7,25701.8,25683.5,25686.55,4348127
2026-02-18,11:20,2026-02-18 11:20,25688.45,25697.7,25685.8,25688.0,5100977
2026-02-18,11:25,2026-02-18 11:25,25687.7,25697.55,25679.95,25693.55,3901064
2026-02-18,11:30,2026-02-18 11:30,25694.9,25716.55,25687.6,25713.65,3947058
2026-02-18,11:35,2026-02-18 11:35,25711.6,25716.4,25695.65,25698.9,3536048
2026-02-18,11:40,2026-02-18 11:40,25698.45,25701.35,25676.55,25686.9,2601787
2026-02-18,11:45,2026-02-18 11:45,25687.5,25690.55,25682.65,25688.65,2832966
2026-02-18,11:50,2026-02-18 11:50,25688.2,25695.7,25687.4,25695.55,3523725
2026-02-18,11:55,2026-02-18 11:55,25695.5,25701.9,25689.95,25701.05,4026693
2026-02-18,12:00,2026-02-18 12:00,25702.4,25711.6,25697.15,25704.5,5992480
2026-02-18,12:05,2026-02-18 12:05,25705.45,25718.4,25704.3,25713.25,3004924
2026-02-18,12:10,2026-02-18 12:10,25712.45,25717.4,25708.7,25709.85,2495277
2026-02-18,12:15,2026-02-18 12:15,25710.5,25721.55,25710.5,25713.1,3996402
2026-02-18,12:20,2026-02-18 12:20,25714.1,25723.0,25711.95,25720.3,3541670
2026-02-18,12:25,2026-02-18 12:25,25720.4,25722.95,25703.65,25711.75,3066711
2026-02-18,12:30,2026-02-18 12:30,25713.9,25726.2,25709.9,25722.7,2344371
2026-02-18,12:35,2026-02-18 12:35,25722.45,25734.4,25722.45,25732.25,2846798
2026-02-18,12:40,2026-02-18 12:40,25732.0,25732.35,25718.05,25726.35,2426757
2026-02-18,12:45,2026-02-18 12:45,25725.1,25729.55,25713.7,25713.95,6176836
2026-02-18,12:50,2026-02-18 12:50,25715.2,25728.5,25711.9,25726.8,3011226
2026-02-18,12:55,2026-02-18 12:55,25726.55,25733.9,25719.55,25731.85,2616434
2026-02-18,13:00,2026-02-18 13:00,25732.2,25742.05,25722.15,25737.0,2505886
2026-02-18,13:05,2026-02-18 13:05,25736.7,25742.05,25730.7,25731.75,2328576
2026-02-18,13:10,2026-02-18 13:10,25732.95,25733.5,25718.4,25731.5,2446433
2026-02-18,13:15,2026-02-18 13:15,25730.95,25745.6,25730.95,25740.85,2730689
2026-02-18,13:20,2026-02-18 13:20,25741.95,25753.2,25739.55,25744.85,3201328
2026-02-18,13:25,2026-02-18 13:25,25745.15,25746.85,25717.8,25728.05,3357470
2026-02-18,13:30,2026-02-18 13:30,25727.25,25730.5,25722.95,25727.55,1875084
2026-02-18,13:35,2026-02-18 13:35,25726.2,25730.95,25719.85,25721.35,2400045
2026-02-18,13:40,2026-02-18 13:40,25721.45,25729.45,25718.1,25724.7,2422609
2026-02-18,13:45,2026-02-18 13:45,25724.6,25739.2,25723.3,25735.5,4412936
2026-02-18,13:50,2026-02-18 13:50,25735.15,25746.15,25699.15,25700.0,4043842
2026-02-18,13:55,2026-02-18 13:55,25699.2,25726.55,25695.75,25724.3,3279695
2026-02-18,14:00,2026-02-18 14:00,25724.45,25728.2,25719.95,25725.45,2448777
2026-02-18,14:05,2026-02-18 14:05,25726.55,25735.45,25725.25,25735.45,2265279
2026-02-18,14:10,2026-02-18 14:10,25735.05,25757.35,25733.05,25756.8,3188440
2026-02-18,14:15,2026-02-18 14:15,25756.95,25771.95,25750.6,25771.6,3034385
2026-02-18,14:20,2026-02-18 14:20,25771.65,25791.55,25770.7,25790.55,4207628
2026-02-18,14:25,2026-02-18 14:25,25789.9,25792.85,25778.95,25785.2,3609456
2026-02-18,14:30,2026-02-18 14:30,25784.2,25789.9,25774.7,25779.1,2987428
2026-02-18,14:35,2026-02-18 14:35,25778.8,25793.8,25778.25,25781.0,3061875
2026-02-18,14:40,2026-02-18 14:40,25780.6,25784.55,25774.3,25779.8,3486169
2026-02-18,14:45,2026-02-18 14:45,25779.65,25781.95,25768.45,25781.45,3429441
2026-02-18,14:50,2026-02-18 14:50,25781.85,25790.55,25778.3,25787.45,3860464
2026-02-18,14:55,2026-02-18 14:55,25786.95,25796.75,25786.95,25792.15,3288665
2026-02-18,15:00,2026-02-18 15:00,25794.75,25828.05,25794.75,25814.55,7929164
2026-02-18,15:05,2026-02-18 15:05,25813.65,25825.7,25807.95,25825.7,6284386
2026-02-18,15:10,2026-02-18 15:10,25823.9,25827.15,25818.5,25821.95,7940785
2026-02-18,15:15,2026-02-18 15:15,25820.05,25827.45,25817.1,25818.3,9054008
2026-02-18,15:20,2026-02-18 15:20,25816.85,25822.4,25814.1,25817.3,9784928
2026-02-18,15:25,2026-02-18 15:25,25815.45,25818.95,25805.05,25805.7,8729706
2026-02-19,09:15,2026-02-19 09:15,25873.35,25885.3,25836.6,25853.9,16129326
2026-02-19,09:20,2026-02-19 09:20,25853.65,25877.35,25849.8,25850.2,7986642
2026-02-19,09:25,2026-02-19 09:25,25850.25,25851.9,25811.2,25817.65,5523627
2026-02-19,09:30,2026-02-19 09:30,25817.75,25821.15,25803.25,25804.3,4635493
2026-02-19,09:35,2026-02-19 09:35,25805.05,25821.2,25779.8,25790.65,7047956
2026-02-19,09:40,2026-02-19 09:40,25790.75,25792.05,25776.55,25779.9,4276055
2026-02-19,09:45,2026-02-19 09:45,25780.95,25812.95,25773.4,25809.25,3681354
2026-02-19,09:50,2026-02-19 09:50,25808.3,25810.55,25782.65,25782.65,3357783
2026-02-19,09:55,2026-02-19 09:55,25783.6,25789.1,25769.65,25772.85,3551972
2026-02-19,10:00,2026-02-19 10:00,25772.55,25786.55,25763.0,25786.55,2743621
2026-02-19,10:05,2026-02-19 10:05,25785.85,25793.9,25776.05,25779.6,3191924
2026-02-19,10:10,2026-02-19 10:10,25778.65,25783.3,25749.45,25756.45,2467362
2026-02-19,10:15,2026-02-19 10:15,25757.75,25765.85,25746.9,25756.85,2657229
2026-02-19,10:20,2026-02-19 10:20,25757.3,25761.75,25741.9,25754.05,2705037
2026-02-19,10:25,2026-02-19 10:25,25752.8,25754.95,25732.35,25746.7,2417564
2026-02-19,10:30,2026-02-19 10:30,25746.75,25752.4,25736.8,25739.5,2054860
2026-02-19,10:35,2026-02-19 10:35,25739.95,25743.2,25713.3,25716.4,5196155
2026-02-19,10:40,2026-02-19 10:40,25716.6,25739.5,25708.7,25735.05,3846455
2026-02-19,10:45,2026-02-19 10:45,25735.2,25736.75,25718.05,25723.15,3051747
2026-02-19,10:50,2026-02-19 10:50,25722.95,25737.0,25718.25,25733.65,2627001
2026-02-19,10:55,2026-02-19 10:55,25732.75,25740.5,25719.95,25734.85,4191154
2026-02-19,11:00,2026-02-19 11:00,25734.75,25746.0,25726.15,25734.9,2991531
2026-02-19,11:05,2026-02-19 11:05,25734.8,25745.05,25726.25,25726.95,1922600
2026-02-19,11:10,2026-02-19 11:10,25727.3,25736.85,25713.85,25715.8,3103762
2026-02-19,11:15,2026-02-19 11:15,25715.3,25720.7,25703.65,25705.65,2172052
2026-02-19,11:20,2026-02-19 11:20,25705.15,25709.75,25679.75,25683.25,2499571
2026-02-19,11:25,2026-02-19 11:25,25682.4,25692.45,25681.15,25688.65,2000523
2026-02-19,11:30,2026-02-19 11:30,25687.7,25693.1,25683.45,25686.95,1629939
2026-02-19,11:35,2026-02-19 11:35,25686.45,25688.95,25671.45,25684.6,1870316
2026-02-19,11:40,2026-02-19 11:40,25683.65,25685.65,25667.65,25678.9,1914005
2026-02-19,11:45,2026-02-19 11:45,25679.35,25680.05,25658.25,25664.45,1707432
2026-02-19,11:50,2026-02-19 11:50,25664.5,25664.65,25652.45,25658.65,2141888
2026-02-19,11:55,2026-02-19 11:55,25657.2,25663.95,25650.55,25658.7,2527730
2026-02-19,12:00,2026-02-19 12:00,25658.65,25661.6,25641.7,25652.1,2635777
2026-02-19,12:05,2026-02-19 12:05,25652.95,25655.85,25636.85,25637.75,2471240
2026-02-19,12:10,2026-02-19 12:10,25636.55,25636.55,25601.0,25603.5,3845574
2026-02-19,12:15,2026-02-19 12:15,25602.85,25615.7,25586.75,25611.4,4498520
2026-02-19,12:20,2026-02-19 12:20,25611.8,25639.7,25607.55,25633.35,3035875
2026-02-19,12:25,2026-02-19 12:25,25631.9,25634.9,25614.05,25626.0,2752861
2026-02-19,12:30,2026-02-19 12:30,25625.4,25630.7,25608.6,25614.0,1584299
2026-02-19,12:35,2026-02-19 12:35,25613.75,25621.4,25591.85,25593.8,2973914
2026-02-19,12:40,2026-02-19 12:40,25594.2,25602.55,25569.35,25582.55,2848056
2026-02-19,12:45,2026-02-19 12:45,25580.7,25585.55,25567.75,25584.05,2278250
2026-02-19,12:50,2026-02-19 12:50,25584.45,25613.4,25580.05,25592.2,2862692
2026-02-19,12:55,2026-02-19 12:55,25593.35,25602.4,25590.0,25597.5,1939867
2026-02-19,13:00,2026-02-19 13:00,25598.4,25599.95,25586.25,25598.45,1909671
2026-02-19,13:05,2026-02-19 13:05,25597.75,25629.8,25597.5,25628.0,3939318
2026-02-19,13:10,2026-02-19 13:10,25628.75,25631.4,25618.5,25624.55,5718185
2026-02-19,13:15,2026-02-19 13:15,25623.85,25624.55,25598.5,25607.0,2618436
2026-02-19,13:20,2026-02-19 13:20,25606.75,25634.3,25604.55,25630.75,3959178
2026-02-19,13:25,2026-02-19 13:25,25630.6,25636.25,25604.7,25619.7,3293813
2026-02-19,13:30,2026-02-19 13:30,25617.95,25620.55,25575.85,25591.3,4600708
2026-02-19,13:35,2026-02-19 13:35,25591.05,25606.8,25578.65,25600.95,3528911
2026-02-19,13:40,2026-02-19 13:40,25600.55,25608.9,25594.5,25600.55,2679161
2026-02-19,13:45,2026-02-19 13:45,25600.5,25605.7,25584.0,25587.3,7386012
2026-02-19,13:50,2026-02-19 13:50,25587.6,25591.25,25564.55,25579.95,3343465
2026-02-19,13:55,2026-02-19 13:55,25581.9,25582.7,25561.7,25562.45,2369140
2026-02-19,14:00,2026-02-19 14:00,25562.85,25569.2,25549.35,25552.5,4803557
2026-02-19,14:05,2026-02-19 14:05,25552.55,25568.4,25545.3,25566.65,3664533
2026-02-19,14:10,2026-02-19 14:10,25566.1,25577.45,25559.9,25571.4,3572706
2026-02-19,14:15,2026-02-19 14:15,25570.9,25601.7,25568.3,25598.6,4930827
2026-02-19,14:20,2026-02-19 14:20,25599.75,25609.95,25571.15,25580.95,5864870
2026-02-19,14:25,2026-02-19 14:25,25579.65,25580.45,25544.9,25547.1,2734326
2026-02-19,14:30,2026-02-19 14:30,25545.85,25572.05,25545.85,25564.55,2758596
2026-02-19,14:35,2026-02-19 14:35,25564.05,25575.55,25561.15,25567.9,2713310
2026-02-19,14:40,2026-02-19 14:40,25568.15,25573.15,25518.2,25518.25,4373456
2026-02-19,14:45,2026-02-19 14:45,25517.95,25522.2,25488.0,25515.9,6705611
2026-02-19,14:50,2026-02-19 14:50,25513.85,25525.6,25512.2,25522.7,3725332
2026-02-19,14:55,2026-02-19 14:55,25520.55,25535.4,25511.1,25523.35,3810189
2026-02-19,15:00,2026-02-19 15:00,25521.75,25521.75,25465.8,25504.65,14856989
2026-02-19,15:05,2026-02-19 15:05,25504.4,25512.3,25448.6,25489.4,11328744
2026-02-19,15:10,2026-02-19 15:10,25488.05,25498.95,25440.25,25447.6,12584679
2026-02-19,15:15,2026-02-19 15:15,25447.55,25447.55,25407.8,25410.15,12229529
2026-02-19,15:20,2026-02-19 15:20,25410.3,25412.95,25389.75,25404.45,11528252
2026-02-19,15:25,2026-02-19 15:25,25403.45,25419.3,25388.75,25416.45,11428477
2026-02-20,09:15,2026-02-20 09:15,25406.55,25485.85,25386.2,25452.9,15035956
2026-02-20,09:20,2026-02-20 09:20,25453.25,25479.45,25431.55,25431.55,6679269
2026-02-20,09:25,2026-02-20 09:25,25432.0,25432.0,25379.75,25382.1,5721108
2026-02-20,09:30,2026-02-20 09:30,25381.75,25468.85,25381.75,25466.35,5877769
2026-02-20,09:35,2026-02-20 09:35,25466.6,25479.4,25456.7,25469.15,6831163
2026-02-20,09:40,2026-02-20 09:40,25469.45,25486.9,25450.35,25482.3,3965630
2026-02-20,09:45,2026-02-20 09:45,25481.65,25515.35,25480.6,25507.9,3898000
2026-02-20,09:50,2026-02-20 09:50,25508.05,25524.4,25496.6,25504.05,3157460
2026-02-20,09:55,2026-02-20 09:55,25503.9,25524.7,25498.55,25520.8,2918697
2026-02-20,10:00,2026-02-20 10:00,25520.25,25523.45,25491.95,25496.35,3780872
2026-02-20,10:05,2026-02-20 10:05,25497.45,25512.6,25468.95,25475.1,3819597
2026-02-20,10:10,2026-02-20 10:10,25475.4,25501.8,25474.3,25480.45,3654461
2026-02-20,10:15,2026-02-20 10:15,25479.9,25543.7,25479.9,25538.05,3099440
2026-02-20,10:20,2026-02-20 10:20,25538.55,25555.05,25531.5,25544.85,3110240
2026-02-20,10:25,2026-02-20 10:25,25543.75,25572.65,25543.75,25550.8,3073258
2026-02-20,10:30,2026-02-20 10:30,25550.95,25578.5,25550.95,25570.85,3102225
2026-02-20,10:35,2026-02-20 10:35,25570.5,25578.4,25564.15,25578.4,2749833
2026-02-20,10:40,2026-02-20 10:40,25576.65,25603.8,25576.3,25596.65,2739934
2026-02-20,10:45,2026-02-20 10:45,25595.6,25606.5,25581.95,25588.75,2968719
2026-02-20,10:50,2026-02-20 10:50,25588.85,25593.95,25577.05,25587.95,2547892
2026-02-20,10:55,2026-02-20 10:55,25588.3,25593.85,25574.05,25584.2,2621454
2026-02-20,11:00,2026-02-20 11:00,25584.85,25590.3,25569.3,25579.2,3056656
2026-02-20,11:05,2026-02-20 11:05,25579.55,25586.35,25564.85,25571.0,3026488
2026-02-20,11:10,2026-02-20 11:10,25570.4,25583.9,25560.75,25561.85,2905353
2026-02-20,11:15,2026-02-20 11:15,25561.7,25582.95,25561.7,25577.8,2612694
2026-02-20,11:20,2026-02-20 11:20,25577.65,25583.2,25562.15,25568.85,2994501
2026-02-20,11:25,2026-02-20 11:25,25568.4,25597.05,25563.4,25585.5,3168978
2026-02-20,11:30,2026-02-20 11:30,25585.5,25602.6,25580.25,25593.9,2561348
2026-02-20,11:35,2026-02-20 11:35,25593.25,25605.2,25586.05,25599.65,2303626
2026-02-20,11:40,2026-02-20 11:40,25599.75,25607.2,25595.45,25600.85,2467423
2026-02-20,11:45,2026-02-20 11:45,25600.25,25620.7,25586.95,25592.4,2762887
2026-02-20,11:50,2026-02-20 11:50,25592.3,25600.85,25582.65,25583.85,3156494
2026-02-20,11:55,2026-02-20 11:55,25583.6,25610.75,25581.1,25598.15,2167125
2026-02-20,12:00,2026-02-20 12:00,25597.8,25602.05,25580.55,25587.3,2181493
2026-02-20,12:05,2026-02-20 12:05,25586.75,25594.05,25582.8,25592.8,2737594
2026-02-20,12:10,2026-02-20 12:10,25592.45,25604.5,25591.2,25603.1,1994678
2026-02-20,12:15,2026-02-20 12:15,25602.45,25640.1,25602.1,25634.9,4253248
2026-02-20,12:20,2026-02-20 12:20,25635.2,25651.55,25635.2,25648.1,3776413
2026-02-20,12:25,2026-02-20 12:25,25648.05,25663.55,25646.65,25653.45,4607068
2026-02-20,12:30,2026-02-20 12:30,25652.95,25658.35,25640.6,25643.0,2905636
2026-02-20,12:35,2026-02-20 12:35,25643.35,25649.2,25632.0,25632.75,2658119
2026-02-20,12:40,2026-02-20 12:40,25633.35,25636.95,25604.95,25606.8,3023604
2026-02-20,12:45,2026-02-20 12:45,25605.95,25623.85,25588.45,25608.55,3386854
2026-02-20,12:50,2026-02-20 12:50,25607.55,25613.7,25600.65,25612.25,2048746
2026-02-20,12:55,2026-02-20 12:55,25612.1,25613.2,25573.3,25594.6,3094237
2026-02-20,13:00,2026-02-20 13:00,25594.25,25609.75,25585.5,25587.9,2823172
2026-02-20,13:05,2026-02-20 13:05,25588.25,25588.9,25560.8,25561.95,2708613
2026-02-20,13:10,2026-02-20 13:10,25562.35,25566.3,25535.75,25554.6,4282989
2026-02-20,13:15,2026-02-20 13:15,25554.5,25559.15,25538.9,25546.3,4279654
2026-02-20,13:20,2026-02-20 13:20,25545.65,25551.45,25532.0,25549.85,3267891
2026-02-20,13:25,2026-02-20 13:25,25549.2,25573.3,25540.3,25568.5,2903650
2026-02-20,13:30,2026-02-20 13:30,25567.5,25593.5,25565.65,25593.5,3531389
2026-02-20,13:35,2026-02-20 13:35,25593.5,25609.6,25568.7,25573.2,3121647
2026-02-20,13:40,2026-02-20 13:40,25574.75,25580.1,25556.0,25573.0,2540244
2026-02-20,13:45,2026-02-20 13:45,25572.85,25587.4,25568.75,25580.9,2343500
2026-02-20,13:50,2026-02-20 13:50,25580.9,25583.25,25565.15,25565.2,1740600
2026-02-20,13:55,2026-02-20 13:55,25564.9,25602.9,25561.4,25601.15,2282840
2026-02-20,14:00,2026-02-20 14:00,25600.75,25611.8,25593.0,25593.0,2725304
2026-02-20,14:05,2026-02-20 14:05,25592.2,25601.85,25577.45,25596.15,2609713
2026-02-20,14:10,2026-02-20 14:10,25595.85,25602.15,25591.8,25602.15,3266644
2026-02-20,14:15,2026-02-20 14:15,25601.65,25632.8,25601.65,25630.55,3835977
2026-02-20,14:20,2026-02-20 14:20,25630.5,25634.15,25602.5,25604.55,3636553
2026-02-20,14:25,2026-02-20 14:25,25604.35,25607.3,25587.05,25591.1,4151794
2026-02-20,14:30,2026-02-20 14:30,25592.0,25604.85,25585.9,25600.75,3083575
2026-02-20,14:35,2026-02-20 14:35,25600.7,25617.45,25595.75,25607.75,3065423
2026-02-20,14:40,2026-02-20 14:40,25607.5,25637.6,25607.05,25625.55,3013225
2026-02-20,14:45,2026-02-20 14:45,25625.95,25652.85,25625.95,25649.85,3074102
2026-02-20,14:50,2026-02-20 14:50,25649.95,25650.6,25614.6,25632.55,3517803
2026-02-20,14:55,2026-02-20 14:55,25632.1,25642.8,25629.15,25642.8,3740830
2026-02-20,15:00,2026-02-20 15:00,25646.9,25649.65,25595.3,25598.0,10249610
2026-02-20,15:05,2026-02-20 15:05,25597.05,25598.8,25570.35,25574.2,10391333
2026-02-20,15:10,2026-02-20 15:10,25573.7,25576.05,25563.0,25571.95,11255774
2026-02-20,15:15,2026-02-20 15:15,25570.85,25572.6,25552.3,25554.45,12712146
2026-02-20,15:20,2026-02-20 15:20,25553.0,25568.35,25538.9,25567.0,13003207
2026-02-20,15:25,2026-02-20 15:25,25566.3,25577.45,25551.65,25565.9,11563530
2026-02-23,09:15,2026-02-23 09:15,25678.4,25707.1,25626.5,25697.4,14338250
2026-02-23,09:20,2026-02-23 09:20,25698.15,25741.2,25697.05,25736.3,7279060
2026-02-23,09:25,2026-02-23 09:25,25734.8,25767.9,25732.55,25759.05,5445022
2026-02-23,09:30,2026-02-23 09:30,25760.3,25771.45,25736.9,25740.4,5335410
2026-02-23,09:35,2026-02-23 09:35,25740.55,25768.25,25728.5,25728.7,4997842
2026-02-23,09:40,2026-02-23 09:40,25729.0,25740.5,25718.6,25730.25,5843974
2026-02-23,09:45,2026-02-23 09:45,25732.2,25749.0,25727.15,25740.6,4033627
2026-02-23,09:50,2026-02-23 09:50,25742.25,25746.65,25711.1,25717.9,4357183
2026-02-23,09:55,2026-02-23 09:55,25718.5,25743.95,25711.95,25728.65,4031405
2026-02-23,10:00,2026-02-23 10:00,25729.45,25735.5,25721.05,25729.55,3923990
2026-02-23,10:05,2026-02-23 10:05,25730.35,25737.45,25717.95,25727.2,4015526
2026-02-23,10:10,2026-02-23 10:10,25728.75,25731.25,25705.15,25717.35,4447693
2026-02-23,10:15,2026-02-23 10:15,25717.85,25733.7,25712.85,25727.9,3456315
2026-02-23,10:20,2026-02-23 10:20,25728.55,25733.0,25719.65,25726.3,3416325
2026-02-23,10:25,2026-02-23 10:25,25726.0,25726.0,25695.95,25706.45,3710875
2026-02-23,10:30,2026-02-23 10:30,25707.75,25709.65,25693.55,25700.1,3369025
2026-02-23,10:35,2026-02-23 10:35,25701.3,25706.35,25684.15,25689.6,3174731
2026-02-23,10:40,2026-02-23 10:40,25690.05,25690.5,25655.15,25656.95,4861433
2026-02-23,10:45,2026-02-23 10:45,25658.0,25664.2,25646.6,25653.65,4112786
2026-02-23,10:50,2026-02-23 10:50,25653.85,25677.7,25653.15,25671.8,8366742
2026-02-23,10:55,2026-02-23 10:55,25672.75,25676.95,25665.0,25667.85,3145935
2026-02-23,11:00,2026-02-23 11:00,25668.8,25692.0,25666.75,25683.15,3274985
2026-02-23,11:05,2026-02-23 11:05,25683.7,25684.05,25652.3,25680.5,3367948
2026-02-23,11:10,2026-02-23 11:10,25680.05,25697.95,25674.4,25696.1,2817645
2026-02-23,11:15,2026-02-23 11:15,25697.0,25699.2,25673.45,25673.45,2696861
2026-02-23,11:20,2026-02-23 11:20,25674.95,25678.4,25660.2,25663.2,2685463
2026-02-23,11:25,2026-02-23 11:25,25663.75,25666.0,25652.5,25662.0,2629438
2026-02-23,11:30,2026-02-23 11:30,25662.3,25662.4,25654.85,25655.05,5403540
2026-02-23,11:35,2026-02-23 11:35,25655.45,25670.85,25651.85,25668.6,3874590
2026-02-23,11:40,2026-02-23 11:40,25669.35,25671.2,25662.15,25667.65,2835695
2026-02-23,11:45,2026-02-23 11:45,25668.0,25671.2,25634.95,25648.7,4395649
2026-02-23,11:50,2026-02-23 11:50,25648.9,25664.75,25631.65,25658.8,3117205
2026-02-23,11:55,2026-02-23 11:55,25658.85,25666.45,25648.6,25649.45,3043741
2026-02-23,12:00,2026-02-23 12:00,25650.15,25664.4,25646.05,25660.5,4675911
2026-02-23,12:05,2026-02-23 12:05,25660.9,25673.35,25657.05,25664.75,3211065
2026-02-23,12:10,2026-02-23 12:10,25665.7,25673.3,25651.55,25661.6,3673029
2026-02-23,12:15,2026-02-23 12:15,25662.1,25682.95,25660.2,25669.95,3149442
2026-02-23,12:20,2026-02-23 12:20,25671.9,25673.5,25653.15,25654.75,3549236
2026-02-23,12:25,2026-02-23 12:25,25655.7,25658.95,25647.65,25651.9,2728857
2026-02-23,12:30,2026-02-23 12:30,25652.55,25655.55,25636.4,25653.85,7155350
2026-02-23,12:35,2026-02-23 12:35,25654.8,25664.1,25653.2,25660.75,3745092
2026-02-23,12:40,2026-02-23 12:40,25662.4,25685.0,25660.15,25685.0,4141096
2026-02-23,12:45,2026-02-23 12:45,25684.45,25690.85,25661.75,25662.7,3337857
2026-02-23,12:50,2026-02-23 12:50,25663.9,25668.95,25643.55,25655.75,4377104
2026-02-23,12:55,2026-02-23 12:55,25656.15,25657.65,25636.75,25638.05,3054311
2026-02-23,13:00,2026-02-23 13:00,25637.95,25643.15,25631.55,25639.5,2348747
2026-02-23,13:05,2026-02-23 13:05,25639.25,25654.9,25639.0,25649.1,2695607
2026-02-23,13:10,2026-02-23 13:10,25650.3,25657.6,25636.15,25636.7,4251293
2026-02-23,13:15,2026-02-23 13:15,25638.05,25653.25,25627.7,25644.85,3009092
2026-02-23,13:20,2026-02-23 13:20,25646.0,25659.0,25644.05,25655.1,2409485
2026-02-23,13:25,2026-02-23 13:25,25655.9,25668.45,25652.65,25667.45,3074275
2026-02-23,13:30,2026-02-23 13:30,25668.5,25680.3,25646.45,25648.05,3488669
2026-02-23,13:35,2026-02-23 13:35,25648.25,25652.6,25640.25,25647.15,3254283
2026-02-23,13:40,2026-02-23 13:40,25646.55,25666.75,25632.35,25663.1,3710850
2026-02-23,13:45,2026-02-23 13:45,25664.75,25669.4,25652.2,25653.0,2601348
2026-02-23,13:50,2026-02-23 13:50,25653.85,25660.7,25650.75,25652.75,2189030
2026-02-23,13:55,2026-02-23 13:55,25653.1,25656.35,25637.95,25638.4,2356801
2026-02-23,14:00,2026-02-23 14:00,25638.45,25643.0,25609.35,25623.65,3845910
2026-02-23,14:05,2026-02-23 14:05,25624.5,25638.3,25618.5,25627.25,2875807
2026-02-23,14:10,2026-02-23 14:10,25627.55,25633.3,25615.0,25630.7,3048224
2026-02-23,14:15,2026-02-23 14:15,25631.0,25644.35,25619.75,25643.55,3101312
2026-02-23,14:20,2026-02-23 14:20,25643.45,25651.35,25638.5,25648.0,2612657
2026-02-23,14:25,2026-02-23 14:25,25648.0,25673.95,25641.45,25673.65,3136930
2026-02-23,14:30,2026-02-23 14:30,25673.9,25709.45,25673.35,25694.3,5102872
2026-02-23,14:35,2026-02-23 14:35,25695.0,25702.75,25676.55,25680.05,3413585
2026-02-23,14:40,2026-02-23 14:40,25681.1,25684.2,25661.75,25670.05,3372014
2026-02-23,14:45,2026-02-23 14:45,25671.05,25699.75,25668.1,25697.95,3833584
2026-02-23,14:50,2026-02-23 14:50,25699.8,25699.85,25672.8,25679.15,3050090
2026-02-23,14:55,2026-02-23 14:55,25680.3,25683.55,25669.6,25674.15,4374163
2026-02-23,15:00,2026-02-23 15:00,25678.45,25724.3,25678.45,25718.25,21175028
2026-02-23,15:05,2026-02-23 15:05,25718.25,25728.95,25708.9,25710.2,20684230
2026-02-23,15:10,2026-02-23 15:10,25710.45,25717.95,25705.7,25712.1,22529707
2026-02-23,15:15,2026-02-23 15:15,25711.3,25722.4,25709.2,25716.25,21583996
2026-02-23,15:20,2026-02-23 15:20,25715.6,25719.3,25705.5,25719.3,22319731
2026-02-23,15:25,2026-02-23 15:25,25717.7,25722.5,25700.0,25704.0,18193718
2026-02-24,09:15,2026-02-24 09:15,25641.8,25641.8,25570.55,25571.45,20619928
2026-02-24,09:20,2026-02-24 09:20,25571.25,25581.4,25548.7,25560.0,9527710
2026-02-24,09:25,2026-02-24 09:25,25559.4,25570.5,25547.15,25548.65,7003009
2026-02-24,09:30,2026-02-24 09:30,25548.6,25549.75,25507.75,25513.9,7656320
2026-02-24,09:35,2026-02-24 09:35,25512.8,25528.45,25506.2,25508.15,7141359
2026-02-24,09:40,2026-02-24 09:40,25507.65,25514.55,25482.85,25499.45,7272412
2026-02-24,09:45,2026-02-24 09:45,25500.3,25535.6,25497.35,25525.35,6877969
2026-02-24,09:50,2026-02-24 09:50,25525.25,25526.3,25494.95,25511.6,3718690
2026-02-24,09:55,2026-02-24 09:55,25511.65,25520.4,25510.1,25516.35,3983914
2026-02-24,10:00,2026-02-24 10:00,25516.5,25525.3,25506.85,25514.05,4168085
2026-02-24,10:05,2026-02-24 10:05,25513.25,25532.65,25513.0,25516.25,3934794
2026-02-24,10:10,2026-02-24 10:10,25515.7,25517.55,25483.8,25484.7,4226176
2026-02-24,10:15,2026-02-24 10:15,25484.0,25501.45,25474.35,25500.3,4017347
2026-02-24,10:20,2026-02-24 10:20,25500.5,25515.0,25487.3,25488.5,3893422
2026-02-24,10:25,2026-02-24 10:25,25487.85,25499.8,25486.6,25495.5,3697382
2026-02-24,10:30,2026-02-24 10:30,25495.1,25510.35,25493.55,25500.7,3394983
2026-02-24,10:35,2026-02-24 10:35,25499.65,25508.25,25499.45,25504.0,3289322
2026-02-24,10:40,2026-02-24 10:40,25503.85,25513.25,25492.5,25498.1,2988720
2026-02-24,10:45,2026-02-24 10:45,25497.9,25499.65,25471.6,25472.45,4217664
2026-02-24,10:50,2026-02-24 10:50,25472.05,25481.15,25460.7,25465.35,2947964
2026-02-24,10:55,2026-02-24 10:55,25465.65,25476.3,25462.4,25471.5,3656503
2026-02-24,11:00,2026-02-24 11:00,25470.35,25487.85,25470.35,25484.65,3288978
2026-02-24,11:05,2026-02-24 11:05,25484.55,25501.1,25480.4,25495.55,3978916
2026-02-24,11:10,2026-02-24 11:10,25495.5,25512.5,25494.45,25505.85,4052339
2026-02-24,11:15,2026-02-24 11:15,25505.7,25512.05,25497.1,25509.25,3500810
2026-02-24,11:20,2026-02-24 11:20,25508.15,25519.15,25503.55,25504.45,3145156
2026-02-24,11:25,2026-02-24 11:25,25504.3,25519.35,25503.65,25518.15,3097844
2026-02-24,11:30,2026-02-24 11:30,25517.1,25520.7,25501.55,25506.55,4725525
2026-02-24,11:35,2026-02-24 11:35,25506.55,25524.5,25503.85,25522.2,4543054
2026-02-24,11:40,2026-02-24 11:40,25523.35,25525.2,25500.6,25501.55,3770740
2026-02-24,11:45,2026-02-24 11:45,25500.6,25503.45,25489.1,25499.2,4489936
2026-02-24,11:50,2026-02-24 11:50,25498.15,25498.75,25488.55,25488.85,3547834
2026-02-24,11:55,2026-02-24 11:55,25488.1,25493.4,25471.7,25472.55,5065816
2026-02-24,12:00,2026-02-24 12:00,25472.05,25474.25,25455.65,25462.9,4464356
2026-02-24,12:05,2026-02-24 12:05,25462.75,25476.15,25456.7,25458.4,5906113
2026-02-24,12:10,2026-02-24 12:10,25458.4,25470.55,25446.95,25466.05,4356423
2026-02-24,12:15,2026-02-24 12:15,25464.5,25466.95,25441.75,25446.3,4211305
2026-02-24,12:20,2026-02-24 12:20,25445.05,25448.85,25418.9,25421.05,4513078
2026-02-24,12:25,2026-02-24 12:25,25420.9,25434.05,25416.85,25429.25,4143184
2026-02-24,12:30,2026-02-24 12:30,25429.3,25433.1,25421.4,25428.8,4185994
2026-02-24,12:35,2026-02-24 12:35,25428.15,25439.8,25426.5,25427.5,4249455
2026-02-24,12:40,2026-02-24 12:40,25428.5,25432.3,25415.1,25418.05,3504210
2026-02-24,12:45,2026-02-24 12:45,25417.3,25420.8,25387.2,25392.55,5178498
2026-02-24,12:50,2026-02-24 12:50,25392.8,25401.7,25387.45,25401.7,4427177
2026-02-24,12:55,2026-02-24 12:55,25401.35,25408.25,25395.7,25404.7,3691298
2026-02-24,13:00,2026-02-24 13:00,25405.05,25425.0,25396.5,25421.9,4230885
2026-02-24,13:05,2026-02-24 13:05,25421.65,25422.6,25411.1,25418.55,3632408
2026-02-24,13:10,2026-02-24 13:10,25418.8,25433.25,25415.25,25424.6,4452739
2026-02-24,13:15,2026-02-24 13:15,25424.6,25425.75,25410.15,25422.6,3706464
2026-02-24,13:20,2026-02-24 13:20,25421.85,25424.0,25398.2,25398.95,3210245
2026-02-24,13:25,2026-02-24 13:25,25397.75,25408.05,25377.9,25378.65,4872257
2026-02-24,13:30,2026-02-24 13:30,25378.95,25380.2,25336.5,25339.85,5784007
2026-02-24,13:35,2026-02-24 13:35,25339.85,25380.15,25327.6,25377.85,5906404
2026-02-24,13:40,2026-02-24 13:40,25377.65,25379.2,25358.65,25365.45,4627515
2026-02-24,13:45,2026-02-24 13:45,25365.9,25374.8,25359.4,25363.95,3781334
2026-02-24,13:50,2026-02-24 13:50,25363.05,25375.65,25359.3,25374.65,2851459
2026-02-24,13:55,2026-02-24 13:55,25373.9,25416.15,25373.9,25411.95,8118472
2026-02-24,14:00,2026-02-24 14:00,25412.1,25414.5,25384.5,25388.75,5512165
2026-02-24,14:05,2026-02-24 14:05,25388.35,25411.5,25382.05,25409.9,3898949
2026-02-24,14:10,2026-02-24 14:10,25409.25,25443.55,25407.25,25440.5,6453738
2026-02-24,14:15,2026-02-24 14:15,25440.05,25446.1,25418.0,25434.2,7115888
2026-02-24,14:20,2026-02-24 14:20,25434.75,25436.55,25391.9,25405.1,8295205
2026-02-24,14:25,2026-02-24 14:25,25406.45,25421.5,25403.0,25408.85,6665723
2026-02-24,14:30,2026-02-24 14:30,25407.95,25413.6,25389.8,25397.3,4093512
2026-02-24,14:35,2026-02-24 14:35,25395.55,25425.2,25395.1,25417.0,4290539
2026-02-24,14:40,2026-02-24 14:40,25417.4,25423.5,25381.25,25381.25,7589496
2026-02-24,14:45,2026-02-24 14:45,25380.45,25403.35,25361.9,25396.05,8073640
2026-02-24,14:50,2026-02-24 14:50,25395.4,25423.3,25395.4,25412.8,7913069
2026-02-24,14:55,2026-02-24 14:55,25412.65,25427.75,25411.5,25424.85,6636741
2026-02-24,15:00,2026-02-24 15:00,25425.05,25443.6,25406.35,25406.85,16769683
2026-02-24,15:05,2026-02-24 15:05,25406.9,25422.4,25401.15,25413.75,17252703
2026-02-24,15:10,2026-02-24 15:10,25413.1,25426.1,25409.2,25421.2,18237052
2026-02-24,15:15,2026-02-24 15:15,25422.2,25436.45,25416.65,25435.55,17877461
2026-02-24,15:20,2026-02-24 15:20,25435.9,25441.5,25429.45,25441.1,18136480
2026-02-24,15:25,2026-02-24 15:25,25442.35,25464.55,25435.75,25460.25,14175415
2026-02-24,15:30,2026-02-24 15:30,25459.35,25459.35,25459.35,25459.35,1846927
2026-02-25,09:15,2026-02-25 09:15,25512.6,25581.7,25507.9,25561.8,19388271
2026-02-25,09:20,2026-02-25 09:20,25562.2,25575.15,25552.85,25568.5,9353607
2026-02-25,09:25,2026-02-25 09:25,25568.8,25594.95,25567.15,25582.9,6936167
2026-02-25,09:30,2026-02-25 09:30,25584.85,25585.9,25559.1,25579.05,8790959
2026-02-25,09:35,2026-02-25 09:35,25578.8,25587.8,25568.55,25569.2,6962295
2026-02-25,09:40,2026-02-25 09:40,25570.45,25585.0,25560.75,25561.75,5161407
2026-02-25,09:45,2026-02-25 09:45,25561.65,25587.4,25560.5,25575.95,7512068
2026-02-25,09:50,2026-02-25 09:50,25576.75,25587.35,25559.15,25574.0,4113912
2026-02-25,09:55,2026-02-25 09:55,25573.2,25603.4,25572.9,25600.6,7099273
2026-02-25,10:00,2026-02-25 10:00,25600.85,25622.85,25594.8,25618.2,5828386
2026-02-25,10:05,2026-02-25 10:05,25617.5,25631.9,25617.5,25629.85,5718109
2026-02-25,10:10,2026-02-25 10:10,25628.75,25633.25,25618.9,25631.75,5512802
2026-02-25,10:15,2026-02-25 10:15,25631.6,25652.6,25631.6,25639.4,4652625
2026-02-25,10:20,2026-02-25 10:20,25638.9,25639.9,25629.95,25630.9,4809787
2026-02-25,10:25,2026-02-25 10:25,25630.7,25639.65,25630.7,25635.2,7633819
2026-02-25,10:30,2026-02-25 10:30,25635.0,25645.05,25633.5,25643.3,6775602
2026-02-25,10:35,2026-02-25 10:35,25643.65,25649.65,25626.2,25634.05,4486318
2026-02-25,10:40,2026-02-25 10:40,25634.15,25635.5,25618.9,25619.9,4081690
2026-02-25,10:45,2026-02-25 10:45,25619.05,25625.4,25607.5,25616.6,3532695
2026-02-25,10:50,2026-02-25 10:50,25616.65,25628.15,25613.4,25620.15,3293027
2026-02-25,10:55,2026-02-25 10:55,25621.1,25624.05,25611.45,25612.35,3391540
2026-02-25,11:00,2026-02-25 11:00,25614.1,25626.75,25613.2,25615.05,2998073
2026-02-25,11:05,2026-02-25 11:05,25616.35,25630.8,25614.15,25621.05,3057558
2026-02-25,11:10,2026-02-25 11:10,25621.2,25630.05,25608.55,25616.0,2846338
2026-02-25,11:15,2026-02-25 11:15,25615.5,25620.0,25602.3,25607.1,2758691
2026-02-25,11:20,2026-02-25 11:20,25608.1,25611.4,25597.6,25608.6,2592554
2026-02-25,11:25,2026-02-25 11:25,25607.85,25617.5,25606.8,25613.3,2903013
2026-02-25,11:30,2026-02-25 11:30,25613.3,25615.25,25599.95,25602.15,3194164
2026-02-25,11:35,2026-02-25 11:35,25603.2,25609.9,25601.95,25605.15,2850744
2026-02-25,11:40,2026-02-25 11:40,25604.75,25606.1,25581.05,25588.0,3534991
2026-02-25,11:45,2026-02-25 11:45,25589.85,25619.0,25589.85,25617.65,6753315
2026-02-25,11:50,2026-02-25 11:50,25618.25,25622.2,25606.75,25607.45,3561535
2026-02-25,11:55,2026-02-25 11:55,25608.65,25609.2,25586.3,25595.1,3952444
2026-02-25,12:00,2026-02-25 12:00,25592.65,25611.45,25592.65,25611.45,3195287
2026-02-25,12:05,2026-02-25 12:05,25610.2,25614.25,25598.45,25606.5,3390219
2026-02-25,12:10,2026-02-25 12:10,25606.05,25609.1,25591.9,25600.2,4569948
2026-02-25,12:15,2026-02-25 12:15,25599.7,25615.5,25599.7,25606.75,6267410
2026-02-25,12:20,2026-02-25 12:20,25608.5,25609.65,25588.65,25599.45,4482140
2026-02-25,12:25,2026-02-25 12:25,25599.5,25599.85,25588.55,25592.5,2871944
2026-02-25,12:30,2026-02-25 12:30,25591.95,25596.75,25534.75,25536.2,5033781
2026-02-25,12:35,2026-02-25 12:35,25535.45,25537.85,25504.9,25528.6,6176788
2026-02-25,12:40,2026-02-25 12:40,25528.85,25530.25,25501.85,25504.3,4765559
2026-02-25,12:45,2026-02-25 12:45,25504.5,25505.15,25467.8,25467.85,5549169
2026-02-25,12:50,2026-02-25 12:50,25464.25,25490.85,25461.25,25480.1,4273069
2026-02-25,12:55,2026-02-25 12:55,25479.0,25491.45,25465.6,25472.2,2809910
2026-02-25,13:00,2026-02-25 13:00,25471.65,25472.45,25440.05,25462.05,3978476
2026-02-25,13:05,2026-02-25 13:05,25461.2,25469.9,25444.9,25463.15,4090371
2026-02-25,13:10,2026-02-25 13:10,25463.8,25476.5,25461.4,25462.6,2851312
2026-02-25,13:15,2026-02-25 13:15,25462.4,25479.45,25457.7,25478.5,4564323
2026-02-25,13:20,2026-02-25 13:20,25478.45,25485.2,25455.0,25456.35,3907599
2026-02-25,13:25,2026-02-25 13:25,25455.7,25461.15,25428.2,25460.3,5327325
2026-02-25,13:30,2026-02-25 13:30,25460.1,25480.95,25460.1,25461.25,4272785
2026-02-25,13:35,2026-02-25 13:35,25461.3,25479.25,25460.1,25466.4,3387898
2026-02-25,13:40,2026-02-25 13:40,25467.3,25469.4,25461.75,25462.05,3139108
2026-02-25,13:45,2026-02-25 13:45,25462.35,25469.85,25450.5,25467.4,4175666
2026-02-25,13:50,2026-02-25 13:50,25467.55,25474.8,25463.2,25473.2,3683481
2026-02-25,13:55,2026-02-25 13:55,25473.8,25474.7,25466.05,25472.65,3183523
2026-02-25,14:00,2026-02-25 14:00,25473.05,25473.05,25439.3,25443.9,4940338
2026-02-25,14:05,2026-02-25 14:05,25445.3,25453.5,25430.15,25435.65,3651133
2026-02-25,14:10,2026-02-25 14:10,25436.4,25464.95,25436.3,25457.1,3606332
2026-02-25,14:15,2026-02-25 14:15,25457.3,25495.75,25454.85,25493.8,5403260
2026-02-25,14:20,2026-02-25 14:20,25494.2,25502.45,25472.4,25473.0,6350986
2026-02-25,14:25,2026-02-25 14:25,25473.35,25475.65,25448.55,25448.55,6677818
2026-02-25,14:30,2026-02-25 14:30,25449.5,25480.85,25449.5,25475.7,4396277
2026-02-25,14:35,2026-02-25 14:35,25476.35,25482.6,25474.9,25477.95,10370262
2026-02-25,14:40,2026-02-25 14:40,25478.25,25478.6,25457.95,25471.45,5170020
2026-02-25,14:45,2026-02-25 14:45,25471.6,25473.35,25446.15,25450.35,4980081
2026-02-25,14:50,2026-02-25 14:50,25451.05,25460.7,25439.95,25458.35,4380685
2026-02-25,14:55,2026-02-25 14:55,25459.6,25473.55,25452.6,25468.25,4576437
2026-02-25,15:00,2026-02-25 15:00,25469.8,25506.55,25469.8,25501.0,12821102
2026-02-25,15:05,2026-02-25 15:05,25499.9,25501.4,25480.25,25483.35,13075957
2026-02-25,15:10,2026-02-25 15:10,25482.7,25485.75,25469.5,25478.5,10009132
2026-02-25,15:15,2026-02-25 15:15,25477.05,25485.2,25473.1,25481.4,11753893
2026-02-25,15:20,2026-02-25 15:20,25481.25,25482.8,25473.8,25475.05,12265438
2026-02-25,15:25,2026-02-25 15:25,25475.85,25488.25,25471.05,25478.65,10925188
2026-02-25,15:30,2026-02-25 15:30,25478.65,25478.65,25478.65,25478.65,1793999
2026-02-26,09:15,2026-02-26 09:15,25556.3,25567.6,25524.25,25535.1,19561931
2026-02-26,09:20,2026-02-26 09:20,25534.3,25543.1,25488.95,25498.45,9208104
2026-02-26,09:25,2026-02-26 09:25,25499.1,25519.0,25487.85,25504.45,5729943
2026-02-26,09:30,2026-02-26 09:30,25505.15,25519.7,25492.1,25518.8,4868157
2026-02-26,09:35,2026-02-26 09:35,25518.85,25547.45,25516.4,25545.0,5473517
2026-02-26,09:40,2026-02-26 09:40,25543.3,25556.3,25538.8,25555.9,4798440
2026-02-26,09:45,2026-02-26 09:45,25555.3,25565.6,25547.05,25557.2,5033795
2026-02-26,09:50,2026-02-26 09:50,25557.3,25559.45,25508.2,25510.6,4592046
2026-02-26,09:55,2026-02-26 09:55,25509.8,25520.6,25500.1,25518.35,4113683
2026-02-26,10:00,2026-02-26 10:00,25517.95,25543.8,25516.75,25543.8,3190836
2026-02-26,10:05,2026-02-26 10:05,25543.25,25563.3,25540.25,25563.3,3865627
2026-02-26,10:10,2026-02-26 10:10,25561.95,25572.95,25556.25,25558.25,3192558
2026-02-26,10:15,2026-02-26 10:15,25558.6,25562.0,25544.5,25560.75,3647455
2026-02-26,10:20,2026-02-26 10:20,25560.55,25561.7,25534.8,25538.4,4560504
2026-02-26,10:25,2026-02-26 10:25,25537.65,25550.25,25519.55,25526.95,4629367
2026-02-26,10:30,2026-02-26 10:30,25526.55,25544.35,25523.55,25536.6,3602002
2026-02-26,10:35,2026-02-26 10:35,25538.95,25542.3,25523.2,25529.3,4556456
2026-02-26,10:40,2026-02-26 10:40,25527.6,25539.85,25521.55,25531.8,4153754
2026-02-26,10:45,2026-02-26 10:45,25532.8,25551.55,25527.1,25548.15,3480851
2026-02-26,10:50,2026-02-26 10:50,25545.45,25548.05,25525.75,25525.75,3940559
2026-02-26,10:55,2026-02-26 10:55,25527.15,25528.65,25505.45,25509.95,4365164
2026-02-26,11:00,2026-02-26 11:00,25506.9,25523.45,25491.7,25521.8,3596201
2026-02-26,11:05,2026-02-26 11:05,25520.75,25522.55,25509.5,25513.55,2692397
2026-02-26,11:10,2026-02-26 11:10,25513.25,25530.45,25509.5,25523.25,2635399
2026-02-26,11:15,2026-02-26 11:15,25522.75,25538.85,25517.45,25534.45,2551895
2026-02-26,11:20,2026-02-26 11:20,25533.7,25541.1,25526.05,25540.65,4478473
2026-02-26,11:25,2026-02-26 11:25,25541.4,25570.85,25535.2,25536.75,4284398
2026-02-26,11:30,2026-02-26 11:30,25535.35,25537.25,25512.55,25521.35,3569156
2026-02-26,11:35,2026-02-26 11:35,25522.1,25524.0,25495.75,25502.75,3625498
2026-02-26,11:40,2026-02-26 11:40,25501.7,25501.75,25458.05,25461.35,5186160
2026-02-26,11:45,2026-02-26 11:45,25460.35,25490.45,25451.5,25483.35,5055470
2026-02-26,11:50,2026-02-26 11:50,25483.95,25490.65,25463.05,25469.65,4887882
2026-02-26,11:55,2026-02-26 11:55,25468.9,25470.65,25446.55,25453.4,3043704
2026-02-26,12:00,2026-02-26 12:00,25453.3,25472.45,25450.9,25470.2,3013587
2026-02-26,12:05,2026-02-26 12:05,25469.75,25481.7,25466.85,25472.55,3257417
2026-02-26,12:10,2026-02-26 12:10,25471.85,25475.3,25456.25,25459.3,3764315
2026-02-26,12:15,2026-02-26 12:15,25458.05,25468.5,25439.45,25447.4,4498245
2026-02-26,12:20,2026-02-26 12:20,25446.7,25446.75,25400.95,25432.4,8844094
2026-02-26,12:25,2026-02-26 12:25,25432.85,25445.45,25425.25,25430.7,3443020
2026-02-26,12:30,2026-02-26 12:30,25430.85,25445.4,25426.4,25436.1,3987219
2026-02-26,12:35,2026-02-26 12:35,25435.4,25449.7,25431.3,25445.4,4157869
2026-02-26,12:40,2026-02-26 12:40,25445.25,25461.15,25438.35,25459.95,4753530
2026-02-26,12:45,2026-02-26 12:45,25457.45,25460.7,25441.8,25452.6,3191376
2026-02-26,12:50,2026-02-26 12:50,25451.55,25452.75,25426.65,25430.75,4258405
2026-02-26,12:55,2026-02-26 12:55,25432.25,25432.35,25412.05,25414.8,5561376
2026-02-26,13:00,2026-02-26 13:00,25415.4,25452.25,25413.75,25451.75,3807053
2026-02-26,13:05,2026-02-26 13:05,25451.35,25453.3,25430.5,25436.6,3600457
2026-02-26,13:10,2026-02-26 13:10,25436.7,25437.4,25427.05,25428.55,3735401
2026-02-26,13:15,2026-02-26 13:15,25428.2,25430.8,25403.4,25420.65,4372017
2026-02-26,13:20,2026-02-26 13:20,25420.35,25438.3,25414.1,25438.05,3128253
2026-02-26,13:25,2026-02-26 13:25,25437.5,25454.75,25432.0,25438.0,4930362
2026-02-26,13:30,2026-02-26 13:30,25437.3,25449.3,25430.65,25432.85,2649826
2026-02-26,13:35,2026-02-26 13:35,25434.45,25447.15,25432.8,25439.35,2455333
2026-02-26,13:40,2026-02-26 13:40,25439.35,25448.15,25435.1,25438.2,2735397
2026-02-26,13:45,2026-02-26 13:45,25438.05,25445.2,25417.4,25418.8,4804388
2026-02-26,13:50,2026-02-26 13:50,25418.65,25447.75,25415.1,25441.95,5557755
2026-02-26,13:55,2026-02-26 13:55,25443.2,25450.9,25431.65,25440.8,4590570
2026-02-26,14:00,2026-02-26 14:00,25440.8,25447.25,25419.35,25427.45,3674112
2026-02-26,14:05,2026-02-26 14:05,25425.3,25440.35,25406.15,25439.95,3654037
2026-02-26,14:10,2026-02-26 14:10,25440.1,25460.55,25438.95,25453.45,3911598
2026-02-26,14:15,2026-02-26 14:15,25456.65,25463.15,25442.2,25445.1,2642293
2026-02-26,14:20,2026-02-26 14:20,25446.7,25452.4,25428.15,25430.15,3027879
2026-02-26,14:25,2026-02-26 14:25,25429.55,25449.4,25427.0,25442.15,5291272
2026-02-26,14:30,2026-02-26 14:30,25441.65,25462.5,25431.85,25462.45,6534848
2026-02-26,14:35,2026-02-26 14:35,25462.45,25478.0,25459.0,25471.25,4358450
2026-02-26,14:40,2026-02-26 14:40,25473.8,25513.0,25472.1,25513.0,6790481
2026-02-26,14:45,2026-02-26 14:45,25514.8,25527.15,25503.7,25510.65,9185996
2026-02-26,14:50,2026-02-26 14:50,25510.0,25522.15,25486.45,25504.55,6897888
2026-02-26,14:55,2026-02-26 14:55,25504.7,25511.6,25492.05,25501.85,5497970
2026-02-26,15:00,2026-02-26 15:00,25503.65,25524.85,25477.55,25486.0,16402124
2026-02-26,15:05,2026-02-26 15:05,25485.25,25507.25,25485.25,25503.3,13251819
2026-02-26,15:10,2026-02-26 15:10,25500.95,25504.0,25475.5,25486.15,13830096
2026-02-26,15:15,2026-02-26 15:15,25486.95,25502.3,25483.8,25496.1,13160463
2026-02-26,15:20,2026-02-26 15:20,25496.85,25503.25,25492.7,25498.6,14935836
2026-02-26,15:25,2026-02-26 15:25,25499.0,25501.85,25482.95,25493.3,12892808
2026-02-27,09:15,2026-02-27 09:15,25459.85,25476.4,25379.4,25395.4,18811980
2026-02-27,09:20,2026-02-27 09:20,25394.8,25417.3,25381.3,25399.65,7618950
2026-02-27,09:25,2026-02-27 09:25,25398.45,25417.7,25363.4,25364.55,7985162
2026-02-27,09:30,2026-02-27 09:30,25365.1,25383.55,25363.0,25367.2,5543906
2026-02-27,09:35,2026-02-27 09:35,25367.15,25383.4,25351.2,25383.4,5898280
2026-02-27,09:40,2026-02-27 09:40,25383.1,25383.65,25358.05,25364.4,4607936
2026-02-27,09:45,2026-02-27 09:45,25363.8,25364.35,25345.65,25347.35,4104874
2026-02-27,09:50,2026-02-27 09:50,25347.45,25353.9,25334.3,25336.05,4060904
2026-02-27,09:55,2026-02-27 09:55,25336.1,25348.15,25328.75,25330.0,3591706
2026-02-27,10:00,2026-02-27 10:00,25330.3,25334.15,25322.95,25327.25,4150318
2026-02-27,10:05,2026-02-27 10:05,25328.2,25328.2,25308.6,25320.0,3365616
2026-02-27,10:10,2026-02-27 10:10,25319.7,25332.5,25318.7,25322.6,3484508
2026-02-27,10:15,2026-02-27 10:15,25321.95,25324.0,25300.9,25302.8,2513043
2026-02-27,10:20,2026-02-27 10:20,25303.1,25319.75,25292.4,25314.8,3086535
2026-02-27,10:25,2026-02-27 10:25,25314.9,25333.0,25314.9,25324.3,2717621
2026-02-27,10:30,2026-02-27 10:30,25324.35,25337.05,25319.15,25327.0,2944400
2026-02-27,10:35,2026-02-27 10:35,25327.35,25346.45,25323.45,25335.3,2735213
2026-02-27,10:40,2026-02-27 10:40,25335.2,25337.5,25313.95,25315.25,3187714
2026-02-27,10:45,2026-02-27 10:45,25315.25,25326.65,25307.65,25322.9,2677710
2026-02-27,10:50,2026-02-27 10:50,25322.9,25325.75,25308.05,25310.9,2607418
2026-02-27,10:55,2026-02-27 10:55,25310.8,25318.0,25304.25,25304.65,3066028
2026-02-27,11:00,2026-02-27 11:00,25305.35,25322.95,25305.15,25322.95,3614176
2026-02-27,11:05,2026-02-27 11:05,25322.45,25338.2,25322.45,25336.6,3449429
2026-02-27,11:10,2026-02-27 11:10,25335.55,25337.25,25322.55,25335.0,4354505
2026-02-27,11:15,2026-02-27 11:15,25334.55,25341.65,25322.5,25325.35,2949920
2026-02-27,11:20,2026-02-27 11:20,25325.55,25327.05,25312.3,25319.25,2795674
2026-02-27,11:25,2026-02-27 11:25,25319.25,25321.2,25302.8,25306.85,2969549
2026-02-27,11:30,2026-02-27 11:30,25307.9,25308.75,25284.45,25284.5,3861899
2026-02-27,11:35,2026-02-27 11:35,25284.55,25291.1,25271.75,25281.85,3086454
2026-02-27,11:40,2026-02-27 11:40,25282.3,25296.35,25279.15,25295.1,3141544
2026-02-27,11:45,2026-02-27 11:45,25295.15,25305.5,25295.15,25302.0,2220129
2026-02-27,11:50,2026-02-27 11:50,25302.25,25314.2,25297.55,25306.8,2264764
2026-02-27,11:55,2026-02-27 11:55,25306.45,25317.75,25298.4,25313.4,3188858
2026-02-27,12:00,2026-02-27 12:00,25313.4,25328.8,25309.85,25312.8,3050969
2026-02-27,12:05,2026-02-27 12:05,25312.65,25315.75,25290.35,25293.1,2627338
2026-02-27,12:10,2026-02-27 12:10,25292.7,25297.1,25284.8,25284.95,2618746
2026-02-27,12:15,2026-02-27 12:15,25285.35,25288.45,25278.75,25284.55,2943580
2026-02-27,12:20,2026-02-27 12:20,25284.4,25298.75,25270.05,25272.95,2999353
2026-02-27,12:25,2026-02-27 12:25,25273.2,25313.15,25273.2,25300.6,2693216
2026-02-27,12:30,2026-02-27 12:30,25300.55,25309.05,25289.7,25290.9,2798603
2026-02-27,12:35,2026-02-27 12:35,25290.4,25294.35,25282.25,25282.25,2645520
2026-02-27,12:40,2026-02-27 12:40,25282.55,25286.5,25274.45,25277.2,3255677
2026-02-27,12:45,2026-02-27 12:45,25276.75,25293.7,25268.7,25282.25,2549697
2026-02-27,12:50,2026-02-27 12:50,25282.15,25295.1,25281.25,25283.3,2496967
2026-02-27,12:55,2026-02-27 12:55,25283.2,25285.55,25273.7,25276.95,2363131
2026-02-27,13:00,2026-02-27 13:00,25277.15,25283.55,25274.25,25278.7,2145338
2026-02-27,13:05,2026-02-27 13:05,25278.9,25296.85,25278.9,25293.05,2222716
2026-02-27,13:10,2026-02-27 13:10,25293.3,25295.7,25287.35,25289.7,2739139
2026-02-27,13:15,2026-02-27 13:15,25288.8,25292.95,25283.55,25284.25,2508614
2026-02-27,13:20,2026-02-27 13:20,25284.0,25290.7,25281.65,25286.95,2265648
2026-02-27,13:25,2026-02-27 13:25,25287.55,25300.95,25287.55,25300.75,3123732
2026-02-27,13:30,2026-02-27 13:30,25300.2,25302.1,25293.0,25293.0,2015642
2026-02-27,13:35,2026-02-27 13:35,25292.75,25307.15,25286.95,25296.5,2725457
2026-02-27,13:40,2026-02-27 13:40,25296.35,25313.75,25295.8,25300.75,2394327
2026-02-27,13:45,2026-02-27 13:45,25300.25,25328.55,25300.25,25327.65,2699024
2026-02-27,13:50,2026-02-27 13:50,25327.2,25328.3,25312.1,25321.05,2310975
2026-02-27,13:55,2026-02-27 13:55,25321.15,25343.95,25320.65,25343.15,3531495
2026-02-27,14:00,2026-02-27 14:00,25342.6,25352.05,25323.95,25325.8,3445763
2026-02-27,14:05,2026-02-27 14:05,25325.6,25332.45,25315.7,25332.0,3317988
2026-02-27,14:10,2026-02-27 14:10,25331.95,25340.3,25320.2,25324.55,2989499
2026-02-27,14:15,2026-02-27 14:15,25324.2,25327.35,25320.7,25323.75,2219547
2026-02-27,14:20,2026-02-27 14:20,25323.2,25328.9,25316.9,25318.5,2899194
2026-02-27,14:25,2026-02-27 14:25,25318.65,25319.05,25291.05,25293.55,3215806
2026-02-27,14:30,2026-02-27 14:30,25293.55,25303.95,25287.0,25293.95,3306947
2026-02-27,14:35,2026-02-27 14:35,25293.75,25310.1,25293.7,25298.25,3494715
2026-02-27,14:40,2026-02-27 14:40,25298.65,25303.35,25289.65,25293.8,3605451
2026-02-27,14:45,2026-02-27 14:45,25294.1,25301.0,25287.8,25300.75,4767767
2026-02-27,14:50,2026-02-27 14:50,25301.55,25304.95,25290.5,25300.5,4956211
2026-02-27,14:55,2026-02-27 14:55,25300.55,25314.8,25294.7,25312.4,4307804
2026-02-27,15:00,2026-02-27 15:00,25309.45,25309.45,25178.6,25183.5,37074931
2026-02-27,15:05,2026-02-27 15:05,25183.55,25190.9,25141.3,25168.2,33841076
2026-02-27,15:10,2026-02-27 15:10,25167.85,25189.5,25162.7,25167.9,29802915
2026-02-27,15:15,2026-02-27 15:15,25168.8,25189.1,25166.35,25170.25,32149670
2026-02-27,15:20,2026-02-27 15:20,25170.7,25179.2,25159.35,25166.95,33362562
2026-02-27,15:25,2026-02-27 15:25,25167.3,25188.2,25163.85,25181.8,25729285
2026-03-02,09:15,2026-03-02 09:15,24659.25,24948.45,24645.1,24892.95,40109225
2026-03-02,09:20,2026-03-02 09:20,24893.1,24958.8,24878.8,24896.5,18715202
2026-03-02,09:25,2026-03-02 09:25,24896.7,24920.15,24857.1,24889.4,15949616
2026-03-02,09:30,2026-03-02 09:30,24889.75,24975.45,24885.45,24974.55,11645270
2026-03-02,09:35,2026-03-02 09:35,24975.7,24977.6,24923.8,24949.8,9591380
2026-03-02,09:40,2026-03-02 09:40,24948.55,24977.1,24936.05,24963.65,8618660
2026-03-02,09:45,2026-03-02 09:45,24964.3,24989.35,24948.6,24953.2,6905733
2026-03-02,09:50,2026-03-02 09:50,24949.4,24951.1,24883.2,24884.15,7266106
2026-03-02,09:55,2026-03-02 09:55,24886.7,24946.1,24886.1,24945.1,4966406
2026-03-02,10:00,2026-03-02 10:00,24946.2,24953.25,24894.65,24898.25,5382883
2026-03-02,10:05,2026-03-02 10:05,24898.95,24909.6,24874.15,24884.65,4972766
2026-03-02,10:10,2026-03-02 10:10,24885.25,24894.0,24865.7,24884.85,5053366
2026-03-02,10:15,2026-03-02 10:15,24885.35,24887.85,24853.7,24876.4,4881725
2026-03-02,10:20,2026-03-02 10:20,24876.55,24876.75,24856.85,24864.6,4696218
2026-03-02,10:25,2026-03-02 10:25,24863.6,24873.5,24856.4,24859.6,4693218
2026-03-02,10:30,2026-03-02 10:30,24860.95,24885.25,24853.3,24872.7,3987521
2026-03-02,10:35,2026-03-02 10:35,24874.05,24878.6,24843.7,24855.25,3581635
2026-03-02,10:40,2026-03-02 10:40,24855.45,24857.8,24812.25,24813.7,4007574
2026-03-02,10:45,2026-03-02 10:45,24814.8,24837.95,24814.0,24818.8,3851550
2026-03-02,10:50,2026-03-02 10:50,24818.4,24834.05,24818.3,24828.85,3729382
2026-03-02,10:55,2026-03-02 10:55,24828.6,24859.2,24826.65,24855.15,3962526
2026-03-02,11:00,2026-03-02 11:00,24856.3,24868.7,24849.3,24854.05,3378782
2026-03-02,11:05,2026-03-02 11:05,24853.75,24865.4,24842.55,24858.2,4095555
2026-03-02,11:10,2026-03-02 11:10,24859.3,24860.35,24839.35,24843.2,3906057
2026-03-02,11:15,2026-03-02 11:15,24844.8,24849.2,24831.55,24831.55,3893908
2026-03-02,11:20,2026-03-02 11:20,24830.0,24834.95,24819.85,24825.15,2862504
2026-03-02,11:25,2026-03-02 11:25,24825.35,24829.25,24797.55,24803.0,3762492
2026-03-02,11:30,2026-03-02 11:30,24802.8,24813.8,24797.45,24808.05,6030004
2026-03-02,11:35,2026-03-02 11:35,24807.65,24825.45,24806.25,24822.95,4011106
2026-03-02,11:40,2026-03-02 11:40,24822.1,24824.5,24807.7,24821.6,4046377
2026-03-02,11:45,2026-03-02 11:45,24822.2,24842.8,24813.65,24815.3,3110377
2026-03-02,11:50,2026-03-02 11:50,24815.9,24821.85,24793.65,24804.2,3501705
2026-03-02,11:55,2026-03-02 11:55,24804.25,24806.25,24782.7,24784.0,3413281
2026-03-02,12:00,2026-03-02 12:00,24784.1,24784.6,24764.4,24773.7,5145522
2026-03-02,12:05,2026-03-02 12:05,24775.1,24779.0,24761.6,24770.75,4782180
2026-03-02,12:10,2026-03-02 12:10,24768.7,24781.2,24743.25,24744.55,3685995
2026-03-02,12:15,2026-03-02 12:15,24743.5,24756.0,24721.7,24727.45,5310864
2026-03-02,12:20,2026-03-02 12:20,24725.3,24736.3,24718.55,24728.55,3900871
2026-03-02,12:25,2026-03-02 12:25,24728.45,24737.25,24721.45,24735.65,4164815
2026-03-02,12:30,2026-03-02 12:30,24734.55,24741.25,24724.85,24734.9,4516164
2026-03-02,12:35,2026-03-02 12:35,24734.15,24736.8,24691.5,24695.75,6078238
2026-03-02,12:40,2026-03-02 12:40,24695.65,24712.8,24684.25,24687.9,4850548
2026-03-02,12:45,2026-03-02 12:45,24687.5,24707.15,24679.1,24688.6,5221266
2026-03-02,12:50,2026-03-02 12:50,24687.6,24711.8,24685.25,24698.1,4256129
2026-03-02,12:55,2026-03-02 12:55,24697.8,24705.4,24687.8,24697.05,3716535
2026-03-02,13:00,2026-03-02 13:00,24698.95,24706.65,24686.85,24697.7,3787598
2026-03-02,13:05,2026-03-02 13:05,24699.3,24702.45,24692.25,24692.9,2757652
2026-03-02,13:10,2026-03-02 13:10,24692.9,24699.45,24689.15,24695.5,3250461
2026-03-02,13:15,2026-03-02 13:15,24695.65,24708.8,24688.4,24699.2,3970918
2026-03-02,13:20,2026-03-02 13:20,24696.75,24704.6,24691.2,24696.0,3172362
2026-03-02,13:25,2026-03-02 13:25,24696.3,24697.9,24671.6,24679.5,4470353
2026-03-02,13:30,2026-03-02 13:30,24677.8,24690.65,24668.45,24677.25,3714440
2026-03-02,13:35,2026-03-02 13:35,24677.9,24687.85,24669.65,24674.95,3804684
2026-03-02,13:40,2026-03-02 13:40,24675.7,24676.5,24655.55,24675.35,5550879
2026-03-02,13:45,2026-03-02 13:45,24675.15,24678.5,24658.05,24661.45,4992232
2026-03-02,13:50,2026-03-02 13:50,24661.05,24665.75,24642.8,24645.85,5043677
2026-03-02,13:55,2026-03-02 13:55,24646.7,24647.0,24604.5,24614.75,8899267
2026-03-02,14:00,2026-03-02 14:00,24612.6,24740.8,24603.5,24687.3,9589587
2026-03-02,14:05,2026-03-02 14:05,24686.35,24780.1,24685.3,24746.5,9496944
2026-03-02,14:10,2026-03-02 14:10,24746.25,24795.5,24745.3,24787.4,6078995
2026-03-02,14:15,2026-03-02 14:15,24787.5,24794.55,24752.35,24782.15,5587926
2026-03-02,14:20,2026-03-02 14:20,24782.65,24791.3,24755.55,24779.25,5317652
2026-03-02,14:25,2026-03-02 14:25,24779.5,24783.15,24727.8,24730.3,6366713
2026-03-02,14:30,2026-03-02 14:30,24730.9,24799.75,24722.5,24799.75,6443562
2026-03-02,14:35,2026-03-02 14:35,24801.85,24854.35,24801.85,24837.65,11870578
2026-03-02,14:40,2026-03-02 14:40,24838.35,24879.35,24838.35,24864.85,8559261
2026-03-02,14:45,2026-03-02 14:45,24865.3,24892.4,24825.9,24872.15,7099517
2026-03-02,14:50,2026-03-02 14:50,24871.95,24880.45,24850.35,24876.5,5027343
2026-03-02,14:55,2026-03-02 14:55,24875.75,24881.05,24815.2,24823.35,7191575
2026-03-02,15:00,2026-03-02 15:00,24824.7,24878.25,24808.35,24862.2,14441832
2026-03-02,15:05,2026-03-02 15:05,24863.05,24877.1,24830.6,24862.6,17030560
2026-03-02,15:10,2026-03-02 15:10,24863.2,24904.8,24849.0,24904.8,16414257
2026-03-02,15:15,2026-03-02 15:15,24905.25,24913.55,24878.95,24912.1,15509170
2026-03-02,15:20,2026-03-02 15:20,24913.45,24914.85,24860.4,24864.25,13814654
2026-03-02,15:25,2026-03-02 15:25,24865.55,24886.1,24845.2,24849.75,13208117
2026-03-04,09:15,2026-03-04 09:15,24388.8,24476.95,24334.85,24385.1,54066074
2026-03-04,09:20,2026-03-04 09:20,24387.9,24392.05,24339.55,24341.15,20800720
2026-03-04,09:25,2026-03-04 09:25,24340.55,24374.45,24315.45,24342.85,17493739
2026-03-04,09:30,2026-03-04 09:30,24344.75,24366.5,24326.0,24332.35,14478561
2026-03-04,09:35,2026-03-04 09:35,24334.95,24362.05,24317.15,24346.85,12296340
2026-03-04,09:40,2026-03-04 09:40,24348.6,24412.0,24345.2,24408.75,9599067
2026-03-04,09:45,2026-03-04 09:45,24410.95,24416.2,24353.8,24365.25,11547464
2026-03-04,09:50,2026-03-04 09:50,24365.75,24372.0,24349.8,24359.1,7393022
2026-03-04,09:55,2026-03-04 09:55,24359.2,24360.35,24323.6,24325.9,7316304
2026-03-04,10:00,2026-03-04 10:00,24325.8,24346.1,24305.4,24332.85,7766767
2026-03-04,10:05,2026-03-04 10:05,24335.05,24371.8,24329.7,24367.95,5874060
2026-03-04,10:10,2026-03-04 10:10,24368.85,24414.8,24351.05,24413.65,7299125
2026-03-04,10:15,2026-03-04 10:15,24413.65,24417.55,24384.3,24387.0,6520646
2026-03-04,10:20,2026-03-04 10:20,24387.75,24425.0,24382.6,24399.35,6641022
2026-03-04,10:25,2026-03-04 10:25,24399.6,24437.35,24394.65,24419.05,5208510
2026-03-04,10:30,2026-03-04 10:30,24420.0,24420.7,24394.15,24398.85,5009333
2026-03-04,10:35,2026-03-04 10:35,24398.95,24409.3,24382.0,24390.1,4594864
2026-03-04,10:40,2026-03-04 10:40,24391.55,24392.35,24379.95,24390.75,5161374
2026-03-04,10:45,2026-03-04 10:45,24391.65,24422.4,24390.45,24400.3,6652411
2026-03-04,10:50,2026-03-04 10:50,24401.7,24402.0,24382.8,24398.0,5965541
2026-03-04,10:55,2026-03-04 10:55,24398.8,24399.85,24375.7,24391.45,8070554
2026-03-04,11:00,2026-03-04 11:00,24392.45,24427.8,24388.6,24420.7,7012141
2026-03-04,11:05,2026-03-04 11:05,24421.15,24453.4,24413.2,24450.9,5867514
2026-03-04,11:10,2026-03-04 11:10,24451.65,24461.4,24433.85,24435.45,5810340
2026-03-04,11:15,2026-03-04 11:15,24436.15,24438.9,24409.05,24412.05,6216547
2026-03-04,11:20,2026-03-04 11:20,24412.15,24422.9,24390.35,24393.3,6218718
2026-03-04,11:25,2026-03-04 11:25,24393.45,24397.55,24363.0,24365.55,5897068
2026-03-04,11:30,2026-03-04 11:30,24366.95,24378.5,24354.15,24364.7,8364937
2026-03-04,11:35,2026-03-04 11:35,24365.75,24383.35,24362.6,24367.25,4946313
2026-03-04,11:40,2026-03-04 11:40,24367.05,24382.3,24360.8,24362.2,4702099
2026-03-04,11:45,2026-03-04 11:45,24364.05,24372.55,24354.3,24367.85,4667659
2026-03-04,11:50,2026-03-04 11:50,24369.05,24401.05,24367.0,24369.4,4125764
2026-03-04,11:55,2026-03-04 11:55,24370.15,24380.4,24367.85,24374.5,4493853
2026-03-04,12:00,2026-03-04 12:00,24376.85,24391.5,24376.35,24389.1,3638503
2026-03-04,12:05,2026-03-04 12:05,24389.8,24395.65,24378.2,24393.4,4306841
2026-03-04,12:10,2026-03-04 12:10,24394.85,24402.3,24378.45,24379.85,4548324
2026-03-04,12:15,2026-03-04 12:15,24381.15,24383.8,24366.55,24369.0,4597938
2026-03-04,12:20,2026-03-04 12:20,24371.35,24385.6,24369.55,24375.8,3902538
2026-03-04,12:25,2026-03-04 12:25,24376.65,24384.95,24362.25,24368.3,4683080
2026-03-04,12:30,2026-03-04 12:30,24368.95,24381.6,24368.95,24375.05,3702746
2026-03-04,12:35,2026-03-04 12:35,24375.55,24387.5,24370.95,24377.95,3899194
2026-03-04,12:40,2026-03-04 12:40,24378.5,24383.3,24357.75,24382.55,4763302
2026-03-04,12:45,2026-03-04 12:45,24383.35,24396.2,24379.95,24385.85,4195865
2026-03-04,12:50,2026-03-04 12:50,24386.55,24397.9,24384.2,24394.15,4015542
2026-03-04,12:55,2026-03-04 12:55,24394.8,24428.1,24393.45,24416.8,4098247
2026-03-04,13:00,2026-03-04 13:00,24418.0,24431.95,24414.75,24422.15,4201515
2026-03-04,13:05,2026-03-04 13:05,24423.15,24438.35,24414.5,24438.15,3853805
2026-03-04,13:10,2026-03-04 13:10,24438.95,24461.0,24433.0,24461.0,4939828
2026-03-04,13:15,2026-03-04 13:15,24461.45,24465.75,24436.3,24441.45,4328751
2026-03-04,13:20,2026-03-04 13:20,24442.15,24460.2,24432.3,24459.55,4640447
2026-03-04,13:25,2026-03-04 13:25,24459.55,24477.45,24449.75,24451.6,4919091
2026-03-04,13:30,2026-03-04 13:30,24451.25,24466.35,24435.1,24435.65,5943251
2026-03-04,13:35,2026-03-04 13:35,24436.05,24448.1,24418.15,24447.0,5775098
2026-03-04,13:40,2026-03-04 13:40,24448.05,24462.65,24440.25,24462.6,4363625
2026-03-04,13:45,2026-03-04 13:45,24463.5,24469.85,24438.7,24441.95,5118170
2026-03-04,13:50,2026-03-04 13:50,24442.6,24445.3,24426.9,24428.55,4230149
2026-03-04,13:55,2026-03-04 13:55,24428.7,24438.4,24415.75,24437.0,6483177
2026-03-04,14:00,2026-03-04 14:00,24437.9,24453.9,24437.55,24451.1,4295476
2026-03-04,14:05,2026-03-04 14:05,24451.2,24496.6,24440.2,24494.6,7029586
2026-03-04,14:10,2026-03-04 14:10,24495.55,24556.95,24483.3,24554.95,7945207
2026-03-04,14:15,2026-03-04 14:15,24555.35,24574.65,24541.3,24567.85,7930128
2026-03-04,14:20,2026-03-04 14:20,24568.35,24568.85,24533.95,24535.0,7996134
2026-03-04,14:25,2026-03-04 14:25,24536.55,24541.3,24513.85,24522.5,7556347
2026-03-04,14:30,2026-03-04 14:30,24523.1,24553.5,24502.6,24534.25,7140432
2026-03-04,14:35,2026-03-04 14:35,24534.85,24543.5,24520.6,24537.85,6893749
2026-03-04,14:40,2026-03-04 14:40,24540.35,24584.15,24539.25,24578.75,5992997
2026-03-04,14:45,2026-03-04 14:45,24579.1,24600.15,24548.0,24581.2,6618570
2026-03-04,14:50,2026-03-04 14:50,24584.85,24594.05,24570.7,24585.55,7531146
2026-03-04,14:55,2026-03-04 14:55,24586.35,24602.45,24571.75,24582.95,6261951
2026-03-04,15:00,2026-03-04 15:00,24582.95,24584.45,24506.2,24509.0,15554118
2026-03-04,15:05,2026-03-04 15:05,24508.65,24518.45,24471.05,24472.2,14602657
2026-03-04,15:10,2026-03-04 15:10,24471.15,24474.45,24457.45,24465.95,15054836
2026-03-04,15:15,2026-03-04 15:15,24464.85,24473.55,24451.05,24456.9,14892428
2026-03-04,15:20,2026-03-04 15:20,24457.1,24473.0,24453.65,24470.45,17540232
2026-03-04,15:25,2026-03-04 15:25,24468.4,24482.15,24457.9,24473.95,14773014
2026-03-05,09:15,2026-03-05 09:15,24615.95,24651.95,24549.1,24584.85,20381250
2026-03-05,09:20,2026-03-05 09:20,24586.8,24609.5,24557.25,24607.2,10587079
2026-03-05,09:25,2026-03-05 09:25,24608.3,24610.95,24558.85,24568.45,8929728
2026-03-05,09:30,2026-03-05 09:30,24570.6,24586.3,24550.1,24564.5,9274923
2026-03-05,09:35,2026-03-05 09:35,24566.3,24569.85,24533.35,24534.25,9068203
2026-03-05,09:40,2026-03-05 09:40,24533.3,24599.6,24530.05,24596.2,6859020
2026-03-05,09:45,2026-03-05 09:45,24596.3,24616.55,24583.75,24604.95,6994112
2026-03-05,09:50,2026-03-05 09:50,24604.55,24651.15,24603.2,24648.9,5110708
2026-03-05,09:55,2026-03-05 09:55,24648.85,24656.7,24626.9,24628.5,5777925
2026-03-05,10:00,2026-03-05 10:00,24628.25,24649.0,24623.15,24623.25,5308287
2026-03-05,10:05,2026-03-05 10:05,24622.4,24647.9,24622.4,24628.6,5233529
2026-03-05,10:10,2026-03-05 10:10,24629.45,24630.25,24595.15,24596.25,5726115
2026-03-05,10:15,2026-03-05 10:15,24597.05,24608.65,24594.4,24596.0,5439475
2026-03-05,10:20,2026-03-05 10:20,24594.3,24598.2,24574.4,24581.45,6560409
2026-03-05,10:25,2026-03-05 10:25,24582.6,24584.6,24538.55,24564.55,7358295
2026-03-05,10:30,2026-03-05 10:30,24563.7,24572.05,24550.3,24559.6,6261472
2026-03-05,10:35,2026-03-05 10:35,24559.95,24629.55,24559.7,24627.7,5973533
2026-03-05,10:40,2026-03-05 10:40,24627.85,24653.95,24625.85,24650.95,5531161
2026-03-05,10:45,2026-03-05 10:45,24651.05,24660.25,24639.8,24641.55,4367864
2026-03-05,10:50,2026-03-05 10:50,24639.95,24645.75,24629.25,24644.25,4155296
2026-03-05,10:55,2026-03-05 10:55,24646.25,24672.4,24645.75,24666.55,4695296
2026-03-05,11:00,2026-03-05 11:00,24667.2,24672.8,24639.05,24648.1,5372153
2026-03-05,11:05,2026-03-05 11:05,24649.15,24667.7,24645.65,24655.15,5980825
2026-03-05,11:10,2026-03-05 11:10,24656.4,24657.4,24643.2,24643.2,7167203
2026-03-05,11:15,2026-03-05 11:15,24639.85,24662.95,24636.05,24655.9,5118089
2026-03-05,11:20,2026-03-05 11:20,24657.65,24658.1,24626.1,24634.65,4879984
2026-03-05,11:25,2026-03-05 11:25,24635.1,24639.95,24607.7,24612.9,4933421
2026-03-05,11:30,2026-03-05 11:30,24613.65,24638.3,24611.75,24624.95,4463822
2026-03-05,11:35,2026-03-05 11:35,24624.8,24625.6,24593.7,24603.4,6277327
2026-03-05,11:40,2026-03-05 11:40,24603.95,24605.85,24588.55,24590.35,4646556
2026-03-05,11:45,2026-03-05 11:45,24590.75,24593.15,24567.75,24569.7,5606005
2026-03-05,11:50,2026-03-05 11:50,24569.2,24594.6,24556.9,24594.6,5504802
2026-03-05,11:55,2026-03-05 11:55,24594.85,24597.55,24560.35,24579.1,4843199
2026-03-05,12:00,2026-03-05 12:00,24580.2,24596.05,24578.05,24590.15,4830087
2026-03-05,12:05,2026-03-05 12:05,24590.8,24595.8,24574.45,24588.25,7741251
2026-03-05,12:10,2026-03-05 12:10,24587.15,24616.3,24584.85,24615.5,4678180
2026-03-05,12:15,2026-03-05 12:15,24615.65,24616.2,24592.9,24602.35,4051802
2026-03-05,12:20,2026-03-05 12:20,24603.2,24635.65,24602.4,24619.15,4458607
2026-03-05,12:25,2026-03-05 12:25,24619.2,24651.75,24611.6,24648.85,6037108
2026-03-05,12:30,2026-03-05 12:30,24649.15,24665.95,24647.0,24650.3,4674720
2026-03-05,12:35,2026-03-05 12:35,24650.65,24654.2,24632.65,24652.7,4965598
2026-03-05,12:40,2026-03-05 12:40,24653.15,24657.6,24641.25,24645.8,3782168
2026-03-05,12:45,2026-03-05 12:45,24645.8,24646.5,24619.4,24631.45,3851949
2026-03-05,12:50,2026-03-05 12:50,24632.1,24654.35,24626.8,24652.65,3115848
2026-03-05,12:55,2026-03-05 12:55,24653.15,24657.6,24643.7,24653.45,3231715
2026-03-05,13:00,2026-03-05 13:00,24653.95,24660.85,24633.15,24633.3,3738467
2026-03-05,13:05,2026-03-05 13:05,24633.15,24647.15,24632.55,24644.1,4834920
2026-03-05,13:10,2026-03-05 13:10,24644.7,24656.6,24632.9,24639.65,3953519
2026-03-05,13:15,2026-03-05 13:15,24640.7,24646.25,24627.0,24631.05,3883870
2026-03-05,13:20,2026-03-05 13:20,24631.2,24645.55,24621.75,24638.2,3412568
2026-03-05,13:25,2026-03-05 13:25,24638.65,24651.35,24629.05,24651.0,3445251
2026-03-05,13:30,2026-03-05 13:30,24651.55,24671.3,24628.25,24639.2,5027054
2026-03-05,13:35,2026-03-05 13:35,24639.6,24642.45,24605.8,24614.05,3887924
2026-03-05,13:40,2026-03-05 13:40,24614.7,24629.95,24606.25,24619.8,3736701
2026-03-05,13:45,2026-03-05 13:45,24619.85,24635.1,24615.3,24615.4,3376556
2026-03-05,13:50,2026-03-05 13:50,24616.1,24618.5,24588.05,24592.6,3925798
2026-03-05,13:55,2026-03-05 13:55,24593.95,24594.75,24569.75,24573.7,4712810
2026-03-05,14:00,2026-03-05 14:00,24572.5,24586.1,24564.8,24578.2,5621929
2026-03-05,14:05,2026-03-05 14:05,24578.65,24581.1,24552.9,24552.9,4389746
2026-03-05,14:10,2026-03-05 14:10,24553.3,24563.2,24547.35,24553.75,4274818
2026-03-05,14:15,2026-03-05 14:15,24554.15,24567.65,24529.4,24531.95,6660331
2026-03-05,14:20,2026-03-05 14:20,24531.25,24600.0,24529.65,24590.95,8199429
2026-03-05,14:25,2026-03-05 14:25,24591.1,24617.4,24576.9,24611.25,5585436
2026-03-05,14:30,2026-03-05 14:30,24611.5,24612.75,24576.45,24582.5,5086720
2026-03-05,14:35,2026-03-05 14:35,24583.6,24675.05,24580.15,24672.5,8322829
2026-03-05,14:40,2026-03-05 14:40,24672.45,24761.15,24669.8,24726.8,11809980
2026-03-05,14:45,2026-03-05 14:45,24727.05,24762.8,24712.75,24758.4,10189010
2026-03-05,14:50,2026-03-05 14:50,24757.05,24853.75,24753.7,24846.55,13540136
2026-03-05,14:55,2026-03-05 14:55,24846.25,24854.2,24799.85,24848.95,11491726
2026-03-05,15:00,2026-03-05 15:00,24849.2,24853.25,24768.05,24790.7,20474583
2026-03-05,15:05,2026-03-05 15:05,24789.4,24796.45,24765.6,24774.3,13725709
2026-03-05,15:10,2026-03-05 15:10,24772.65,24784.7,24714.1,24714.8,14289176
2026-03-05,15:15,2026-03-05 15:15,24716.0,24759.4,24713.75,24716.85,12731954
2026-03-05,15:20,2026-03-05 15:20,24717.2,24730.65,24706.05,24719.05,14920509
2026-03-05,15:25,2026-03-05 15:25,24719.85,24748.45,24715.9,24737.45,12355661
2026-03-05,15:30,2026-03-05 15:30,24737.45,24737.45,24737.45,24737.45,1396085
2026-03-06,09:15,2026-03-06 09:15,24656.4,24700.9,24590.75,24594.4,23108278
2026-03-06,09:20,2026-03-06 09:20,24594.9,24652.75,24587.15,24647.6,13034769
2026-03-06,09:25,2026-03-06 09:25,24647.45,24683.0,24644.2,24681.2,9693824
2026-03-06,09:30,2026-03-06 09:30,24681.5,24681.5,24649.3,24650.45,9386612
2026-03-06,09:35,2026-03-06 09:35,24650.35,24676.55,24639.8,24648.4,7033551
2026-03-06,09:40,2026-03-06 09:40,24647.8,24680.8,24641.25,24678.85,5569816
2026-03-06,09:45,2026-03-06 09:45,24678.35,24688.1,24655.75,24657.9,6903474
2026-03-06,09:50,2026-03-06 09:50,24658.2,24666.25,24638.95,24643.85,6894536
2026-03-06,09:55,2026-03-06 09:55,24643.3,24643.6,24618.85,24625.15,5488876
2026-03-06,10:00,2026-03-06 10:00,24624.3,24647.5,24616.95,24635.0,4835667
2026-03-06,10:05,2026-03-06 10:05,24634.65,24661.1,24622.8,24653.6,3679617
2026-03-06,10:10,2026-03-06 10:10,24654.0,24657.85,24648.95,24653.35,3749539
2026-03-06,10:15,2026-03-06 10:15,24652.35,24675.45,24651.1,24673.5,4210367
2026-03-06,10:20,2026-03-06 10:20,24674.15,24674.35,24658.75,24669.1,4245624
2026-03-06,10:25,2026-03-06 10:25,24669.2,24675.65,24647.4,24651.75,4881289
2026-03-06,10:30,2026-03-06 10:30,24652.35,24652.7,24618.85,24619.1,5686082
2026-03-06,10:35,2026-03-06 10:35,24618.6,24630.55,24608.75,24621.6,5047181
2026-03-06,10:40,2026-03-06 10:40,24620.95,24629.1,24613.3,24620.15,3668684
2026-03-06,10:45,2026-03-06 10:45,24620.8,24622.3,24585.05,24586.5,6468914
2026-03-06,10:50,2026-03-06 10:50,24587.2,24621.05,24575.15,24596.7,4018681
2026-03-06,10:55,2026-03-06 10:55,24596.7,24598.1,24584.2,24594.65,3228056
2026-03-06,11:00,2026-03-06 11:00,24594.9,24636.85,24594.9,24635.7,4937181
2026-03-06,11:05,2026-03-06 11:05,24636.55,24648.7,24626.3,24635.95,3878780
2026-03-06,11:10,2026-03-06 11:10,24636.1,24637.55,24615.1,24617.6,2853701
2026-03-06,11:15,2026-03-06 11:15,24617.4,24621.4,24599.7,24606.35,3708773
2026-03-06,11:20,2026-03-06 11:20,24606.6,24619.6,24600.15,24600.15,3448230
2026-03-06,11:25,2026-03-06 11:25,24600.2,24607.55,24593.9,24607.25,3611532
2026-03-06,11:30,2026-03-06 11:30,24607.75,24620.85,24602.55,24620.45,3497987
2026-03-06,11:35,2026-03-06 11:35,24620.75,24635.65,24618.35,24635.55,3697619
2026-03-06,11:40,2026-03-06 11:40,24634.85,24654.55,24615.8,24616.4,4831129
2026-03-06,11:45,2026-03-06 11:45,24616.5,24634.0,24611.7,24632.45,4411023
2026-03-06,11:50,2026-03-06 11:50,24632.4,24634.9,24613.9,24619.85,3895867
2026-03-06,11:55,2026-03-06 11:55,24619.3,24630.2,24611.95,24625.7,4988932
2026-03-06,12:00,2026-03-06 12:00,24625.85,24627.55,24608.95,24609.65,2859086
2026-03-06,12:05,2026-03-06 12:05,24610.1,24629.55,24606.2,24626.5,4455784
2026-03-06,12:10,2026-03-06 12:10,24626.8,24631.45,24605.45,24608.85,5555722
2026-03-06,12:15,2026-03-06 12:15,24608.6,24623.35,24603.95,24610.0,3805220
2026-03-06,12:20,2026-03-06 12:20,24610.6,24612.75,24600.1,24608.85,3170025
2026-03-06,12:25,2026-03-06 12:25,24609.7,24609.7,24576.05,24578.3,4467099
2026-03-06,12:30,2026-03-06 12:30,24578.25,24598.0,24578.25,24595.05,3663862
2026-03-06,12:35,2026-03-06 12:35,24594.85,24597.9,24584.95,24586.15,2727405
2026-03-06,12:40,2026-03-06 12:40,24586.05,24602.0,24586.05,24599.85,3462846
2026-03-06,12:45,2026-03-06 12:45,24599.8,24603.3,24583.8,24595.5,3320328
2026-03-06,12:50,2026-03-06 12:50,24596.0,24611.25,24595.4,24596.95,4342475
2026-03-06,12:55,2026-03-06 12:55,24597.2,24607.45,24592.15,24603.7,3940489
2026-03-06,13:00,2026-03-06 13:00,24603.6,24614.25,24591.9,24600.1,4551202
2026-03-06,13:05,2026-03-06 13:05,24600.75,24610.05,24593.6,24595.1,3030841
2026-03-06,13:10,2026-03-06 13:10,24595.45,24603.6,24594.25,24602.65,3052374
2026-03-06,13:15,2026-03-06 13:15,24602.05,24606.7,24593.25,24597.8,4889640
2026-03-06,13:20,2026-03-06 13:20,24597.85,24614.85,24593.6,24607.15,4618741
2026-03-06,13:25,2026-03-06 13:25,24605.85,24613.15,24602.75,24609.65,4031684
2026-03-06,13:30,2026-03-06 13:30,24609.0,24610.65,24576.9,24584.2,3478699
2026-03-06,13:35,2026-03-06 13:35,24584.0,24623.5,24571.55,24600.4,5259992
2026-03-06,13:40,2026-03-06 13:40,24600.45,24608.05,24592.2,24594.95,3144288
2026-03-06,13:45,2026-03-06 13:45,24596.6,24596.6,24572.4,24581.85,4867564
2026-03-06,13:50,2026-03-06 13:50,24580.95,24596.5,24569.45,24575.15,4404711
2026-03-06,13:55,2026-03-06 13:55,24574.25,24574.6,24552.95,24554.9,4597240
2026-03-06,14:00,2026-03-06 14:00,24555.7,24581.95,24543.2,24567.05,4808420
2026-03-06,14:05,2026-03-06 14:05,24566.45,24585.0,24564.55,24584.9,4750721
2026-03-06,14:10,2026-03-06 14:10,24584.1,24605.7,24584.1,24585.75,5204114
2026-03-06,14:15,2026-03-06 14:15,24587.2,24615.9,24585.45,24609.25,6341422
2026-03-06,14:20,2026-03-06 14:20,24610.05,24612.55,24603.1,24611.7,4174723
2026-03-06,14:25,2026-03-06 14:25,24612.45,24616.45,24592.3,24593.0,5365144
2026-03-06,14:30,2026-03-06 14:30,24593.45,24602.3,24581.3,24583.1,3979448
2026-03-06,14:35,2026-03-06 14:35,24583.8,24592.45,24567.75,24568.9,6075385
2026-03-06,14:40,2026-03-06 14:40,24569.2,24569.2,24534.1,24543.45,5510278
2026-03-06,14:45,2026-03-06 14:45,24543.5,24559.75,24445.35,24488.8,10691719
2026-03-06,14:50,2026-03-06 14:50,24488.4,24534.8,24484.7,24512.75,5341544
2026-03-06,14:55,2026-03-06 14:55,24512.15,24515.35,24481.6,24482.55,5519006
2026-03-06,15:00,2026-03-06 15:00,24481.8,24492.8,24459.45,24461.75,11214320
2026-03-06,15:05,2026-03-06 15:05,24460.95,24465.35,24445.3,24460.05,10685041
2026-03-06,15:10,2026-03-06 15:10,24460.15,24464.1,24431.3,24441.65,11986446
2026-03-06,15:15,2026-03-06 15:15,24441.1,24443.85,24415.75,24434.9,15648616
2026-03-06,15:20,2026-03-06 15:20,24434.0,24454.25,24434.0,24446.8,14893606
2026-03-06,15:25,2026-03-06 15:25,24447.25,24474.4,24443.15,24469.4,12368234
2026-03-06,15:30,2026-03-06 15:30,24469.1,24469.1,24469.1,24469.1,1483737
2026-03-09,09:15,2026-03-09 09:15,23868.05,23959.7,23743.45,23774.35,47251169
2026-03-09,09:20,2026-03-09 09:20,23779.0,23786.8,23713.35,23720.95,24513490
2026-03-09,09:25,2026-03-09 09:25,23720.6,23748.7,23697.8,23736.75,17983487
2026-03-09,09:30,2026-03-09 09:30,23736.25,23799.3,23734.8,23764.85,20253505
2026-03-09,09:35,2026-03-09 09:35,23765.75,23782.4,23751.45,23765.55,12289475
2026-03-09,09:40,2026-03-09 09:40,23764.1,23776.7,23735.65,23735.65,11215623
2026-03-09,09:45,2026-03-09 09:45,23737.4,23773.35,23711.85,23761.75,9035448
2026-03-09,09:50,2026-03-09 09:50,23761.05,23784.3,23751.25,23776.5,8181991
2026-03-09,09:55,2026-03-09 09:55,23775.75,23786.4,23763.3,23773.9,7282286
2026-03-09,10:00,2026-03-09 10:00,23774.0,23789.25,23750.65,23758.6,6769404
2026-03-09,10:05,2026-03-09 10:05,23758.2,23813.1,23756.5,23808.7,6704366
2026-03-09,10:10,2026-03-09 10:10,23808.0,23834.15,23805.2,23806.2,5886418
2026-03-09,10:15,2026-03-09 10:15,23805.0,23805.0,23755.85,23764.5,6311950
2026-03-09,10:20,2026-03-09 10:20,23766.7,23797.2,23761.75,23776.3,4803739
2026-03-09,10:25,2026-03-09 10:25,23775.0,23787.7,23758.1,23781.85,4085252
2026-03-09,10:30,2026-03-09 10:30,23781.15,23785.2,23749.9,23752.3,6783157
2026-03-09,10:35,2026-03-09 10:35,23752.1,23791.75,23744.85,23774.35,5482052
2026-03-09,10:40,2026-03-09 10:40,23774.35,23787.3,23763.95,23783.4,4678014
2026-03-09,10:45,2026-03-09 10:45,23784.45,23784.9,23754.0,23754.95,4362417
2026-03-09,10:50,2026-03-09 10:50,23754.1,23862.35,23750.15,23852.65,9430903
2026-03-09,10:55,2026-03-09 10:55,23851.2,23896.0,23847.3,23862.35,7627831
2026-03-09,11:00,2026-03-09 11:00,23866.2,23871.65,23836.55,23848.65,5446685
2026-03-09,11:05,2026-03-09 11:05,23848.55,23854.15,23824.7,23830.65,5557199
2026-03-09,11:10,2026-03-09 11:10,23830.15,23837.3,23784.45,23819.5,8177683
2026-03-09,11:15,2026-03-09 11:15,23818.45,23837.1,23787.35,23834.05,5366581
2026-03-09,11:20,2026-03-09 11:20,23833.75,23864.75,23831.85,23846.8,5285970
2026-03-09,11:25,2026-03-09 11:25,23846.65,23888.65,23840.05,23877.25,5268124
2026-03-09,11:30,2026-03-09 11:30,23877.8,23890.0,23863.9,23881.45,4691840
2026-03-09,11:35,2026-03-09 11:35,23881.8,23904.8,23881.8,23901.05,3915478
2026-03-09,11:40,2026-03-09 11:40,23900.8,23932.0,23891.55,23897.65,10282387
2026-03-09,11:45,2026-03-09 11:45,23897.85,23910.5,23878.75,23892.55,4428978
2026-03-09,11:50,2026-03-09 11:50,23892.5,23899.3,23883.95,23892.4,3240060
2026-03-09,11:55,2026-03-09 11:55,23891.9,23898.2,23882.1,23887.2,2911041
2026-03-09,12:00,2026-03-09 12:00,23887.5,23888.6,23867.15,23882.6,5248899
2026-03-09,12:05,2026-03-09 12:05,23882.05,23882.4,23841.8,23841.8,4472915
2026-03-09,12:10,2026-03-09 12:10,23841.25,23869.2,23828.35,23855.35,4025310
2026-03-09,12:15,2026-03-09 12:15,23855.6,23866.8,23848.95,23852.6,3672601
2026-03-09,12:20,2026-03-09 12:20,23851.9,23865.0,23839.2,23865.0,3661291
2026-03-09,12:25,2026-03-09 12:25,23864.8,23870.85,23854.1,23862.2,3910378
2026-03-09,12:30,2026-03-09 12:30,23862.8,23870.7,23844.5,23844.5,3700152
2026-03-09,12:35,2026-03-09 12:35,23844.15,23871.15,23834.1,23867.5,3359115
2026-03-09,12:40,2026-03-09 12:40,23866.95,23883.15,23859.0,23873.45,4052757
2026-03-09,12:45,2026-03-09 12:45,23874.65,23884.0,23854.3,23856.1,4237666
2026-03-09,12:50,2026-03-09 12:50,23855.35,23891.4,23854.4,23889.5,3434911
2026-03-09,12:55,2026-03-09 12:55,23889.9,23914.95,23881.0,23910.95,4296126
2026-03-09,13:00,2026-03-09 13:00,23909.35,23917.75,23890.2,23914.45,6009044
2026-03-09,13:05,2026-03-09 13:05,23913.3,23918.2,23893.4,23897.55,4567135
2026-03-09,13:10,2026-03-09 13:10,23897.2,23900.25,23863.35,23869.7,4531670
2026-03-09,13:15,2026-03-09 13:15,23870.0,23883.75,23853.85,23863.35,4943212
2026-03-09,13:20,2026-03-09 13:20,23864.8,23902.8,23861.15,23866.75,4090334
2026-03-09,13:25,2026-03-09 13:25,23866.15,23906.85,23858.75,23882.15,4143128
2026-03-09,13:30,2026-03-09 13:30,23883.6,23937.55,23882.5,23912.3,5100133
2026-03-09,13:35,2026-03-09 13:35,23911.35,23914.4,23891.3,23909.05,3154937
2026-03-09,13:40,2026-03-09 13:40,23909.3,23919.35,23899.3,23902.85,3189085
2026-03-09,13:45,2026-03-09 13:45,23903.1,23907.05,23876.9,23886.75,4593545
2026-03-09,13:50,2026-03-09 13:50,23885.9,23910.35,23882.7,23901.15,3478681
2026-03-09,13:55,2026-03-09 13:55,23900.9,23911.55,23876.05,23878.5,3073856
2026-03-09,14:00,2026-03-09 14:00,23878.65,23885.7,23859.6,23883.65,3328011
2026-03-09,14:05,2026-03-09 14:05,23883.9,23900.2,23876.65,23895.1,3310817
2026-03-09,14:10,2026-03-09 14:10,23893.95,23904.8,23878.75,23883.6,3637377
2026-03-09,14:15,2026-03-09 14:15,23884.55,23886.85,23865.9,23875.45,3646156
2026-03-09,14:20,2026-03-09 14:20,23875.15,23901.15,23863.95,23899.15,3888794
2026-03-09,14:25,2026-03-09 14:25,23898.3,23917.3,23891.8,23902.5,4377519
2026-03-09,14:30,2026-03-09 14:30,23903.0,23925.0,23895.6,23907.75,4342591
2026-03-09,14:35,2026-03-09 14:35,23907.8,23931.55,23901.15,23929.8,5156487
2026-03-09,14:40,2026-03-09 14:40,23929.85,23956.3,23914.0,23946.95,5400101
2026-03-09,14:45,2026-03-09 14:45,23947.25,24017.1,23939.3,23981.05,8364500
2026-03-09,14:50,2026-03-09 14:50,23983.65,24012.45,23968.1,24011.65,5393821
2026-03-09,14:55,2026-03-09 14:55,24012.85,24019.35,23991.35,24011.0,5372806
2026-03-09,15:00,2026-03-09 15:00,24012.3,24056.45,23973.95,24049.4,11592912
2026-03-09,15:05,2026-03-09 15:05,24050.25,24078.15,24021.6,24033.3,10279504
2026-03-09,15:10,2026-03-09 15:10,24031.7,24061.0,24024.7,24047.7,9797416
2026-03-09,15:15,2026-03-09 15:15,24047.15,24056.15,24037.8,24040.6,12136933
2026-03-09,15:20,2026-03-09 15:20,24040.75,24040.75,24006.15,24014.65,13708037
2026-03-09,15:25,2026-03-09 15:25,24015.05,24016.85,23994.7,24005.8,10614270
2026-03-10,09:15,2026-03-10 09:15,24280.8,24303.8,24149.0,24150.4,25725258
2026-03-10,09:20,2026-03-10 09:20,24150.7,24174.65,24138.6,24152.6,10922055
2026-03-10,09:25,2026-03-10 09:25,24151.65,24171.2,24125.15,24159.8,10560226
2026-03-10,09:30,2026-03-10 09:30,24159.35,24164.6,24121.2,24124.45,9049955
2026-03-10,09:35,2026-03-10 09:35,24124.25,24124.25,24085.6,24093.4,7692073
2026-03-10,09:40,2026-03-10 09:40,24093.15,24155.25,24089.35,24153.45,6089579
2026-03-10,09:45,2026-03-10 09:45,24152.95,24158.3,24115.05,24136.65,4680585
2026-03-10,09:50,2026-03-10 09:50,24136.6,24140.25,24121.8,24131.4,4310910
2026-03-10,09:55,2026-03-10 09:55,24131.85,24131.95,24079.95,24093.1,4635144
2026-03-10,10:00,2026-03-10 10:00,24092.05,24138.65,24091.3,24131.6,4789501
2026-03-10,10:05,2026-03-10 10:05,24130.8,24147.5,24121.4,24139.5,4339166
2026-03-10,10:10,2026-03-10 10:10,24139.15,24160.95,24131.1,24151.05,5014254
2026-03-10,10:15,2026-03-10 10:15,24151.5,24213.7,24149.3,24204.55,8392118
2026-03-10,10:20,2026-03-10 10:20,24205.0,24208.2,24151.9,24169.0,4269930
2026-03-10,10:25,2026-03-10 10:25,24169.2,24175.95,24153.2,24160.6,3708063
2026-03-10,10:30,2026-03-10 10:30,24160.3,24207.3,24159.1,24200.3,4740454
2026-03-10,10:35,2026-03-10 10:35,24200.3,24209.15,24185.45,24193.2,4084709
2026-03-10,10:40,2026-03-10 10:40,24192.7,24224.8,24191.5,24217.05,5168127
2026-03-10,10:45,2026-03-10 10:45,24217.2,24233.2,24213.25,24222.4,4630645
2026-03-10,10:50,2026-03-10 10:50,24222.2,24225.8,24184.95,24192.05,5237817
2026-03-10,10:55,2026-03-10 10:55,24192.2,24198.8,24173.95,24197.4,4767514
2026-03-10,11:00,2026-03-10 11:00,24197.6,24207.3,24186.6,24202.65,3716196
2026-03-10,11:05,2026-03-10 11:05,24202.8,24219.6,24196.75,24219.6,4025102
2026-03-10,11:10,2026-03-10 11:10,24219.1,24224.95,24216.2,24222.4,4375616
2026-03-10,11:15,2026-03-10 11:15,24222.2,24243.5,24208.3,24210.25,4389796
2026-03-10,11:20,2026-03-10 11:20,24210.8,24234.45,24206.1,24233.3,5754491
2026-03-10,11:25,2026-03-10 11:25,24233.4,24237.7,24216.95,24229.0,4489418
2026-03-10,11:30,2026-03-10 11:30,24229.55,24246.85,24226.95,24244.65,4953761
2026-03-10,11:35,2026-03-10 11:35,24245.4,24255.05,24242.35,24252.05,4035898
2026-03-10,11:40,2026-03-10 11:40,24252.3,24255.3,24247.85,24250.1,3887160
2026-03-10,11:45,2026-03-10 11:45,24250.0,24250.5,24208.0,24208.2,4090568
2026-03-10,11:50,2026-03-10 11:50,24207.45,24214.6,24195.7,24213.15,3793955
2026-03-10,11:55,2026-03-10 11:55,24214.3,24225.25,24193.9,24210.65,3567943
2026-03-10,12:00,2026-03-10 12:00,24210.8,24222.75,24207.95,24214.15,2778586
2026-03-10,12:05,2026-03-10 12:05,24214.45,24229.45,24205.3,24205.3,3615079
2026-03-10,12:10,2026-03-10 12:10,24205.35,24215.9,24172.5,24172.5,3628672
2026-03-10,12:15,2026-03-10 12:15,24173.1,24189.45,24149.95,24184.5,4880671
2026-03-10,12:20,2026-03-10 12:20,24184.4,24186.65,24143.05,24152.0,3789704
2026-03-10,12:25,2026-03-10 12:25,24152.0,24166.05,24147.6,24162.65,4484602
2026-03-10,12:30,2026-03-10 12:30,24163.3,24165.9,24153.15,24160.9,5635766
2026-03-10,12:35,2026-03-10 12:35,24160.0,24191.5,24156.5,24157.0,5254884
2026-03-10,12:40,2026-03-10 12:40,24156.65,24163.35,24142.45,24147.05,4893278
2026-03-10,12:45,2026-03-10 12:45,24147.6,24184.5,24142.75,24184.5,4760800
2026-03-10,12:50,2026-03-10 12:50,24184.45,24220.05,24181.9,24218.4,4883841
2026-03-10,12:55,2026-03-10 12:55,24218.55,24231.35,24209.4,24219.15,4119706
2026-03-10,13:00,2026-03-10 13:00,24219.4,24236.5,24213.6,24224.1,4679907
2026-03-10,13:05,2026-03-10 13:05,24226.35,24226.7,24201.55,24206.3,4499866
2026-03-10,13:10,2026-03-10 13:10,24208.05,24217.85,24194.9,24209.35,4899745
2026-03-10,13:15,2026-03-10 13:15,24209.9,24219.05,24203.6,24215.4,4680904
2026-03-10,13:20,2026-03-10 13:20,24215.75,24225.3,24190.4,24199.85,5273540
2026-03-10,13:25,2026-03-10 13:25,24199.35,24213.35,24191.85,24212.6,3488439
2026-03-10,13:30,2026-03-10 13:30,24212.55,24236.05,24212.4,24231.8,5213826
2026-03-10,13:35,2026-03-10 13:35,24231.4,24262.85,24215.75,24252.15,5656217
2026-03-10,13:40,2026-03-10 13:40,24251.7,24258.1,24230.35,24238.55,3263068
2026-03-10,13:45,2026-03-10 13:45,24238.5,24238.7,24223.5,24233.65,3257065
2026-03-10,13:50,2026-03-10 13:50,24233.8,24253.5,24232.75,24239.5,3341605
2026-03-10,13:55,2026-03-10 13:55,24239.7,24244.35,24232.8,24233.2,2799298
2026-03-10,14:00,2026-03-10 14:00,24233.45,24236.65,24215.6,24233.35,3838045
2026-03-10,14:05,2026-03-10 14:05,24232.8,24289.95,24227.65,24275.5,5504798
2026-03-10,14:10,2026-03-10 14:10,24276.75,24294.0,24269.6,24285.95,6377844
2026-03-10,14:15,2026-03-10 14:15,24286.25,24296.65,24248.45,24252.85,5019058
2026-03-10,14:20,2026-03-10 14:20,24252.65,24253.8,24222.45,24239.35,3434551
2026-03-10,14:25,2026-03-10 14:25,24238.05,24244.45,24221.25,24235.45,3764216
2026-03-10,14:30,2026-03-10 14:30,24235.2,24245.95,24201.95,24215.15,4994544
2026-03-10,14:35,2026-03-10 14:35,24215.3,24245.15,24214.05,24228.45,4063695
2026-03-10,14:40,2026-03-10 14:40,24227.5,24236.4,24203.05,24224.6,6835789
2026-03-10,14:45,2026-03-10 14:45,24224.85,24267.65,24208.5,24264.6,7046835
2026-03-10,14:50,2026-03-10 14:50,24265.75,24278.15,24240.35,24263.8,5865848
2026-03-10,14:55,2026-03-10 14:55,24263.85,24273.9,24250.15,24261.45,5551581
2026-03-10,15:00,2026-03-10 15:00,24261.95,24264.05,24217.5,24252.4,14009969
2026-03-10,15:05,2026-03-10 15:05,24252.05,24269.2,24246.55,24259.0,13235915
2026-03-10,15:10,2026-03-10 15:10,24259.0,24276.25,24250.6,24258.0,13034082
2026-03-10,15:15,2026-03-10 15:15,24257.4,24280.4,24256.95,24274.25,11842596
2026-03-10,15:20,2026-03-10 15:20,24273.6,24292.0,24254.0,24291.35,14839159
2026-03-10,15:25,2026-03-10 15:25,24291.6,24302.5,24281.25,24286.15,12214087
2026-03-11,09:15,2026-03-11 09:15,24231.85,24294.1,24218.5,24285.9,20120140
2026-03-11,09:20,2026-03-11 09:20,24288.8,24299.0,24239.35,24242.5,10350857
2026-03-11,09:25,2026-03-11 09:25,24243.6,24250.35,24213.75,24237.35,7795790
2026-03-11,09:30,2026-03-11 09:30,24237.9,24238.25,24203.1,24228.6,7350903
2026-03-11,09:35,2026-03-11 09:35,24228.75,24230.7,24181.75,24192.45,6961615
2026-03-11,09:40,2026-03-11 09:40,24194.7,24197.6,24172.75,24187.65,4799090
2026-03-11,09:45,2026-03-11 09:45,24188.95,24207.5,24179.95,24198.8,5980849
2026-03-11,09:50,2026-03-11 09:50,24199.3,24205.35,24146.5,24148.55,5568628
2026-03-11,09:55,2026-03-11 09:55,24148.35,24170.55,24144.65,24153.7,4636540
2026-03-11,10:00,2026-03-11 10:00,24154.6,24161.7,24134.2,24160.6,5719478
2026-03-11,10:05,2026-03-11 10:05,24160.95,24160.95,24117.05,24118.2,4412814
2026-03-11,10:10,2026-03-11 10:10,24118.85,24125.9,24109.6,24116.5,4100102
2026-03-11,10:15,2026-03-11 10:15,24117.1,24132.25,24112.0,24124.0,3882421
2026-03-11,10:20,2026-03-11 10:20,24124.6,24130.35,24103.45,24125.05,3094119
2026-03-11,10:25,2026-03-11 10:25,24126.3,24131.95,24111.0,24121.65,2881160
2026-03-11,10:30,2026-03-11 10:30,24122.35,24141.95,24119.4,24125.4,4215074
2026-03-11,10:35,2026-03-11 10:35,24125.35,24125.6,24084.85,24085.55,4384689
2026-03-11,10:40,2026-03-11 10:40,24087.0,24101.4,24069.85,24074.1,3263208
2026-03-11,10:45,2026-03-11 10:45,24074.0,24088.35,24049.05,24087.6,3694339
2026-03-11,10:50,2026-03-11 10:50,24087.4,24097.65,24072.35,24083.45,3842039
2026-03-11,10:55,2026-03-11 10:55,24083.45,24104.1,24080.35,24102.95,3315341
2026-03-11,11:00,2026-03-11 11:00,24102.95,24114.1,24089.9,24110.85,4286537
2026-03-11,11:05,2026-03-11 11:05,24111.45,24111.95,24083.65,24085.65,3411617
2026-03-11,11:10,2026-03-11 11:10,24085.75,24087.4,24063.3,24071.4,3947325
2026-03-11,11:15,2026-03-11 11:15,24073.75,24073.75,24037.65,24042.1,4299829
2026-03-11,11:20,2026-03-11 11:20,24042.1,24042.1,24009.2,24010.6,3269794
2026-03-11,11:25,2026-03-11 11:25,24013.5,24033.7,24011.95,24033.55,3339757
2026-03-11,11:30,2026-03-11 11:30,24033.9,24034.35,23996.4,24001.2,3801906
2026-03-11,11:35,2026-03-11 11:35,24001.45,24023.6,23986.0,24009.6,3265731
2026-03-11,11:40,2026-03-11 11:40,24010.45,24014.45,24000.1,24013.55,3057929
2026-03-11,11:45,2026-03-11 11:45,24014.45,24015.95,23995.9,23996.75,3309575
2026-03-11,11:50,2026-03-11 11:50,23997.95,23998.25,23974.45,23995.25,3817241
2026-03-11,11:55,2026-03-11 11:55,23995.55,23995.55,23971.6,23982.3,3206595
2026-03-11,12:00,2026-03-11 12:00,23982.6,24022.85,23978.8,24021.95,3818952
2026-03-11,12:05,2026-03-11 12:05,24022.1,24023.85,23997.6,24002.5,3447791
2026-03-11,12:10,2026-03-11 12:10,24003.15,24020.8,23999.65,24011.6,3158902
2026-03-11,12:15,2026-03-11 12:15,24012.55,24019.75,24006.25,24015.3,3266743
2026-03-11,12:20,2026-03-11 12:20,24016.05,24024.2,24009.05,24015.6,3466499
2026-03-11,12:25,2026-03-11 12:25,24016.2,24017.0,24002.5,24011.9,3144916
2026-03-11,12:30,2026-03-11 12:30,24012.35,24023.65,23984.0,23990.9,4566456
2026-03-11,12:35,2026-03-11 12:35,23993.25,24001.75,23969.7,23972.2,4588515
2026-03-11,12:40,2026-03-11 12:40,23973.6,24011.0,23970.95,24010.95,4605553
2026-03-11,12:45,2026-03-11 12:45,24011.85,24011.85,23983.1,23992.55,4015417
2026-03-11,12:50,2026-03-11 12:50,23993.4,23999.25,23983.2,23985.95,3206864
2026-03-11,12:55,2026-03-11 12:55,23986.3,23990.85,23971.15,23973.3,3682491
2026-03-11,13:00,2026-03-11 13:00,23973.8,23993.75,23954.0,23961.5,7493382
2026-03-11,13:05,2026-03-11 13:05,23962.15,23974.35,23958.7,23971.5,6739859
2026-03-11,13:10,2026-03-11 13:10,23971.55,23971.55,23919.8,23929.65,8134615
2026-03-11,13:15,2026-03-11 13:15,23930.7,23939.65,23913.45,23938.75,4299146
2026-03-11,13:20,2026-03-11 13:20,23939.65,23963.2,23934.75,23961.45,3505534
2026-03-11,13:25,2026-03-11 13:25,23962.05,23980.65,23952.4,23980.0,4087438
2026-03-11,13:30,2026-03-11 13:30,23980.45,24005.35,23973.9,23977.1,5028914
2026-03-11,13:35,2026-03-11 13:35,23977.55,23985.6,23958.35,23961.35,3478654
2026-03-11,13:40,2026-03-11 13:40,23962.1,23974.25,23955.85,23957.95,4317422
2026-03-11,13:45,2026-03-11 13:45,23958.45,23964.4,23941.8,23951.75,4203598
2026-03-11,13:50,2026-03-11 13:50,23951.85,23965.65,23938.7,23961.5,3694551
2026-03-11,13:55,2026-03-11 13:55,23961.85,23966.25,23942.45,23959.2,3591610
2026-03-11,14:00,2026-03-11 14:00,23959.0,23960.9,23940.6,23955.05,3265558
2026-03-11,14:05,2026-03-11 14:05,23955.1,23959.4,23934.35,23934.35,3968078
2026-03-11,14:10,2026-03-11 14:10,23936.2,23944.15,23929.2,23939.95,3999412
2026-03-11,14:15,2026-03-11 14:15,23940.95,23948.4,23903.6,23915.3,4911313
2026-03-11,14:20,2026-03-11 14:20,23916.9,23927.35,23900.1,23900.1,4607943
2026-03-11,14:25,2026-03-11 14:25,23899.55,23974.6,23892.0,23974.55,6286881
2026-03-11,14:30,2026-03-11 14:30,23975.8,23977.05,23924.3,23924.3,5570408
2026-03-11,14:35,2026-03-11 14:35,23923.25,23939.5,23918.65,23936.8,5288113
2026-03-11,14:40,2026-03-11 14:40,23938.6,23938.6,23913.7,23921.3,4662571
2026-03-11,14:45,2026-03-11 14:45,23921.55,23930.4,23912.3,23916.45,5839209
2026-03-11,14:50,2026-03-11 14:50,23917.4,23923.85,23894.5,23916.15,6100838
2026-03-11,14:55,2026-03-11 14:55,23916.75,23916.75,23871.8,23872.4,7692777
2026-03-11,15:00,2026-03-11 15:00,23874.8,23913.1,23871.65,23883.95,8492367
2026-03-11,15:05,2026-03-11 15:05,23887.15,23896.4,23854.35,23878.9,9554249
2026-03-11,15:10,2026-03-11 15:10,23880.55,23885.85,23857.5,23861.9,11492124
2026-03-11,15:15,2026-03-11 15:15,23864.2,23879.6,23856.45,23874.55,13137252
2026-03-11,15:20,2026-03-11 15:20,23876.5,23878.45,23846.25,23860.25,13148952
2026-03-11,15:25,2026-03-11 15:25,23860.55,23860.55,23834.3,23848.2,18323085
2026-03-12,09:15,2026-03-12 09:15,23674.85,23690.85,23556.3,23563.15,24886032
2026-03-12,09:20,2026-03-12 09:20,23564.5,23601.4,23557.85,23601.4,12218301
2026-03-12,09:25,2026-03-12 09:25,23601.65,23612.75,23586.85,23603.35,9474909
2026-03-12,09:30,2026-03-12 09:30,23600.45,23619.6,23589.55,23592.65,8487131
2026-03-12,09:35,2026-03-12 09:35,23593.95,23610.1,23571.85,23572.85,7745144
2026-03-12,09:40,2026-03-12 09:40,23574.5,23606.9,23569.4,23602.65,6334442
2026-03-12,09:45,2026-03-12 09:45,23606.2,23624.55,23595.05,23623.15,8559910
2026-03-12,09:50,2026-03-12 09:50,23623.5,23657.0,23618.45,23656.75,7010720
2026-03-12,09:55,2026-03-12 09:55,23657.0,23696.6,23643.75,23693.8,7414824
2026-03-12,10:00,2026-03-12 10:00,23695.4,23696.75,23670.6,23677.85,6073241
2026-03-12,10:05,2026-03-12 10:05,23679.85,23679.85,23620.15,23628.2,6686473
2026-03-12,10:10,2026-03-12 10:10,23632.45,23651.4,23605.35,23610.15,6133673
2026-03-12,10:15,2026-03-12 10:15,23610.5,23615.9,23589.9,23612.65,5356041
2026-03-12,10:20,2026-03-12 10:20,23614.75,23628.95,23608.5,23616.45,7850813
2026-03-12,10:25,2026-03-12 10:25,23617.2,23681.55,23617.15,23666.65,7470731
2026-03-12,10:30,2026-03-12 10:30,23666.35,23690.1,23632.35,23685.45,4797113
2026-03-12,10:35,2026-03-12 10:35,23686.15,23720.0,23673.45,23712.95,7088432
2026-03-12,10:40,2026-03-12 10:40,23714.35,23721.05,23684.65,23692.7,5578109
2026-03-12,10:45,2026-03-12 10:45,23693.4,23704.85,23690.6,23694.0,4992382
2026-03-12,10:50,2026-03-12 10:50,23694.6,23713.65,23669.3,23694.5,4548845
2026-03-12,10:55,2026-03-12 10:55,23695.25,23742.15,23681.7,23740.9,5940677
2026-03-12,11:00,2026-03-12 11:00,23741.6,23768.75,23741.15,23767.2,5138901
2026-03-12,11:05,2026-03-12 11:05,23768.55,23774.0,23733.95,23738.4,6321651
2026-03-12,11:10,2026-03-12 11:10,23739.45,23764.4,23737.2,23741.05,4014947
2026-03-12,11:15,2026-03-12 11:15,23741.75,23756.65,23678.15,23696.9,5841610
2026-03-12,11:20,2026-03-12 11:20,23700.7,23703.9,23665.0,23703.5,5096283
2026-03-12,11:25,2026-03-12 11:25,23703.85,23713.45,23690.5,23703.3,3216417
2026-03-12,11:30,2026-03-12 11:30,23704.2,23704.2,23676.6,23697.9,3046022
2026-03-12,11:35,2026-03-12 11:35,23698.35,23701.25,23682.65,23697.25,3819021
2026-03-12,11:40,2026-03-12 11:40,23699.4,23718.25,23689.8,23711.35,3840717
2026-03-12,11:45,2026-03-12 11:45,23712.45,23725.0,23688.1,23694.3,4312658
2026-03-12,11:50,2026-03-12 11:50,23695.7,23718.85,23692.5,23712.95,4285936
2026-03-12,11:55,2026-03-12 11:55,23713.9,23742.2,23708.15,23739.85,5236719
2026-03-12,12:00,2026-03-12 12:00,23739.45,23748.1,23735.3,23744.2,3570423
2026-03-12,12:05,2026-03-12 12:05,23744.4,23748.45,23718.1,23725.65,4494772
2026-03-12,12:10,2026-03-12 12:10,23727.8,23750.65,23710.5,23749.35,4083082
2026-03-12,12:15,2026-03-12 12:15,23751.15,23751.15,23721.8,23724.3,3835489
2026-03-12,12:20,2026-03-12 12:20,23725.7,23755.95,23724.0,23749.2,7133710
2026-03-12,12:25,2026-03-12 12:25,23750.85,23759.2,23735.2,23744.1,5355933
2026-03-12,12:30,2026-03-12 12:30,23744.4,23747.6,23717.5,23721.9,3456587
2026-03-12,12:35,2026-03-12 12:35,23721.75,23731.7,23702.4,23709.75,4401031
2026-03-12,12:40,2026-03-12 12:40,23710.65,23722.35,23702.3,23715.8,4277014
2026-03-12,12:45,2026-03-12 12:45,23716.7,23731.25,23714.1,23722.1,3565133
2026-03-12,12:50,2026-03-12 12:50,23722.85,23728.9,23701.5,23708.35,2793757
2026-03-12,12:55,2026-03-12 12:55,23710.7,23723.8,23700.8,23717.0,3131552
2026-03-12,13:00,2026-03-12 13:00,23717.85,23718.7,23691.4,23702.75,3031353
2026-03-12,13:05,2026-03-12 13:05,23702.45,23702.6,23656.4,23682.55,5415912
2026-03-12,13:10,2026-03-12 13:10,23683.55,23722.4,23678.75,23715.25,3552814
2026-03-12,13:15,2026-03-12 13:15,23718.3,23718.5,23697.25,23702.25,4155268
2026-03-12,13:20,2026-03-12 13:20,23702.95,23744.1,23695.8,23740.35,3817213
2026-03-12,13:25,2026-03-12 13:25,23741.7,23767.95,23732.7,23764.3,5580259
2026-03-12,13:30,2026-03-12 13:30,23765.25,23815.8,23764.7,23804.3,7518371
2026-03-12,13:35,2026-03-12 13:35,23805.25,23819.1,23796.6,23811.8,5457969
2026-03-12,13:40,2026-03-12 13:40,23813.6,23833.15,23784.25,23789.9,4945566
2026-03-12,13:45,2026-03-12 13:45,23789.35,23801.25,23776.25,23782.55,5455323
2026-03-12,13:50,2026-03-12 13:50,23783.6,23793.1,23762.5,23771.45,4767601
2026-03-12,13:55,2026-03-12 13:55,23771.85,23772.0,23738.6,23738.6,5499582
2026-03-12,14:00,2026-03-12 14:00,23740.55,23762.45,23733.5,23752.85,5133049
2026-03-12,14:05,2026-03-12 14:05,23752.85,23771.55,23720.05,23721.5,5571148
2026-03-12,14:10,2026-03-12 14:10,23721.7,23747.65,23701.95,23738.9,8316840
2026-03-12,14:15,2026-03-12 14:15,23739.35,23758.15,23723.3,23749.35,5181260
2026-03-12,14:20,2026-03-12 14:20,23749.5,23755.8,23730.35,23732.95,4004908
2026-03-12,14:25,2026-03-12 14:25,23734.15,23744.3,23709.65,23711.8,3956024
2026-03-12,14:30,2026-03-12 14:30,23713.5,23739.95,23710.4,23738.3,4814277
2026-03-12,14:35,2026-03-12 14:35,23739.3,23745.15,23721.4,23724.95,8871600
2026-03-12,14:40,2026-03-12 14:40,23726.15,23726.15,23667.6,23673.8,6471458
2026-03-12,14:45,2026-03-12 14:45,23673.15,23684.1,23657.2,23672.55,7548778
2026-03-12,14:50,2026-03-12 14:50,23674.25,23674.7,23605.55,23633.05,10178605
2026-03-12,14:55,2026-03-12 14:55,23634.5,23647.95,23619.95,23639.45,6137757
2026-03-12,15:00,2026-03-12 15:00,23641.1,23655.8,23609.95,23654.9,14199755
2026-03-12,15:05,2026-03-12 15:05,23655.65,23669.05,23637.9,23666.8,14133155
2026-03-12,15:10,2026-03-12 15:10,23665.35,23679.8,23628.8,23633.9,17792729
2026-03-12,15:15,2026-03-12 15:15,23636.35,23652.0,23624.75,23649.55,15314886
2026-03-12,15:20,2026-03-12 15:20,23650.65,23652.15,23630.55,23635.6,17994277
2026-03-12,15:25,2026-03-12 15:25,23635.55,23643.1,23624.6,23639.35,12090589
2026-03-13,09:15,2026-03-13 09:15,23462.5,23487.9,23419.1,23450.25,22209527
2026-03-13,09:20,2026-03-13 09:20,23448.5,23451.95,23417.0,23431.6,11855212
2026-03-13,09:25,2026-03-13 09:25,23431.15,23475.55,23415.25,23469.65,9397922
2026-03-13,09:30,2026-03-13 09:30,23469.8,23492.4,23452.6,23453.9,6610528
2026-03-13,09:35,2026-03-13 09:35,23455.05,23474.45,23433.6,23454.75,7496090
2026-03-13,09:40,2026-03-13 09:40,23456.25,23462.0,23424.95,23425.25,14916202
2026-03-13,09:45,2026-03-13 09:45,23426.55,23426.85,23388.45,23397.4,9155755
2026-03-13,09:50,2026-03-13 09:50,23399.65,23399.65,23362.65,23363.1,7257653
2026-03-13,09:55,2026-03-13 09:55,23364.45,23372.55,23344.2,23347.55,6998567
2026-03-13,10:00,2026-03-13 10:00,23349.1,23369.95,23333.0,23361.1,7194152
2026-03-13,10:05,2026-03-13 10:05,23361.8,23361.8,23326.1,23337.05,5753168
2026-03-13,10:10,2026-03-13 10:10,23337.35,23344.1,23311.85,23329.8,5600241
2026-03-13,10:15,2026-03-13 10:15,23330.95,23340.7,23317.35,23317.5,4886658
2026-03-13,10:20,2026-03-13 10:20,23318.1,23334.85,23305.75,23311.85,5408316
2026-03-13,10:25,2026-03-13 10:25,23313.7,23357.1,23309.0,23353.45,5135823
2026-03-13,10:30,2026-03-13 10:30,23354.45,23360.0,23325.7,23326.75,8677354
2026-03-13,10:35,2026-03-13 10:35,23326.75,23338.0,23320.3,23337.2,5332061
2026-03-13,10:40,2026-03-13 10:40,23338.1,23342.0,23313.05,23324.55,5166400
2026-03-13,10:45,2026-03-13 10:45,23325.2,23333.4,23309.3,23330.4,5009728
2026-03-13,10:50,2026-03-13 10:50,23330.65,23379.55,23330.1,23359.2,7098797
2026-03-13,10:55,2026-03-13 10:55,23362.1,23372.7,23348.9,23372.7,4844673
2026-03-13,11:00,2026-03-13 11:00,23373.8,23374.7,23355.2,23358.25,4989556
2026-03-13,11:05,2026-03-13 11:05,23357.25,23361.65,23331.5,23334.2,4468083
2026-03-13,11:10,2026-03-13 11:10,23333.35,23339.55,23317.45,23321.65,6112261
2026-03-13,11:15,2026-03-13 11:15,23323.55,23329.25,23309.65,23324.85,4238105
2026-03-13,11:20,2026-03-13 11:20,23324.1,23342.85,23319.6,23335.95,3557561
2026-03-13,11:25,2026-03-13 11:25,23337.0,23379.2,23333.15,23377.35,5683825
2026-03-13,11:30,2026-03-13 11:30,23378.85,23400.3,23365.35,23391.3,4560086
2026-03-13,11:35,2026-03-13 11:35,23392.2,23410.2,23380.5,23405.15,5833764
2026-03-13,11:40,2026-03-13 11:40,23407.35,23414.9,23395.25,23407.9,4598002
2026-03-13,11:45,2026-03-13 11:45,23409.35,23410.6,23390.4,23403.5,4473777
2026-03-13,11:50,2026-03-13 11:50,23405.5,23409.4,23388.7,23389.25,3555022
2026-03-13,11:55,2026-03-13 11:55,23389.7,23389.7,23360.5,23361.2,6406219
2026-03-13,12:00,2026-03-13 12:00,23363.1,23365.45,23335.75,23344.15,4644382
2026-03-13,12:05,2026-03-13 12:05,23344.3,23347.5,23322.35,23331.6,4394130
2026-03-13,12:10,2026-03-13 12:10,23333.9,23342.55,23317.45,23336.15,4402469
2026-03-13,12:15,2026-03-13 12:15,23338.9,23338.9,23318.1,23318.1,4067394
2026-03-13,12:20,2026-03-13 12:20,23319.1,23319.1,23269.05,23269.55,6530930
2026-03-13,12:25,2026-03-13 12:25,23273.3,23291.25,23266.1,23278.7,7178689
2026-03-13,12:30,2026-03-13 12:30,23280.05,23281.5,23227.75,23239.2,6294784
2026-03-13,12:35,2026-03-13 12:35,23241.0,23241.8,23210.5,23216.3,6039303
2026-03-13,12:40,2026-03-13 12:40,23219.2,23219.4,23193.55,23212.4,4932559
2026-03-13,12:45,2026-03-13 12:45,23214.0,23245.5,23210.2,23240.9,4090223
2026-03-13,12:50,2026-03-13 12:50,23241.65,23250.2,23213.55,23229.6,4149340
2026-03-13,12:55,2026-03-13 12:55,23230.45,23242.8,23213.3,23231.1,4434711
2026-03-13,13:00,2026-03-13 13:00,23232.55,23239.55,23217.75,23221.25,4772205
2026-03-13,13:05,2026-03-13 13:05,23223.75,23227.5,23191.7,23197.15,3841616
2026-03-13,13:10,2026-03-13 13:10,23198.45,23210.2,23173.55,23175.7,6628056
2026-03-13,13:15,2026-03-13 13:15,23178.35,23192.75,23167.95,23171.6,5534911
2026-03-13,13:20,2026-03-13 13:20,23171.75,23187.65,23136.5,23141.25,5608039
2026-03-13,13:25,2026-03-13 13:25,23142.75,23191.3,23139.25,23189.35,5123306
2026-03-13,13:30,2026-03-13 13:30,23191.35,23202.65,23166.4,23167.95,4669292
2026-03-13,13:35,2026-03-13 13:35,23169.2,23171.1,23142.7,23145.65,4731917
2026-03-13,13:40,2026-03-13 13:40,23147.25,23165.2,23131.15,23157.15,5868335
2026-03-13,13:45,2026-03-13 13:45,23159.1,23168.4,23148.85,23160.25,8200205
2026-03-13,13:50,2026-03-13 13:50,23162.3,23166.9,23119.6,23138.25,5785480
2026-03-13,13:55,2026-03-13 13:55,23141.55,23150.3,23112.0,23118.95,5176690
2026-03-13,14:00,2026-03-13 14:00,23121.65,23161.45,23120.2,23143.2,5735632
2026-03-13,14:05,2026-03-13 14:05,23145.25,23178.5,23142.25,23170.25,7663725
2026-03-13,14:10,2026-03-13 14:10,23172.75,23205.5,23167.15,23201.85,6652381
2026-03-13,14:15,2026-03-13 14:15,23203.65,23220.0,23182.75,23219.2,7091672
2026-03-13,14:20,2026-03-13 14:20,23221.45,23233.5,23201.75,23210.2,6207362
2026-03-13,14:25,2026-03-13 14:25,23210.8,23225.1,23199.75,23202.5,5811255
2026-03-13,14:30,2026-03-13 14:30,23204.6,23258.6,23203.6,23235.5,7986705
2026-03-13,14:35,2026-03-13 14:35,23242.1,23249.05,23208.3,23208.65,7447931
2026-03-13,14:40,2026-03-13 14:40,23211.75,23231.55,23205.65,23224.8,7625766
2026-03-13,14:45,2026-03-13 14:45,23228.7,23231.2,23177.55,23191.05,8034197
2026-03-13,14:50,2026-03-13 14:50,23193.65,23212.5,23166.6,23167.35,7147989
2026-03-13,14:55,2026-03-13 14:55,23172.65,23182.1,23144.55,23177.9,8850315
2026-03-13,15:00,2026-03-13 15:00,23181.05,23190.55,23135.75,23138.05,11840621
2026-03-13,15:05,2026-03-13 15:05,23137.45,23147.95,23125.1,23132.75,12112044
2026-03-13,15:10,2026-03-13 15:10,23136.9,23167.05,23127.75,23162.55,13426456
2026-03-13,15:15,2026-03-13 15:15,23161.45,23165.15,23145.65,23153.2,14880421
2026-03-13,15:20,2026-03-13 15:20,23153.1,23154.1,23138.5,23148.15,13319093
2026-03-13,15:25,2026-03-13 15:25,23147.3,23173.85,23147.0,23170.9,11146195
2026-03-16,09:15,2026-03-16 09:15,23116.1,23248.05,23098.0,23172.55,23543874
2026-03-16,09:20,2026-03-16 09:20,23173.8,23188.3,23131.65,23139.9,11641569
2026-03-16,09:25,2026-03-16 09:25,23140.85,23166.95,23111.3,23157.75,10293419
2026-03-16,09:30,2026-03-16 09:30,23159.5,23224.3,23158.2,23219.65,7668804
2026-03-16,09:35,2026-03-16 09:35,23221.15,23270.0,23217.05,23242.75,7946591
2026-03-16,09:40,2026-03-16 09:40,23240.95,23284.65,23237.4,23240.5,7399213
2026-03-16,09:45,2026-03-16 09:45,23240.2,23276.95,23231.45,23241.0,6116949
2026-03-16,09:50,2026-03-16 09:50,23240.85,23261.0,23221.0,23226.5,5353636
2026-03-16,09:55,2026-03-16 09:55,23226.65,23232.75,23164.7,23167.55,5707589
2026-03-16,10:00,2026-03-16 10:00,23168.8,23198.35,23167.45,23196.95,5831078
2026-03-16,10:05,2026-03-16 10:05,23197.1,23210.5,23182.15,23184.45,4009479
2026-03-16,10:10,2026-03-16 10:10,23184.75,23189.95,23143.25,23155.2,5432731
2026-03-16,10:15,2026-03-16 10:15,23154.35,23154.35,23099.8,23100.0,5639772
2026-03-16,10:20,2026-03-16 10:20,23100.6,23100.6,23055.1,23056.7,5686295
2026-03-16,10:25,2026-03-16 10:25,23055.7,23065.95,23024.45,23024.95,6158678
2026-03-16,10:30,2026-03-16 10:30,23026.5,23074.5,23025.95,23045.1,5422411
2026-03-16,10:35,2026-03-16 10:35,23045.3,23076.75,23038.8,23057.7,4286150
2026-03-16,10:40,2026-03-16 10:40,23056.85,23068.3,23047.75,23052.05,3778160
2026-03-16,10:45,2026-03-16 10:45,23053.5,23064.25,23028.0,23035.6,3452647
2026-03-16,10:50,2026-03-16 10:50,23035.7,23041.5,22985.15,22986.25,6017474
2026-03-16,10:55,2026-03-16 10:55,22987.35,23034.05,22955.25,23032.25,7196788
2026-03-16,11:00,2026-03-16 11:00,23032.95,23049.05,23012.95,23043.05,5214585
2026-03-16,11:05,2026-03-16 11:05,23043.85,23079.0,23030.4,23076.75,4202283
2026-03-16,11:10,2026-03-16 11:10,23077.9,23097.45,23060.65,23092.35,3843806
2026-03-16,11:15,2026-03-16 11:15,23093.55,23190.15,23090.7,23187.75,6222887
2026-03-16,11:20,2026-03-16 11:20,23189.05,23199.45,23164.5,23185.4,5534382
2026-03-16,11:25,2026-03-16 11:25,23182.7,23184.15,23160.55,23172.2,3604568
2026-03-16,11:30,2026-03-16 11:30,23172.75,23218.15,23163.2,23196.85,4881993
2026-03-16,11:35,2026-03-16 11:35,23197.1,23209.05,23161.35,23166.7,3898007
2026-03-16,11:40,2026-03-16 11:40,23166.35,23184.05,23148.35,23149.5,3701639
2026-03-16,11:45,2026-03-16 11:45,23149.9,23166.45,23144.8,23160.0,3451059
2026-03-16,11:50,2026-03-16 11:50,23160.0,23170.55,23144.95,23154.2,2754464
2026-03-16,11:55,2026-03-16 11:55,23152.95,23172.0,23138.1,23144.95,3655690
2026-03-16,12:00,2026-03-16 12:00,23144.4,23188.95,23144.4,23155.1,3127438
2026-03-16,12:05,2026-03-16 12:05,23155.5,23168.15,23150.8,23159.55,2548388
2026-03-16,12:10,2026-03-16 12:10,23159.2,23185.85,23147.3,23162.85,3281575
2026-03-16,12:15,2026-03-16 12:15,23163.3,23169.15,23154.35,23166.05,3460384
2026-03-16,12:20,2026-03-16 12:20,23166.5,23192.85,23162.3,23191.9,3970320
2026-03-16,12:25,2026-03-16 12:25,23191.15,23196.45,23171.15,23179.4,4123961
2026-03-16,12:30,2026-03-16 12:30,23178.65,23182.55,23138.85,23144.65,5068879
2026-03-16,12:35,2026-03-16 12:35,23144.2,23160.55,23114.5,23159.45,5187701
2026-03-16,12:40,2026-03-16 12:40,23159.45,23173.65,23151.45,23154.8,4909467
2026-03-16,12:45,2026-03-16 12:45,23154.15,23154.6,23100.6,23102.65,5645548
2026-03-16,12:50,2026-03-16 12:50,23102.4,23128.7,23093.25,23123.5,4501225
2026-03-16,12:55,2026-03-16 12:55,23123.2,23132.75,23114.8,23132.4,4415098
2026-03-16,13:00,2026-03-16 13:00,23132.75,23172.6,23121.9,23121.9,4723401
2026-03-16,13:05,2026-03-16 13:05,23120.95,23131.85,23086.35,23121.55,5389155
2026-03-16,13:10,2026-03-16 13:10,23120.25,23146.3,23111.65,23116.8,4133575
2026-03-16,13:15,2026-03-16 13:15,23117.95,23151.1,23115.4,23151.1,4333424
2026-03-16,13:20,2026-03-16 13:20,23150.7,23168.95,23144.8,23149.2,5385679
2026-03-16,13:25,2026-03-16 13:25,23150.0,23161.8,23121.85,23124.5,4779909
2026-03-16,13:30,2026-03-16 13:30,23123.75,23144.2,23100.7,23108.3,5051081
2026-03-16,13:35,2026-03-16 13:35,23107.9,23130.45,23106.65,23128.2,4836413
2026-03-16,13:40,2026-03-16 13:40,23126.35,23147.85,23107.05,23108.25,5262713
2026-03-16,13:45,2026-03-16 13:45,23107.45,23119.35,23092.85,23107.8,3749402
2026-03-16,13:50,2026-03-16 13:50,23107.85,23142.55,23097.15,23130.05,4854655
2026-03-16,13:55,2026-03-16 13:55,23127.6,23133.25,23115.75,23130.8,3457043
2026-03-16,14:00,2026-03-16 14:00,23130.45,23134.45,23121.6,23123.7,3485427
2026-03-16,14:05,2026-03-16 14:05,23123.45,23142.9,23116.0,23137.6,4075470
2026-03-16,14:10,2026-03-16 14:10,23136.35,23180.7,23136.35,23155.3,5495446
2026-03-16,14:15,2026-03-16 14:15,23155.05,23226.85,23134.6,23225.6,6745844
2026-03-16,14:20,2026-03-16 14:20,23226.55,23343.6,23225.2,23336.45,15908591
2026-03-16,14:25,2026-03-16 14:25,23339.7,23374.7,23302.15,23347.85,16161290
2026-03-16,14:30,2026-03-16 14:30,23352.85,23386.55,23337.65,23365.85,16573264
2026-03-16,14:35,2026-03-16 14:35,23370.25,23418.55,23358.1,23411.6,15657270
2026-03-16,14:40,2026-03-16 14:40,23415.0,23450.8,23390.05,23427.85,16098522
2026-03-16,14:45,2026-03-16 14:45,23429.85,23462.6,23411.3,23453.85,13152733
2026-03-16,14:50,2026-03-16 14:50,23456.25,23502.0,23435.1,23458.15,13680734
2026-03-16,14:55,2026-03-16 14:55,23463.75,23475.45,23436.75,23454.05,15442326
2026-03-16,15:00,2026-03-16 15:00,23455.3,23459.25,23388.75,23401.7,19082241
2026-03-16,15:05,2026-03-16 15:05,23403.55,23458.0,23403.55,23440.2,15203234
2026-03-16,15:10,2026-03-16 15:10,23442.2,23460.2,23418.25,23435.25,16203283
2026-03-16,15:15,2026-03-16 15:15,23435.8,23436.05,23373.25,23376.0,13816408
2026-03-16,15:20,2026-03-16 15:20,23376.7,23385.35,23352.65,23354.55,13935020
2026-03-16,15:25,2026-03-16 15:25,23354.85,23359.9,23338.6,23355.6,9857808
2026-03-17,09:15,2026-03-17 09:15,23493.2,23493.2,23360.3,23395.55,15327351
2026-03-17,09:20,2026-03-17 09:20,23393.2,23424.25,23363.75,23363.75,9357921
2026-03-17,09:25,2026-03-17 09:25,23359.15,23391.05,23346.6,23373.15,8109890
2026-03-17,09:30,2026-03-17 09:30,23376.7,23402.85,23359.5,23388.8,7240063
2026-03-17,09:35,2026-03-17 09:35,23390.65,23440.3,23385.05,23437.25,7815811
2026-03-17,09:40,2026-03-17 09:40,23437.8,23462.9,23417.3,23453.15,8441308
2026-03-17,09:45,2026-03-17 09:45,23453.45,23486.3,23431.7,23484.5,5572998
2026-03-17,09:50,2026-03-17 09:50,23484.4,23488.3,23456.4,23483.0,5929839
2026-03-17,09:55,2026-03-17 09:55,23484.2,23501.75,23466.0,23496.75,4108973
2026-03-17,10:00,2026-03-17 10:00,23496.7,23525.2,23496.7,23513.45,5205627
2026-03-17,10:05,2026-03-17 10:05,23512.75,23530.6,23512.65,23520.5,4602854
2026-03-17,10:10,2026-03-17 10:10,23518.55,23537.1,23504.8,23525.85,4094729
2026-03-17,10:15,2026-03-17 10:15,23525.75,23555.5,23525.75,23554.3,6360815
2026-03-17,10:20,2026-03-17 10:20,23553.3,23577.55,23536.6,23563.7,7349192
2026-03-17,10:25,2026-03-17 10:25,23563.5,23566.15,23500.2,23501.85,4944694
2026-03-17,10:30,2026-03-17 10:30,23501.7,23510.65,23467.85,23467.85,5766612
2026-03-17,10:35,2026-03-17 10:35,23469.55,23490.6,23443.0,23489.7,4481760
2026-03-17,10:40,2026-03-17 10:40,23489.55,23493.8,23461.25,23483.9,3965400
2026-03-17,10:45,2026-03-17 10:45,23484.65,23523.15,23475.5,23522.65,4335207
2026-03-17,10:50,2026-03-17 10:50,23522.95,23533.0,23510.25,23521.15,4148591
2026-03-17,10:55,2026-03-17 10:55,23519.4,23533.9,23509.4,23523.85,4117388
2026-03-17,11:00,2026-03-17 11:00,23523.85,23528.15,23508.0,23514.9,3311736
2026-03-17,11:05,2026-03-17 11:05,23514.4,23526.95,23481.6,23490.45,4190734
2026-03-17,11:10,2026-03-17 11:10,23491.7,23507.4,23467.4,23471.45,3926995
2026-03-17,11:15,2026-03-17 11:15,23470.45,23479.5,23438.55,23438.55,4706594
2026-03-17,11:20,2026-03-17 11:20,23439.75,23448.15,23411.15,23412.65,5627190
2026-03-17,11:25,2026-03-17 11:25,23412.35,23416.85,23375.95,23384.35,6999810
2026-03-17,11:30,2026-03-17 11:30,23385.25,23394.0,23363.45,23365.75,5806395
2026-03-17,11:35,2026-03-17 11:35,23365.6,23409.9,23355.7,23390.45,5640152
2026-03-17,11:40,2026-03-17 11:40,23389.4,23408.15,23379.95,23390.45,3287202
2026-03-17,11:45,2026-03-17 11:45,23390.9,23417.85,23387.8,23392.65,2547808
2026-03-17,11:50,2026-03-17 11:50,23392.3,23429.6,23389.05,23410.6,3308476
2026-03-17,11:55,2026-03-17 11:55,23410.4,23419.6,23376.05,23415.35,3462600
2026-03-17,12:00,2026-03-17 12:00,23414.75,23421.95,23402.6,23410.4,2657747
2026-03-17,12:05,2026-03-17 12:05,23411.4,23438.0,23408.2,23435.6,2479340
2026-03-17,12:10,2026-03-17 12:10,23435.3,23450.05,23424.3,23435.15,3314278
2026-03-17,12:15,2026-03-17 12:15,23435.15,23438.3,23382.25,23383.45,3835677
2026-03-17,12:20,2026-03-17 12:20,23383.7,23413.05,23381.55,23385.2,2762738
2026-03-17,12:25,2026-03-17 12:25,23386.85,23408.75,23385.35,23406.35,2716744
2026-03-17,12:30,2026-03-17 12:30,23407.05,23415.2,23380.35,23411.0,3332104
2026-03-17,12:35,2026-03-17 12:35,23410.55,23437.1,23409.85,23424.5,3188192
2026-03-17,12:40,2026-03-17 12:40,23423.25,23457.25,23412.85,23450.9,3676632
2026-03-17,12:45,2026-03-17 12:45,23449.3,23488.15,23449.3,23488.15,4498311
2026-03-17,12:50,2026-03-17 12:50,23486.75,23496.2,23459.75,23465.5,4253055
2026-03-17,12:55,2026-03-17 12:55,23464.85,23482.6,23456.95,23477.55,3531706
2026-03-17,13:00,2026-03-17 13:00,23477.05,23512.55,23477.05,23505.2,6925975
2026-03-17,13:05,2026-03-17 13:05,23504.9,23520.3,23476.15,23516.3,6562597
2026-03-17,13:10,2026-03-17 13:10,23516.25,23533.5,23515.95,23532.95,4195976
2026-03-17,13:15,2026-03-17 13:15,23533.95,23557.8,23533.95,23554.7,6320576
2026-03-17,13:20,2026-03-17 13:20,23555.25,23560.2,23537.15,23539.9,4293315
2026-03-17,13:25,2026-03-17 13:25,23540.95,23544.75,23524.85,23541.05,4744450
2026-03-17,13:30,2026-03-17 13:30,23542.5,23592.05,23542.5,23549.9,6126698
2026-03-17,13:35,2026-03-17 13:35,23550.1,23554.35,23512.55,23513.2,4441084
2026-03-17,13:40,2026-03-17 13:40,23513.5,23540.75,23504.15,23530.75,4125726
2026-03-17,13:45,2026-03-17 13:45,23531.75,23558.4,23531.75,23557.45,3696679
2026-03-17,13:50,2026-03-17 13:50,23557.5,23568.3,23547.5,23547.5,3602207
2026-03-17,13:55,2026-03-17 13:55,23547.85,23554.2,23531.05,23541.85,3413459
2026-03-17,14:00,2026-03-17 14:00,23542.5,23573.2,23533.4,23566.7,5757154
2026-03-17,14:05,2026-03-17 14:05,23565.55,23573.3,23537.25,23569.7,5229730
2026-03-17,14:10,2026-03-17 14:10,23570.0,23608.95,23570.0,23600.0,5886599
2026-03-17,14:15,2026-03-17 14:15,23600.4,23606.85,23551.15,23562.1,8682418
2026-03-17,14:20,2026-03-17 14:20,23562.9,23575.3,23534.85,23545.75,5462513
2026-03-17,14:25,2026-03-17 14:25,23545.0,23565.6,23526.85,23554.05,5579494
2026-03-17,14:30,2026-03-17 14:30,23559.35,23587.8,23559.35,23579.3,6442113
2026-03-17,14:35,2026-03-17 14:35,23580.3,23600.15,23575.1,23590.2,5294593
2026-03-17,14:40,2026-03-17 14:40,23592.4,23615.35,23585.35,23587.1,4924245
2026-03-17,14:45,2026-03-17 14:45,23588.35,23599.15,23567.55,23598.6,10025329
2026-03-17,14:50,2026-03-17 14:50,23600.05,23624.15,23592.1,23622.45,8657971
2026-03-17,14:55,2026-03-17 14:55,23622.4,23656.8,23621.95,23654.5,7939831
2026-03-17,15:00,2026-03-17 15:00,23655.2,23655.2,23569.25,23592.95,19862338
2026-03-17,15:05,2026-03-17 15:05,23591.85,23614.6,23574.45,23593.6,15602733
2026-03-17,15:10,2026-03-17 15:10,23594.45,23610.7,23567.5,23607.5,14637740
2026-03-17,15:15,2026-03-17 15:15,23607.05,23607.65,23546.55,23563.0,17803050
2026-03-17,15:20,2026-03-17 15:20,23564.2,23580.55,23552.7,23559.0,14352841
2026-03-17,15:25,2026-03-17 15:25,23558.6,23568.4,23553.15,23558.8,10325035
2026-03-18,09:15,2026-03-18 09:15,23632.9,23726.75,23618.45,23721.9,22024538
2026-03-18,09:20,2026-03-18 09:20,23721.6,23738.9,23675.5,23676.15,11217352
2026-03-18,09:25,2026-03-18 09:25,23677.0,23724.15,23667.3,23715.3,8543443
2026-03-18,09:30,2026-03-18 09:30,23714.8,23735.05,23714.8,23725.3,7006902
2026-03-18,09:35,2026-03-18 09:35,23726.8,23729.35,23706.45,23708.05,6370712
2026-03-18,09:40,2026-03-18 09:40,23708.1,23731.1,23700.1,23721.75,5129498
2026-03-18,09:45,2026-03-18 09:45,23720.35,23733.95,23704.45,23732.2,6465315
2026-03-18,09:50,2026-03-18 09:50,23733.4,23754.65,23720.85,23724.35,6728089
2026-03-18,09:55,2026-03-18 09:55,23724.3,23725.2,23669.55,23691.25,6547195
2026-03-18,10:00,2026-03-18 10:00,23691.15,23695.65,23650.6,23657.05,6580744
2026-03-18,10:05,2026-03-18 10:05,23658.05,23664.0,23643.3,23650.2,4862743
2026-03-18,10:10,2026-03-18 10:10,23649.35,23666.3,23640.7,23664.3,3779346
2026-03-18,10:15,2026-03-18 10:15,23664.95,23711.0,23664.65,23707.35,4786547
2026-03-18,10:20,2026-03-18 10:20,23707.7,23736.05,23701.35,23735.85,4093284
2026-03-18,10:25,2026-03-18 10:25,23734.9,23737.85,23716.7,23722.95,4125169
2026-03-18,10:30,2026-03-18 10:30,23721.65,23739.45,23713.45,23732.15,3958326
2026-03-18,10:35,2026-03-18 10:35,23730.4,23746.0,23723.0,23731.5,3592272
2026-03-18,10:40,2026-03-18 10:40,23730.55,23741.2,23718.3,23723.35,3716287
2026-03-18,10:45,2026-03-18 10:45,23721.65,23761.15,23721.1,23759.85,4778194
2026-03-18,10:50,2026-03-18 10:50,23759.55,23770.5,23752.65,23768.15,4890365
2026-03-18,10:55,2026-03-18 10:55,23767.55,23778.55,23764.2,23770.6,4890859
2026-03-18,11:00,2026-03-18 11:00,23770.8,23786.5,23764.15,23784.4,4697421
2026-03-18,11:05,2026-03-18 11:05,23782.45,23784.2,23764.55,23777.15,3979162
2026-03-18,11:10,2026-03-18 11:10,23776.6,23791.5,23768.45,23785.3,3741638
2026-03-18,11:15,2026-03-18 11:15,23784.7,23787.05,23770.6,23787.05,3809070
2026-03-18,11:20,2026-03-18 11:20,23786.25,23801.1,23781.85,23798.2,3758487
2026-03-18,11:25,2026-03-18 11:25,23797.85,23806.4,23779.75,23799.6,3441984
2026-03-18,11:30,2026-03-18 11:30,23798.75,23804.35,23790.1,23791.65,3605696
2026-03-18,11:35,2026-03-18 11:35,23791.7,23816.0,23783.1,23812.95,4365880
2026-03-18,11:40,2026-03-18 11:40,23813.35,23835.95,23812.1,23817.95,4158493
2026-03-18,11:45,2026-03-18 11:45,23816.9,23820.4,23804.15,23804.15,3233935
2026-03-18,11:50,2026-03-18 11:50,23804.3,23822.5,23803.55,23820.55,2959913
2026-03-18,11:55,2026-03-18 11:55,23820.15,23821.3,23806.3,23806.3,2834165
2026-03-18,12:00,2026-03-18 12:00,23806.65,23810.8,23787.0,23793.3,3864684
2026-03-18,12:05,2026-03-18 12:05,23793.45,23797.2,23777.75,23779.6,2966704
2026-03-18,12:10,2026-03-18 12:10,23779.3,23789.55,23772.15,23779.65,3155877
2026-03-18,12:15,2026-03-18 12:15,23779.2,23787.7,23775.15,23786.45,2787008
2026-03-18,12:20,2026-03-18 12:20,23785.7,23788.8,23769.4,23781.45,3743722
2026-03-18,12:25,2026-03-18 12:25,23781.6,23784.2,23760.9,23767.0,4059641
2026-03-18,12:30,2026-03-18 12:30,23767.15,23789.95,23767.15,23780.85,3774387
2026-03-18,12:35,2026-03-18 12:35,23780.2,23788.8,23765.3,23772.6,4289811
2026-03-18,12:40,2026-03-18 12:40,23772.6,23778.2,23762.4,23778.2,3493773
2026-03-18,12:45,2026-03-18 12:45,23777.7,23785.75,23764.95,23785.75,3330328
2026-03-18,12:50,2026-03-18 12:50,23785.45,23794.5,23768.35,23772.45,3557405
2026-03-18,12:55,2026-03-18 12:55,23771.6,23781.15,23765.75,23775.9,2777594
2026-03-18,13:00,2026-03-18 13:00,23775.15,23798.2,23775.15,23796.15,4037918
2026-03-18,13:05,2026-03-18 13:05,23796.45,23797.6,23766.4,23777.85,3335061
2026-03-18,13:10,2026-03-18 13:10,23776.5,23803.2,23774.7,23803.2,3683537
2026-03-18,13:15,2026-03-18 13:15,23802.4,23810.2,23792.4,23796.6,4132434
2026-03-18,13:20,2026-03-18 13:20,23798.0,23829.25,23797.25,23828.7,4632232
2026-03-18,13:25,2026-03-18 13:25,23828.2,23836.75,23810.35,23824.35,3547084
2026-03-18,13:30,2026-03-18 13:30,23823.85,23838.2,23816.0,23833.15,4487505
2026-03-18,13:35,2026-03-18 13:35,23834.95,23843.35,23824.15,23841.4,3840089
2026-03-18,13:40,2026-03-18 13:40,23840.5,23844.8,23829.65,23844.4,3338296
2026-03-18,13:45,2026-03-18 13:45,23845.45,23845.95,23824.15,23829.45,3218591
2026-03-18,13:50,2026-03-18 13:50,23828.15,23850.95,23819.05,23845.8,3534430
2026-03-18,13:55,2026-03-18 13:55,23844.6,23859.35,23831.2,23833.65,3794338
2026-03-18,14:00,2026-03-18 14:00,23832.5,23851.5,23820.85,23826.75,4658011
2026-03-18,14:05,2026-03-18 14:05,23827.35,23830.25,23812.95,23828.0,3545827
2026-03-18,14:10,2026-03-18 14:10,23827.5,23836.05,23809.6,23817.65,3118907
2026-03-18,14:15,2026-03-18 14:15,23817.5,23845.6,23811.1,23839.35,3633598
2026-03-18,14:20,2026-03-18 14:20,23839.85,23852.6,23833.15,23849.2,3889339
2026-03-18,14:25,2026-03-18 14:25,23848.7,23862.25,23835.25,23835.25,3555703
2026-03-18,14:30,2026-03-18 14:30,23836.45,23840.05,23795.8,23796.15,4860060
2026-03-18,14:35,2026-03-18 14:35,23795.9,23805.7,23786.95,23801.15,3877032
2026-03-18,14:40,2026-03-18 14:40,23801.5,23811.4,23779.7,23780.6,4606914
2026-03-18,14:45,2026-03-18 14:45,23780.55,23802.55,23775.55,23799.05,3713808
2026-03-18,14:50,2026-03-18 14:50,23798.6,23808.35,23780.6,23783.75,3946848
2026-03-18,14:55,2026-03-18 14:55,23785.55,23804.0,23781.85,23801.8,4290107
2026-03-18,15:00,2026-03-18 15:00,23801.65,23809.8,23766.9,23804.7,10375050
2026-03-18,15:05,2026-03-18 15:05,23803.55,23806.0,23792.9,23795.25,8732348
2026-03-18,15:10,2026-03-18 15:10,23795.9,23798.55,23789.0,23792.55,10357377
2026-03-18,15:15,2026-03-18 15:15,23792.9,23792.9,23766.15,23766.8,11210398
2026-03-18,15:20,2026-03-18 15:20,23767.45,23768.1,23730.65,23751.25,13437016
2026-03-18,15:25,2026-03-18 15:25,23750.95,23770.05,23750.05,23764.1,11522961
2026-03-18,15:30,2026-03-18 15:30,23764.1,23764.1,23764.1,23764.1,1416401
2026-03-19,09:15,2026-03-19 09:15,23197.75,23378.7,23180.95,23289.5,49705970
2026-03-19,09:20,2026-03-19 09:20,23289.7,23345.15,23276.8,23345.15,18309269
2026-03-19,09:25,2026-03-19 09:25,23345.45,23352.5,23316.05,23316.05,15103027
2026-03-19,09:30,2026-03-19 09:30,23317.2,23325.6,23296.7,23301.0,9649666
2026-03-19,09:35,2026-03-19 09:35,23299.7,23306.8,23255.5,23257.25,14348159
2026-03-19,09:40,2026-03-19 09:40,23261.1,23281.65,23255.7,23271.0,8030314
2026-03-19,09:45,2026-03-19 09:45,23269.6,23273.35,23226.75,23238.3,12466894
2026-03-19,09:50,2026-03-19 09:50,23235.9,23263.65,23231.2,23239.25,12880927
2026-03-19,09:55,2026-03-19 09:55,23239.15,23260.3,23229.35,23242.7,6506381
2026-03-19,10:00,2026-03-19 10:00,23241.95,23269.95,23230.45,23264.85,8292270
2026-03-19,10:05,2026-03-19 10:05,23264.9,23268.35,23247.6,23261.2,4509474
2026-03-19,10:10,2026-03-19 10:10,23260.5,23260.85,23235.7,23236.65,7322971
2026-03-19,10:15,2026-03-19 10:15,23234.75,23234.95,23204.05,23217.0,8931925
2026-03-19,10:20,2026-03-19 10:20,23216.95,23260.0,23214.75,23260.0,5623783
2026-03-19,10:25,2026-03-19 10:25,23258.45,23283.95,23257.95,23272.4,6041423
2026-03-19,10:30,2026-03-19 10:30,23272.4,23287.15,23272.4,23274.15,6286171
2026-03-19,10:35,2026-03-19 10:35,23275.2,23317.8,23271.7,23311.6,6353056
2026-03-19,10:40,2026-03-19 10:40,23313.35,23316.3,23287.3,23311.7,5518158
2026-03-19,10:45,2026-03-19 10:45,23312.6,23312.6,23275.05,23276.75,5488550
2026-03-19,10:50,2026-03-19 10:50,23276.75,23291.25,23272.6,23287.5,4223118
2026-03-19,10:55,2026-03-19 10:55,23286.4,23291.7,23258.3,23260.45,5910533
2026-03-19,11:00,2026-03-19 11:00,23260.65,23264.65,23244.65,23250.1,5998432
2026-03-19,11:05,2026-03-19 11:05,23251.05,23259.25,23238.55,23239.4,4133803
2026-03-19,11:10,2026-03-19 11:10,23241.45,23254.95,23217.1,23220.95,6047200
2026-03-19,11:15,2026-03-19 11:15,23221.35,23228.9,23207.55,23218.7,5196107
2026-03-19,11:20,2026-03-19 11:20,23219.55,23253.6,23214.95,23246.45,5347441
2026-03-19,11:25,2026-03-19 11:25,23244.9,23246.0,23224.45,23228.05,4067611
2026-03-19,11:30,2026-03-19 11:30,23227.35,23250.1,23225.55,23248.9,4096025
2026-03-19,11:35,2026-03-19 11:35,23246.75,23253.85,23237.65,23240.6,3692095
2026-03-19,11:40,2026-03-19 11:40,23240.35,23246.75,23229.2,23241.65,3941972
2026-03-19,11:45,2026-03-19 11:45,23241.6,23260.0,23236.95,23246.2,3536315
2026-03-19,11:50,2026-03-19 11:50,23246.45,23256.8,23242.45,23245.9,3177353
2026-03-19,11:55,2026-03-19 11:55,23245.6,23248.0,23236.2,23241.05,3136726
2026-03-19,12:00,2026-03-19 12:00,23241.9,23245.15,23226.35,23231.6,3233572
2026-03-19,12:05,2026-03-19 12:05,23232.65,23240.8,23217.85,23234.0,4267996
2026-03-19,12:10,2026-03-19 12:10,23231.9,23268.75,23226.9,23265.5,4218277
2026-03-19,12:15,2026-03-19 12:15,23265.5,23281.2,23257.1,23276.75,4386092
2026-03-19,12:20,2026-03-19 12:20,23276.1,23276.3,23238.95,23245.95,3597047
2026-03-19,12:25,2026-03-19 12:25,23244.95,23257.95,23240.95,23254.85,3271659
2026-03-19,12:30,2026-03-19 12:30,23254.9,23264.7,23235.85,23248.95,2752342
2026-03-19,12:35,2026-03-19 12:35,23249.05,23261.15,23244.25,23253.45,2786151
2026-03-19,12:40,2026-03-19 12:40,23253.35,23255.1,23229.3,23235.65,3626730
2026-03-19,12:45,2026-03-19 12:45,23234.85,23274.9,23233.8,23270.2,3757565
2026-03-19,12:50,2026-03-19 12:50,23271.5,23274.95,23253.4,23273.85,3722730
2026-03-19,12:55,2026-03-19 12:55,23274.6,23277.3,23257.45,23264.65,2678973
2026-03-19,13:00,2026-03-19 13:00,23265.35,23265.6,23235.6,23238.9,3545596
2026-03-19,13:05,2026-03-19 13:05,23238.7,23243.9,23226.15,23234.15,3457674
2026-03-19,13:10,2026-03-19 13:10,23233.6,23255.05,23194.7,23200.25,6437445
2026-03-19,13:15,2026-03-19 13:15,23200.35,23208.7,23194.85,23200.9,4215952
2026-03-19,13:20,2026-03-19 13:20,23200.7,23206.1,23181.8,23182.75,4023661
2026-03-19,13:25,2026-03-19 13:25,23183.7,23195.7,23172.15,23176.65,4980619
2026-03-19,13:30,2026-03-19 13:30,23176.7,23194.95,23174.9,23175.85,4300768
2026-03-19,13:35,2026-03-19 13:35,23177.45,23204.5,23173.8,23204.5,3927770
2026-03-19,13:40,2026-03-19 13:40,23205.2,23217.85,23198.3,23199.15,3903461
2026-03-19,13:45,2026-03-19 13:45,23198.55,23203.75,23182.9,23190.85,3549213
2026-03-19,13:50,2026-03-19 13:50,23190.25,23199.5,23185.35,23198.3,3037694
2026-03-19,13:55,2026-03-19 13:55,23197.75,23200.5,23155.7,23163.05,4481135
2026-03-19,14:00,2026-03-19 14:00,23163.3,23171.8,23122.9,23128.05,5282907
2026-03-19,14:05,2026-03-19 14:05,23129.1,23132.5,23105.45,23107.25,5309008
2026-03-19,14:10,2026-03-19 14:10,23106.45,23113.85,23087.95,23111.3,6647209
2026-03-19,14:15,2026-03-19 14:15,23111.55,23137.05,23108.05,23128.75,4196049
2026-03-19,14:20,2026-03-19 14:20,23129.0,23133.45,23109.3,23127.9,4028106
2026-03-19,14:25,2026-03-19 14:25,23128.2,23129.8,23096.9,23100.65,4396710
2026-03-19,14:30,2026-03-19 14:30,23101.1,23121.4,23097.95,23117.15,4568713
2026-03-19,14:35,2026-03-19 14:35,23116.6,23127.55,23097.55,23098.9,5660554
2026-03-19,14:40,2026-03-19 14:40,23098.2,23115.6,23083.75,23110.7,7658579
2026-03-19,14:45,2026-03-19 14:45,23110.55,23111.55,23052.5,23064.0,7789113
2026-03-19,14:50,2026-03-19 14:50,23062.15,23064.8,23026.95,23033.5,6505045
2026-03-19,14:55,2026-03-19 14:55,23033.45,23044.45,22947.55,22954.05,13979267
2026-03-19,15:00,2026-03-19 15:00,22954.9,23016.2,22930.35,22990.0,22037702
2026-03-19,15:05,2026-03-19 15:05,22988.6,22993.7,22954.2,22971.9,16737146
2026-03-19,15:10,2026-03-19 15:10,22972.05,23019.1,22965.9,22987.25,16409620
2026-03-19,15:15,2026-03-19 15:15,22987.55,23037.4,22977.65,23037.25,13317126
2026-03-19,15:20,2026-03-19 15:20,23037.5,23072.95,23036.0,23069.15,15866425
2026-03-19,15:25,2026-03-19 15:25,23068.7,23093.9,23061.75,23087.85,11831125
2026-03-20,09:15,2026-03-20 09:15,23110.15,23285.2,23109.9,23281.5,31817470
2026-03-20,09:20,2026-03-20 09:20,23283.45,23303.85,23223.25,23254.45,15498753
2026-03-20,09:25,2026-03-20 09:25,23257.4,23287.5,23248.4,23286.8,8961357
2026-03-20,09:30,2026-03-20 09:30,23287.05,23318.55,23277.9,23313.8,9850114
2026-03-20,09:35,2026-03-20 09:35,23314.9,23319.7,23262.7,23270.8,9940252
2026-03-20,09:40,2026-03-20 09:40,23271.4,23271.4,23228.95,23228.95,7334573
2026-03-20,09:45,2026-03-20 09:45,23230.6,23249.8,23222.75,23246.9,7539282
2026-03-20,09:50,2026-03-20 09:50,23248.6,23266.7,23236.15,23244.3,6439799
2026-03-20,09:55,2026-03-20 09:55,23243.35,23264.2,23239.1,23259.0,6372819
2026-03-20,10:00,2026-03-20 10:00,23260.2,23261.05,23220.7,23233.95,5539736
2026-03-20,10:05,2026-03-20 10:05,23234.25,23258.2,23232.8,23246.45,6120113
2026-03-20,10:10,2026-03-20 10:10,23244.95,23260.75,23236.4,23243.65,4853981
2026-03-20,10:15,2026-03-20 10:15,23243.4,23246.8,23200.65,23219.6,5821485
2026-03-20,10:20,2026-03-20 10:20,23220.9,23244.15,23205.7,23244.15,5732010
2026-03-20,10:25,2026-03-20 10:25,23243.55,23261.3,23237.55,23260.6,5468261
2026-03-20,10:30,2026-03-20 10:30,23261.75,23278.35,23252.6,23269.3,5245081
2026-03-20,10:35,2026-03-20 10:35,23269.75,23286.55,23269.45,23286.55,5050248
2026-03-20,10:40,2026-03-20 10:40,23287.3,23301.8,23285.4,23290.15,5354552
2026-03-20,10:45,2026-03-20 10:45,23290.6,23312.6,23277.05,23296.2,5789091
2026-03-20,10:50,2026-03-20 10:50,23297.4,23317.9,23296.9,23313.45,5758272
2026-03-20,10:55,2026-03-20 10:55,23313.6,23314.0,23281.45,23296.6,5531615
2026-03-20,11:00,2026-03-20 11:00,23298.65,23303.65,23263.15,23268.3,5556009
2026-03-20,11:05,2026-03-20 11:05,23268.7,23293.3,23265.1,23290.15,4797053
2026-03-20,11:10,2026-03-20 11:10,23290.6,23291.45,23266.2,23289.15,5729728
2026-03-20,11:15,2026-03-20 11:15,23288.95,23307.35,23284.6,23305.45,5008229
2026-03-20,11:20,2026-03-20 11:20,23306.6,23345.15,23302.55,23327.55,5884530
2026-03-20,11:25,2026-03-20 11:25,23329.1,23332.15,23309.45,23317.3,4135658
2026-03-20,11:30,2026-03-20 11:30,23317.9,23331.6,23310.2,23312.2,3709263
2026-03-20,11:35,2026-03-20 11:35,23312.3,23321.7,23302.55,23304.85,4719923
2026-03-20,11:40,2026-03-20 11:40,23306.5,23310.8,23285.8,23286.9,4772397
2026-03-20,11:45,2026-03-20 11:45,23287.4,23292.85,23279.9,23288.15,3746669
2026-03-20,11:50,2026-03-20 11:50,23288.75,23288.75,23249.2,23249.2,5231289
2026-03-20,11:55,2026-03-20 11:55,23249.55,23250.9,23223.1,23250.3,5698212
2026-03-20,12:00,2026-03-20 12:00,23251.25,23259.5,23224.35,23228.95,4625145
2026-03-20,12:05,2026-03-20 12:05,23229.85,23240.0,23210.9,23212.25,4557678
2026-03-20,12:10,2026-03-20 12:10,23212.95,23236.1,23210.9,23233.05,3341089
2026-03-20,12:15,2026-03-20 12:15,23234.15,23234.15,23183.0,23185.6,5261509
2026-03-20,12:20,2026-03-20 12:20,23187.45,23193.55,23153.2,23155.05,5810510
2026-03-20,12:25,2026-03-20 12:25,23154.8,23160.05,23137.05,23155.15,5182227
2026-03-20,12:30,2026-03-20 12:30,23155.65,23170.9,23120.35,23170.1,5690422
2026-03-20,12:35,2026-03-20 12:35,23171.6,23191.75,23165.85,23184.65,4081695
2026-03-20,12:40,2026-03-20 12:40,23185.5,23216.4,23180.65,23205.75,4203768
2026-03-20,12:45,2026-03-20 12:45,23206.5,23226.7,23202.8,23217.3,4312870
2026-03-20,12:50,2026-03-20 12:50,23218.9,23241.35,23204.85,23227.0,4839081
2026-03-20,12:55,2026-03-20 12:55,23227.95,23249.7,23214.8,23214.8,5233968
2026-03-20,13:00,2026-03-20 13:00,23214.9,23243.15,23202.6,23240.3,4818147
2026-03-20,13:05,2026-03-20 13:05,23240.9,23251.2,23227.65,23240.9,4906535
2026-03-20,13:10,2026-03-20 13:10,23242.15,23243.15,23224.55,23231.5,3421870
2026-03-20,13:15,2026-03-20 13:15,23232.0,23257.35,23230.3,23235.6,4077219
2026-03-20,13:20,2026-03-20 13:20,23236.75,23259.35,23230.0,23248.15,3795921
2026-03-20,13:25,2026-03-20 13:25,23249.2,23271.1,23243.7,23257.7,4528397
2026-03-20,13:30,2026-03-20 13:30,23258.45,23266.45,23243.05,23245.2,4621555
2026-03-20,13:35,2026-03-20 13:35,23246.2,23272.4,23242.5,23270.2,4329140
2026-03-20,13:40,2026-03-20 13:40,23270.3,23270.55,23231.95,23232.0,4985173
2026-03-20,13:45,2026-03-20 13:45,23233.7,23234.0,23206.05,23206.45,4774051
2026-03-20,13:50,2026-03-20 13:50,23207.6,23218.05,23194.65,23216.85,4573143
2026-03-20,13:55,2026-03-20 13:55,23216.65,23230.3,23188.65,23193.45,4170166
2026-03-20,14:00,2026-03-20 14:00,23195.0,23235.35,23185.25,23235.35,4429808
2026-03-20,14:05,2026-03-20 14:05,23237.4,23244.55,23212.0,23225.55,4180817
2026-03-20,14:10,2026-03-20 14:10,23226.85,23228.55,23192.55,23199.15,4975529
2026-03-20,14:15,2026-03-20 14:15,23200.05,23204.85,23183.45,23200.7,5367186
2026-03-20,14:20,2026-03-20 14:20,23201.8,23205.75,23169.75,23185.4,5652871
2026-03-20,14:25,2026-03-20 14:25,23186.2,23186.2,23164.0,23164.0,5836614
2026-03-20,14:30,2026-03-20 14:30,23164.05,23188.05,23152.0,23176.65,6633680
2026-03-20,14:35,2026-03-20 14:35,23177.6,23177.6,23133.15,23150.25,8214660
2026-03-20,14:40,2026-03-20 14:40,23151.4,23154.8,23097.7,23098.25,9088354
2026-03-20,14:45,2026-03-20 14:45,23099.4,23113.4,23085.5,23104.35,8140595
2026-03-20,14:50,2026-03-20 14:50,23105.75,23107.55,23067.6,23086.6,8076270
2026-03-20,14:55,2026-03-20 14:55,23086.65,23096.15,23077.55,23090.5,6678207
2026-03-20,15:00,2026-03-20 15:00,23091.3,23177.45,23078.6,23139.4,48995530
2026-03-20,15:05,2026-03-20 15:05,23139.25,23156.05,23121.55,23124.45,38717514
2026-03-20,15:10,2026-03-20 15:10,23124.35,23132.8,23088.5,23106.85,41610094
2026-03-20,15:15,2026-03-20 15:15,23106.25,23107.3,23078.7,23092.5,39831154
2026-03-20,15:20,2026-03-20 15:20,23091.65,23139.0,23091.4,23112.9,39718795
2026-03-20,15:25,2026-03-20 15:25,23112.75,23139.8,23105.05,23134.65,29453749
2026-03-23,09:15,2026-03-23 09:15,22824.35,22851.7,22634.55,22687.45,28429570
2026-03-23,09:20,2026-03-23 09:20,22686.25,22737.1,22676.95,22702.6,14341780
2026-03-23,09:25,2026-03-23 09:25,22701.6,22728.25,22699.35,22704.4,9622465
2026-03-23,09:30,2026-03-23 09:30,22702.15,22721.85,22694.85,22713.05,9666013
2026-03-23,09:35,2026-03-23 09:35,22712.45,22742.8,22707.15,22715.3,7997127
2026-03-23,09:40,2026-03-23 09:40,22714.65,22716.7,22691.8,22706.4,7441473
2026-03-23,09:45,2026-03-23 09:45,22706.1,22706.65,22658.8,22663.0,7825384
2026-03-23,09:50,2026-03-23 09:50,22662.05,22665.05,22624.75,22629.05,7839018
2026-03-23,09:55,2026-03-23 09:55,22628.55,22634.35,22592.6,22597.5,9406252
2026-03-23,10:00,2026-03-23 10:00,22597.45,22618.0,22582.3,22616.1,6618040
2026-03-23,10:05,2026-03-23 10:05,22615.2,22633.05,22605.0,22605.65,6692957
2026-03-23,10:10,2026-03-23 10:10,22607.1,22609.2,22571.1,22572.3,5381246
2026-03-23,10:15,2026-03-23 10:15,22571.95,22587.5,22552.95,22554.5,5858994
2026-03-23,10:20,2026-03-23 10:20,22554.3,22559.15,22538.0,22541.6,5487056
2026-03-23,10:25,2026-03-23 10:25,22541.2,22559.6,22530.3,22531.0,4546311
2026-03-23,10:30,2026-03-23 10:30,22530.6,22554.05,22529.05,22537.75,5843459
2026-03-23,10:35,2026-03-23 10:35,22538.2,22581.5,22536.85,22557.95,7466985
2026-03-23,10:40,2026-03-23 10:40,22558.35,22558.35,22536.65,22548.1,5688227
2026-03-23,10:45,2026-03-23 10:45,22548.2,22550.25,22534.0,22547.55,5589007
2026-03-23,10:50,2026-03-23 10:50,22545.75,22545.75,22509.65,22527.1,5850607
2026-03-23,10:55,2026-03-23 10:55,22528.95,22536.75,22516.8,22531.85,5005457
2026-03-23,11:00,2026-03-23 11:00,22531.4,22533.4,22504.15,22533.15,5364888
2026-03-23,11:05,2026-03-23 11:05,22531.95,22583.65,22526.6,22560.35,5332626
2026-03-23,11:10,2026-03-23 11:10,22560.8,22562.45,22546.35,22554.75,4141648
2026-03-23,11:15,2026-03-23 11:15,22554.6,22554.6,22528.0,22534.35,3541802
2026-03-23,11:20,2026-03-23 11:20,22534.25,22556.6,22528.9,22548.0,4428048
2026-03-23,11:25,2026-03-23 11:25,22547.6,22561.45,22536.4,22559.15,4023062
2026-03-23,11:30,2026-03-23 11:30,22557.85,22571.6,22524.95,22532.9,6054609
2026-03-23,11:35,2026-03-23 11:35,22531.75,22542.35,22519.7,22539.6,5028877
2026-03-23,11:40,2026-03-23 11:40,22539.2,22557.45,22508.3,22520.15,3957016
2026-03-23,11:45,2026-03-23 11:45,22518.0,22534.5,22518.0,22532.25,3988622
2026-03-23,11:50,2026-03-23 11:50,22533.15,22563.55,22527.9,22552.75,3997397
2026-03-23,11:55,2026-03-23 11:55,22555.4,22564.0,22539.35,22555.9,4297643
2026-03-23,12:00,2026-03-23 12:00,22556.05,22561.15,22541.95,22546.55,3857114
2026-03-23,12:05,2026-03-23 12:05,22545.7,22554.1,22530.6,22547.75,5627648
2026-03-23,12:10,2026-03-23 12:10,22551.25,22562.35,22533.8,22535.35,3328735
2026-03-23,12:15,2026-03-23 12:15,22534.25,22535.55,22514.45,22528.45,5676537
2026-03-23,12:20,2026-03-23 12:20,22527.3,22527.3,22482.95,22489.55,5013860
2026-03-23,12:25,2026-03-23 12:25,22487.55,22515.05,22478.15,22511.95,6026916
2026-03-23,12:30,2026-03-23 12:30,22514.6,22519.1,22497.7,22518.85,3731037
2026-03-23,12:35,2026-03-23 12:35,22517.7,22551.5,22514.8,22524.9,4111002
2026-03-23,12:40,2026-03-23 12:40,22524.65,22540.6,22510.6,22535.65,3846227
2026-03-23,12:45,2026-03-23 12:45,22534.7,22555.9,22522.75,22543.3,4183394
2026-03-23,12:50,2026-03-23 12:50,22542.45,22543.35,22503.65,22504.25,4780353
2026-03-23,12:55,2026-03-23 12:55,22504.2,22505.5,22481.7,22500.05,4456814
2026-03-23,13:00,2026-03-23 13:00,22499.55,22499.55,22480.25,22480.9,4078056
2026-03-23,13:05,2026-03-23 13:05,22480.15,22508.25,22474.65,22489.05,4720596
2026-03-23,13:10,2026-03-23 13:10,22488.9,22493.15,22471.25,22489.1,4573168
2026-03-23,13:15,2026-03-23 13:15,22489.7,22512.55,22489.45,22494.05,5037789
2026-03-23,13:20,2026-03-23 13:20,22493.75,22514.5,22488.05,22501.85,4751943
2026-03-23,13:25,2026-03-23 13:25,22501.25,22512.05,22482.85,22487.05,5630547
2026-03-23,13:30,2026-03-23 13:30,22487.6,22525.45,22487.15,22517.25,5204419
2026-03-23,13:35,2026-03-23 13:35,22518.05,22529.0,22513.25,22518.05,4812391
2026-03-23,13:40,2026-03-23 13:40,22517.35,22567.35,22513.7,22561.7,6068624
2026-03-23,13:45,2026-03-23 13:45,22558.95,22601.25,22557.6,22598.95,7339829
2026-03-23,13:50,2026-03-23 13:50,22597.95,22629.75,22593.2,22601.35,8246091
2026-03-23,13:55,2026-03-23 13:55,22602.0,22620.55,22599.15,22599.65,9677121
2026-03-23,14:00,2026-03-23 14:00,22598.85,22655.4,22590.45,22644.75,8640959
2026-03-23,14:05,2026-03-23 14:05,22645.7,22661.15,22607.45,22627.45,9702464
2026-03-23,14:10,2026-03-23 14:10,22627.8,22643.35,22610.35,22618.7,7401637
2026-03-23,14:15,2026-03-23 14:15,22619.65,22652.65,22612.25,22641.6,6215946
2026-03-23,14:20,2026-03-23 14:20,22641.35,22656.45,22624.55,22625.55,6268626
2026-03-23,14:25,2026-03-23 14:25,22624.9,22633.7,22591.95,22611.2,8470794
2026-03-23,14:30,2026-03-23 14:30,22608.95,22617.4,22515.25,22526.8,11796063
2026-03-23,14:35,2026-03-23 14:35,22524.8,22591.95,22522.15,22564.05,9359391
2026-03-23,14:40,2026-03-23 14:40,22561.05,22599.1,22541.95,22599.1,10660162
2026-03-23,14:45,2026-03-23 14:45,22596.95,22603.4,22579.05,22596.75,7870939
2026-03-23,14:50,2026-03-23 14:50,22597.9,22646.55,22597.9,22613.85,9703819
2026-03-23,14:55,2026-03-23 14:55,22612.7,22617.4,22586.2,22614.5,10350637
2026-03-23,15:00,2026-03-23 15:00,22614.75,22614.75,22503.05,22503.9,15740208
2026-03-23,15:05,2026-03-23 15:05,22503.55,22531.85,22486.1,22523.85,14920913
2026-03-23,15:10,2026-03-23 15:10,22523.25,22542.45,22505.2,22509.25,13852920
2026-03-23,15:15,2026-03-23 15:15,22509.55,22510.7,22483.85,22485.2,14830501
2026-03-23,15:20,2026-03-23 15:20,22484.25,22495.85,22479.55,22492.4,15151655
2026-03-23,15:25,2026-03-23 15:25,22492.0,22505.35,22478.1,22492.65,12024623
2026-03-24,09:15,2026-03-24 09:15,22878.45,22899.6,22775.2,22785.15,26166792
2026-03-24,09:20,2026-03-24 09:20,22789.8,22817.0,22762.8,22816.7,10736885
2026-03-24,09:25,2026-03-24 09:25,22815.8,22849.25,22811.15,22839.9,9171597
2026-03-24,09:30,2026-03-24 09:30,22839.6,22852.4,22815.2,22815.2,8718410
2026-03-24,09:35,2026-03-24 09:35,22815.6,22827.9,22762.3,22764.3,10606240
2026-03-24,09:40,2026-03-24 09:40,22764.3,22783.1,22731.95,22744.8,7640288
2026-03-24,09:45,2026-03-24 09:45,22747.3,22748.1,22706.35,22718.9,6607479
2026-03-24,09:50,2026-03-24 09:50,22718.75,22737.15,22701.2,22730.7,6580868
2026-03-24,09:55,2026-03-24 09:55,22729.9,22773.65,22725.05,22754.2,6018244
2026-03-24,10:00,2026-03-24 10:00,22753.9,22756.65,22701.85,22705.6,5743266
2026-03-24,10:05,2026-03-24 10:05,22705.7,22719.45,22682.1,22685.15,4305957
2026-03-24,10:10,2026-03-24 10:10,22684.5,22714.85,22681.6,22708.1,6249584
2026-03-24,10:15,2026-03-24 10:15,22706.95,22748.5,22701.55,22731.7,6298109
2026-03-24,10:20,2026-03-24 10:20,22731.4,22766.8,22712.25,22762.15,4497032
2026-03-24,10:25,2026-03-24 10:25,22763.1,22765.8,22725.1,22737.9,6266527
2026-03-24,10:30,2026-03-24 10:30,22738.2,22738.9,22667.75,22667.75,6726641
2026-03-24,10:35,2026-03-24 10:35,22665.6,22667.7,22624.2,22631.8,5824458
2026-03-24,10:40,2026-03-24 10:40,22631.6,22680.65,22630.55,22667.9,5286937
2026-03-24,10:45,2026-03-24 10:45,22667.55,22723.5,22657.0,22692.0,7862603
2026-03-24,10:50,2026-03-24 10:50,22691.9,22707.7,22653.6,22667.25,4841648
2026-03-24,10:55,2026-03-24 10:55,22667.8,22674.25,22629.4,22639.7,4261004
2026-03-24,11:00,2026-03-24 11:00,22639.8,22682.0,22639.8,22678.8,4660078
2026-03-24,11:05,2026-03-24 11:05,22679.75,22689.1,22661.45,22680.9,3988699
2026-03-24,11:10,2026-03-24 11:10,22680.1,22711.05,22678.7,22698.25,3748621
2026-03-24,11:15,2026-03-24 11:15,22699.4,22732.35,22692.8,22730.45,4353350
2026-03-24,11:20,2026-03-24 11:20,22731.8,22746.0,22701.6,22703.15,6568306
2026-03-24,11:25,2026-03-24 11:25,22703.25,22737.2,22689.55,22728.5,4794094
2026-03-24,11:30,2026-03-24 11:30,22729.35,22756.55,22724.5,22753.6,3604081
2026-03-24,11:35,2026-03-24 11:35,22751.65,22770.0,22749.9,22766.2,5118630
2026-03-24,11:40,2026-03-24 11:40,22764.95,22770.15,22738.95,22754.65,4541388
2026-03-24,11:45,2026-03-24 11:45,22754.35,22793.25,22745.85,22769.25,4824889
2026-03-24,11:50,2026-03-24 11:50,22769.2,22795.5,22756.6,22785.55,4222985
2026-03-24,11:55,2026-03-24 11:55,22785.1,22827.8,22784.4,22806.9,5527706
2026-03-24,12:00,2026-03-24 12:00,22806.75,22816.9,22793.8,22796.55,4232172
2026-03-24,12:05,2026-03-24 12:05,22796.4,22796.4,22765.15,22770.1,4054296
2026-03-24,12:10,2026-03-24 12:10,22769.9,22787.75,22760.0,22761.45,3966695
2026-03-24,12:15,2026-03-24 12:15,22761.9,22773.7,22753.35,22757.3,4997608
2026-03-24,12:20,2026-03-24 12:20,22758.0,22883.4,22756.4,22881.5,7385394
2026-03-24,12:25,2026-03-24 12:25,22880.2,22936.5,22822.35,22844.45,11607364
2026-03-24,12:30,2026-03-24 12:30,22844.15,22922.8,22843.4,22922.8,7287407
2026-03-24,12:35,2026-03-24 12:35,22922.3,22954.2,22915.9,22951.0,8181652
2026-03-24,12:40,2026-03-24 12:40,22952.05,22989.2,22937.4,22955.2,6565859
2026-03-24,12:45,2026-03-24 12:45,22956.95,22996.8,22955.3,22993.4,9252069
2026-03-24,12:50,2026-03-24 12:50,22993.35,23026.1,22980.0,23008.5,7445268
2026-03-24,12:55,2026-03-24 12:55,23009.05,23009.05,22952.85,22974.4,7221893
2026-03-24,13:00,2026-03-24 13:00,22974.6,22979.35,22936.45,22941.45,5262941
2026-03-24,13:05,2026-03-24 13:05,22941.9,22956.5,22911.35,22939.0,5690281
2026-03-24,13:10,2026-03-24 13:10,22939.5,22990.5,22935.3,22990.5,4563449
2026-03-24,13:15,2026-03-24 13:15,22990.75,22991.8,22958.4,22987.5,4913822
2026-03-24,13:20,2026-03-24 13:20,22986.7,23012.95,22966.45,22992.05,5267229
2026-03-24,13:25,2026-03-24 13:25,22991.4,23027.25,22983.75,23021.95,4339003
2026-03-24,13:30,2026-03-24 13:30,23021.2,23039.05,22999.85,23034.85,5972502
2026-03-24,13:35,2026-03-24 13:35,23034.7,23057.05,23021.7,23028.95,5381647
2026-03-24,13:40,2026-03-24 13:40,23029.2,23057.3,23022.0,23037.5,5472216
2026-03-24,13:45,2026-03-24 13:45,23037.6,23047.9,22962.9,22962.9,6838342
2026-03-24,13:50,2026-03-24 13:50,22963.65,22992.55,22950.6,22972.7,6362593
2026-03-24,13:55,2026-03-24 13:55,22972.65,22996.55,22971.3,22976.2,4451994
2026-03-24,14:00,2026-03-24 14:00,22975.25,22993.75,22954.25,22970.7,4486288
2026-03-24,14:05,2026-03-24 14:05,22970.65,22992.4,22957.15,22972.5,5120308
2026-03-24,14:10,2026-03-24 14:10,22971.75,22995.75,22971.3,22992.35,4242683
2026-03-24,14:15,2026-03-24 14:15,22993.2,23037.9,22980.05,22981.1,5394931
2026-03-24,14:20,2026-03-24 14:20,22981.2,22996.45,22920.0,22956.75,7324664
2026-03-24,14:25,2026-03-24 14:25,22955.1,22964.3,22932.35,22945.6,5300183
2026-03-24,14:30,2026-03-24 14:30,22945.1,22959.4,22926.4,22948.05,5884829
2026-03-24,14:35,2026-03-24 14:35,22948.15,22954.1,22893.3,22895.95,7140181
2026-03-24,14:40,2026-03-24 14:40,22896.15,22931.95,22882.65,22909.65,6808173
2026-03-24,14:45,2026-03-24 14:45,22909.25,22917.75,22901.6,22914.95,10506895
2026-03-24,14:50,2026-03-24 14:50,22915.9,22916.15,22883.9,22891.85,7433660
2026-03-24,14:55,2026-03-24 14:55,22893.35,22927.15,22889.65,22916.35,7090266
2026-03-24,15:00,2026-03-24 15:00,22914.6,22923.45,22875.35,22909.05,19587878
2026-03-24,15:05,2026-03-24 15:05,22910.1,22932.1,22894.15,22916.55,16408147
2026-03-24,15:10,2026-03-24 15:10,22916.9,22922.85,22898.65,22898.65,15080521
2026-03-24,15:15,2026-03-24 15:15,22901.15,22927.05,22881.3,22919.7,17183446
2026-03-24,15:20,2026-03-24 15:20,22918.85,22932.6,22915.05,22931.35,14381368
2026-03-24,15:25,2026-03-24 15:25,22931.8,22961.7,22931.3,22958.4,10688647
2026-03-25,09:15,2026-03-25 09:15,23064.4,23173.05,23063.2,23162.6,22037672
2026-03-25,09:20,2026-03-25 09:20,23162.2,23202.75,23161.9,23188.5,12952290
2026-03-25,09:25,2026-03-25 09:25,23189.65,23220.8,23188.9,23215.1,9564020
2026-03-25,09:30,2026-03-25 09:30,23214.65,23238.2,23207.8,23233.45,8351896
2026-03-25,09:35,2026-03-25 09:35,23234.85,23239.95,23202.55,23215.9,7913429
2026-03-25,09:40,2026-03-25 09:40,23216.3,23278.05,23204.65,23270.9,7635808
2026-03-25,09:45,2026-03-25 09:45,23272.95,23287.35,23262.05,23270.0,6925863
2026-03-25,09:50,2026-03-25 09:50,23271.4,23289.8,23262.75,23287.7,6502464
2026-03-25,09:55,2026-03-25 09:55,23287.55,23298.25,23269.35,23286.05,6533173
2026-03-25,10:00,2026-03-25 10:00,23287.4,23304.7,23276.95,23280.85,6938977
2026-03-25,10:05,2026-03-25 10:05,23281.7,23291.95,23246.55,23290.15,6282713
2026-03-25,10:10,2026-03-25 10:10,23290.35,23310.35,23284.95,23305.55,5584430
2026-03-25,10:15,2026-03-25 10:15,23306.6,23317.9,23289.95,23295.5,5749198
2026-03-25,10:20,2026-03-25 10:20,23295.45,23313.65,23283.35,23292.2,5043698
2026-03-25,10:25,2026-03-25 10:25,23293.5,23318.55,23291.9,23314.55,5281391
2026-03-25,10:30,2026-03-25 10:30,23313.7,23324.95,23299.95,23310.25,4726517
2026-03-25,10:35,2026-03-25 10:35,23310.4,23319.2,23302.0,23314.95,3669925
2026-03-25,10:40,2026-03-25 10:40,23313.05,23369.6,23312.8,23366.65,5923907
2026-03-25,10:45,2026-03-25 10:45,23366.25,23373.25,23357.0,23360.55,5098427
2026-03-25,10:50,2026-03-25 10:50,23359.3,23378.35,23354.35,23375.8,5105466
2026-03-25,10:55,2026-03-25 10:55,23375.3,23376.25,23357.2,23367.45,3764886
2026-03-25,11:00,2026-03-25 11:00,23366.0,23391.95,23366.0,23384.8,5680301
2026-03-25,11:05,2026-03-25 11:05,23385.1,23432.6,23383.15,23419.35,7479542
2026-03-25,11:10,2026-03-25 11:10,23418.35,23433.7,23415.2,23432.55,5918339
2026-03-25,11:15,2026-03-25 11:15,23432.3,23434.75,23412.45,23417.85,6503397
2026-03-25,11:20,2026-03-25 11:20,23417.75,23423.0,23388.45,23388.75,6519326
2026-03-25,11:25,2026-03-25 11:25,23388.35,23398.65,23377.3,23388.4,5396462
2026-03-25,11:30,2026-03-25 11:30,23391.5,23406.8,23380.0,23389.65,6030211
2026-03-25,11:35,2026-03-25 11:35,23389.25,23394.25,23343.5,23359.1,8396650
2026-03-25,11:40,2026-03-25 11:40,23358.9,23381.45,23355.65,23361.35,5330260
2026-03-25,11:45,2026-03-25 11:45,23361.3,23402.7,23359.4,23390.1,6152466
2026-03-25,11:50,2026-03-25 11:50,23391.85,23416.1,23389.3,23411.4,5103169
2026-03-25,11:55,2026-03-25 11:55,23411.3,23416.35,23390.4,23399.35,4552043
2026-03-25,12:00,2026-03-25 12:00,23399.4,23414.3,23394.5,23411.6,4524735
2026-03-25,12:05,2026-03-25 12:05,23411.85,23422.45,23402.45,23411.75,4675858
2026-03-25,12:10,2026-03-25 12:10,23411.25,23442.35,23408.25,23440.35,4419452
2026-03-25,12:15,2026-03-25 12:15,23439.95,23447.75,23417.85,23441.4,4978764
2026-03-25,12:20,2026-03-25 12:20,23441.75,23449.75,23433.4,23433.95,3662820
2026-03-25,12:25,2026-03-25 12:25,23433.45,23436.3,23421.0,23429.25,4265747
2026-03-25,12:30,2026-03-25 12:30,23429.0,23465.35,23416.55,23448.7,4855421
2026-03-25,12:35,2026-03-25 12:35,23447.55,23458.1,23433.25,23435.55,4178537
2026-03-25,12:40,2026-03-25 12:40,23434.5,23450.95,23430.9,23447.55,4308923
2026-03-25,12:45,2026-03-25 12:45,23447.85,23452.25,23414.35,23418.65,5640425
2026-03-25,12:50,2026-03-25 12:50,23419.45,23420.4,23389.8,23390.25,4652250
2026-03-25,12:55,2026-03-25 12:55,23391.0,23400.85,23372.35,23375.35,4832512
2026-03-25,13:00,2026-03-25 13:00,23374.85,23403.15,23369.7,23399.55,4267802
2026-03-25,13:05,2026-03-25 13:05,23400.5,23420.5,23384.9,23392.3,3834946
2026-03-25,13:10,2026-03-25 13:10,23393.75,23405.0,23390.0,23392.6,2926185
2026-03-25,13:15,2026-03-25 13:15,23392.2,23411.65,23381.5,23381.5,3493658
2026-03-25,13:20,2026-03-25 13:20,23381.0,23397.1,23371.55,23392.6,3439141
2026-03-25,13:25,2026-03-25 13:25,23391.5,23424.3,23391.0,23412.95,3677019
2026-03-25,13:30,2026-03-25 13:30,23414.15,23432.35,23388.1,23423.95,4511347
2026-03-25,13:35,2026-03-25 13:35,23424.5,23439.25,23417.9,23429.5,4029913
2026-03-25,13:40,2026-03-25 13:40,23429.9,23434.9,23420.3,23432.55,4849734
2026-03-25,13:45,2026-03-25 13:45,23432.95,23451.3,23429.2,23444.9,4968062
2026-03-25,13:50,2026-03-25 13:50,23445.75,23462.8,23423.2,23428.55,5946822
2026-03-25,13:55,2026-03-25 13:55,23428.0,23437.1,23419.0,23430.2,4598589
2026-03-25,14:00,2026-03-25 14:00,23430.35,23460.3,23429.2,23443.45,5850449
2026-03-25,14:05,2026-03-25 14:05,23444.5,23447.9,23402.7,23406.3,8358720
2026-03-25,14:10,2026-03-25 14:10,23406.7,23418.7,23387.45,23390.75,4904435
2026-03-25,14:15,2026-03-25 14:15,23390.3,23403.95,23375.45,23375.75,5316269
2026-03-25,14:20,2026-03-25 14:20,23375.8,23385.65,23316.8,23321.4,7811455
2026-03-25,14:25,2026-03-25 14:25,23321.2,23340.85,23314.35,23337.25,6468851
2026-03-25,14:30,2026-03-25 14:30,23337.35,23353.85,23304.5,23338.0,6398556
2026-03-25,14:35,2026-03-25 14:35,23338.8,23348.55,23321.3,23337.6,6423150
2026-03-25,14:40,2026-03-25 14:40,23337.45,23368.05,23336.7,23357.35,5082566
2026-03-25,14:45,2026-03-25 14:45,23357.1,23367.65,23331.45,23344.7,5133458
2026-03-25,14:50,2026-03-25 14:50,23345.1,23350.25,23319.1,23325.05,6534715
2026-03-25,14:55,2026-03-25 14:55,23325.8,23335.25,23318.5,23334.85,6831327
2026-03-25,15:00,2026-03-25 15:00,23332.5,23357.45,23284.1,23330.0,21673114
2026-03-25,15:05,2026-03-25 15:05,23330.05,23330.05,23296.65,23321.65,14000196
2026-03-25,15:10,2026-03-25 15:10,23321.6,23325.4,23299.45,23300.65,18005585
2026-03-25,15:15,2026-03-25 15:15,23302.95,23311.4,23274.6,23274.6,13642381
2026-03-25,15:20,2026-03-25 15:20,23277.85,23296.6,23273.95,23296.6,15808320
2026-03-25,15:25,2026-03-25 15:25,23296.2,23309.0,23287.65,23309.0,12308470
2026-03-25,15:30,2026-03-25 15:30,23305.1,23305.1,23305.1,23305.1,2319005
2026-03-27,09:15,2026-03-27 09:15,23173.55,23186.1,23029.4,23041.8,24923017
2026-03-27,09:20,2026-03-27 09:20,23039.95,23101.15,23025.5,23075.1,13820106
2026-03-27,09:25,2026-03-27 09:25,23072.7,23087.95,23054.55,23056.8,10025638
2026-03-27,09:30,2026-03-27 09:30,23056.55,23063.85,23016.85,23018.35,9128836
2026-03-27,09:35,2026-03-27 09:35,23018.1,23024.15,23000.85,23024.15,6046880
2026-03-27,09:40,2026-03-27 09:40,23024.3,23055.75,23022.35,23053.55,5984111
2026-03-27,09:45,2026-03-27 09:45,23053.1,23054.6,23024.85,23039.25,6007473
2026-03-27,09:50,2026-03-27 09:50,23038.65,23040.1,23014.3,23015.35,8078954
2026-03-27,09:55,2026-03-27 09:55,23014.3,23017.3,22978.45,22992.25,6250259
2026-03-27,10:00,2026-03-27 10:00,22991.45,23034.95,22988.8,23024.85,6144879
2026-03-27,10:05,2026-03-27 10:05,23024.35,23024.35,22998.35,23015.6,6480846
2026-03-27,10:10,2026-03-27 10:10,23015.5,23015.5,22977.25,22980.5,4418861
2026-03-27,10:15,2026-03-27 10:15,22980.9,22986.4,22971.75,22973.35,5146111
2026-03-27,10:20,2026-03-27 10:20,22973.35,23011.25,22967.3,23007.9,5292020
2026-03-27,10:25,2026-03-27 10:25,23007.65,23014.05,22991.35,23006.75,4622342
2026-03-27,10:30,2026-03-27 10:30,23006.55,23038.65,23002.9,23009.4,5928903
2026-03-27,10:35,2026-03-27 10:35,23009.6,23020.4,22996.2,23018.7,4363917
2026-03-27,10:40,2026-03-27 10:40,23018.4,23018.4,22987.0,22989.15,4458683
2026-03-27,10:45,2026-03-27 10:45,22988.35,22989.4,22973.0,22977.9,4488713
2026-03-27,10:50,2026-03-27 10:50,22977.7,22979.65,22948.5,22952.1,5580094
2026-03-27,10:55,2026-03-27 10:55,22952.25,22977.8,22948.1,22973.5,5199159
2026-03-27,11:00,2026-03-27 11:00,22973.4,22997.7,22967.1,22979.15,5978170
2026-03-27,11:05,2026-03-27 11:05,22979.25,22992.85,22972.7,22989.35,4260406
2026-03-27,11:10,2026-03-27 11:10,22990.5,23001.15,22976.8,22990.45,4997052
2026-03-27,11:15,2026-03-27 11:15,22990.9,22992.7,22956.25,22960.15,4990773
2026-03-27,11:20,2026-03-27 11:20,22959.7,22964.0,22946.7,22947.35,5399900
2026-03-27,11:25,2026-03-27 11:25,22948.8,22961.8,22927.3,22934.5,5343536
2026-03-27,11:30,2026-03-27 11:30,22935.3,22952.15,22929.3,22938.95,5953896
2026-03-27,11:35,2026-03-27 11:35,22939.7,22957.0,22934.8,22950.45,5203733
2026-03-27,11:40,2026-03-27 11:40,22951.4,22957.3,22933.1,22950.55,4739376
2026-03-27,11:45,2026-03-27 11:45,22950.8,22957.45,22943.45,22949.25,3848932
2026-03-27,11:50,2026-03-27 11:50,22949.05,22961.8,22946.45,22958.3,4627400
2026-03-27,11:55,2026-03-27 11:55,22958.1,22958.5,22938.8,22946.65,4915336
2026-03-27,12:00,2026-03-27 12:00,22946.0,22946.0,22917.2,22936.85,4769333
2026-03-27,12:05,2026-03-27 12:05,22936.4,22954.25,22932.4,22939.35,4741479
2026-03-27,12:10,2026-03-27 12:10,22938.3,22940.0,22924.5,22934.35,4519819
2026-03-27,12:15,2026-03-27 12:15,22932.95,22934.9,22905.95,22909.2,5349462
2026-03-27,12:20,2026-03-27 12:20,22908.95,22933.2,22905.6,22932.3,4291715
2026-03-27,12:25,2026-03-27 12:25,22932.8,22964.25,22924.05,22962.3,5522555
2026-03-27,12:30,2026-03-27 12:30,22962.8,22963.8,22930.65,22958.0,4430248
2026-03-27,12:35,2026-03-27 12:35,22957.75,22967.55,22950.65,22954.85,4340097
2026-03-27,12:40,2026-03-27 12:40,22954.95,22965.55,22938.95,22964.7,4583510
2026-03-27,12:45,2026-03-27 12:45,22965.0,22966.45,22944.4,22956.8,5109832
2026-03-27,12:50,2026-03-27 12:50,22957.95,22973.2,22939.9,22956.35,4809723
2026-03-27,12:55,2026-03-27 12:55,22956.55,22961.3,22942.2,22945.65,4380536
2026-03-27,13:00,2026-03-27 13:00,22945.05,22952.6,22925.85,22926.6,4633462
2026-03-27,13:05,2026-03-27 13:05,22926.2,22935.9,22925.3,22926.4,4003565
2026-03-27,13:10,2026-03-27 13:10,22926.6,22944.85,22920.0,22943.65,4884300
2026-03-27,13:15,2026-03-27 13:15,22943.15,22992.95,22939.7,22972.75,5517491
2026-03-27,13:20,2026-03-27 13:20,22970.9,22971.0,22945.05,22960.3,4423321
2026-03-27,13:25,2026-03-27 13:25,22961.65,22977.25,22935.75,22936.4,4386848
2026-03-27,13:30,2026-03-27 13:30,22935.8,22937.2,22918.35,22922.6,4185722
2026-03-27,13:35,2026-03-27 13:35,22922.9,22934.15,22909.3,22912.35,3987351
2026-03-27,13:40,2026-03-27 13:40,22911.85,22949.15,22909.45,22930.3,4012893
2026-03-27,13:45,2026-03-27 13:45,22931.35,22937.9,22920.75,22922.95,5249041
2026-03-27,13:50,2026-03-27 13:50,22923.15,22945.3,22920.45,22928.55,4949174
2026-03-27,13:55,2026-03-27 13:55,22929.6,22937.15,22912.75,22922.85,5143337
2026-03-27,14:00,2026-03-27 14:00,22922.9,22930.6,22916.2,22919.9,5491362
2026-03-27,14:05,2026-03-27 14:05,22920.15,22925.0,22895.05,22908.55,7724346
2026-03-27,14:10,2026-03-27 14:10,22909.7,22915.05,22884.5,22911.05,6628393
2026-03-27,14:15,2026-03-27 14:15,22911.65,22917.1,22893.75,22895.5,8246910
2026-03-27,14:20,2026-03-27 14:20,22896.2,22905.35,22882.15,22888.55,6125099
2026-03-27,14:25,2026-03-27 14:25,22891.25,22899.4,22872.1,22885.15,6345595
2026-03-27,14:30,2026-03-27 14:30,22886.65,22886.95,22852.7,22856.7,7054809
2026-03-27,14:35,2026-03-27 14:35,22858.7,22868.2,22831.35,22837.0,6584459
2026-03-27,14:40,2026-03-27 14:40,22837.95,22867.4,22832.45,22852.6,6647986
2026-03-27,14:45,2026-03-27 14:45,22854.35,22864.15,22848.1,22855.2,7199271
2026-03-27,14:50,2026-03-27 14:50,22856.75,22869.2,22848.45,22856.45,7432613
2026-03-27,14:55,2026-03-27 14:55,22858.4,22865.2,22840.4,22846.55,8274683
2026-03-27,15:00,2026-03-27 15:00,22845.0,22845.0,22813.65,22831.3,35047288
2026-03-27,15:05,2026-03-27 15:05,22829.9,22830.9,22812.25,22819.8,32635530
2026-03-27,15:10,2026-03-27 15:10,22821.25,22833.25,22811.2,22814.4,33945465
2026-03-27,15:15,2026-03-27 15:15,22814.8,22820.35,22805.3,22820.35,34350455
2026-03-27,15:20,2026-03-27 15:20,22819.55,22821.3,22804.55,22815.85,33955593
2026-03-27,15:25,2026-03-27 15:25,22814.85,22839.5,22807.75,22839.5,25933501
2026-03-30,09:15,2026-03-30 09:15,22549.65,22618.05,22470.15,22522.45,39716329
2026-03-30,09:20,2026-03-30 09:20,22521.2,22551.4,22500.1,22529.3,19091932
2026-03-30,09:25,2026-03-30 09:25,22526.1,22590.4,22516.9,22580.75,14535816
2026-03-30,09:30,2026-03-30 09:30,22581.4,22685.55,22576.75,22683.6,13729781
2026-03-30,09:35,2026-03-30 09:35,22681.55,22714.1,22661.9,22677.4,10057777
2026-03-30,09:40,2026-03-30 09:40,22675.8,22703.7,22652.65,22659.25,7891297
2026-03-30,09:45,2026-03-30 09:45,22659.55,22690.0,22628.85,22630.45,8764212
2026-03-30,09:50,2026-03-30 09:50,22630.2,22665.3,22617.2,22618.5,6588483
2026-03-30,09:55,2026-03-30 09:55,22617.95,22629.8,22596.95,22615.3,5924661
2026-03-30,10:00,2026-03-30 10:00,22614.7,22665.5,22604.7,22651.2,6593938
2026-03-30,10:05,2026-03-30 10:05,22650.05,22650.05,22594.05,22601.6,6393379
2026-03-30,10:10,2026-03-30 10:10,22600.2,22600.2,22556.6,22596.75,7096752
2026-03-30,10:15,2026-03-30 10:15,22595.9,22603.95,22553.5,22556.3,5077322
2026-03-30,10:20,2026-03-30 10:20,22555.3,22564.55,22537.65,22544.35,6851158
2026-03-30,10:25,2026-03-30 10:25,22542.65,22564.0,22534.75,22534.75,5973949
2026-03-30,10:30,2026-03-30 10:30,22535.45,22540.25,22519.2,22529.15,5449743
2026-03-30,10:35,2026-03-30 10:35,22528.5,22549.5,22526.25,22538.3,5972237
2026-03-30,10:40,2026-03-30 10:40,22538.85,22554.6,22512.25,22514.55,4865463
2026-03-30,10:45,2026-03-30 10:45,22513.3,22535.05,22509.45,22527.35,4487728
2026-03-30,10:50,2026-03-30 10:50,22528.0,22538.3,22491.4,22493.35,5412969
2026-03-30,10:55,2026-03-30 10:55,22493.25,22524.2,22478.35,22490.2,5921090
2026-03-30,11:00,2026-03-30 11:00,22489.6,22509.05,22483.65,22504.3,4450912
2026-03-30,11:05,2026-03-30 11:05,22503.45,22509.3,22472.3,22472.3,5250544
2026-03-30,11:10,2026-03-30 11:10,22471.45,22482.1,22454.0,22478.55,5873638
2026-03-30,11:15,2026-03-30 11:15,22479.25,22483.5,22466.9,22481.3,3800644
2026-03-30,11:20,2026-03-30 11:20,22480.35,22486.85,22467.5,22482.35,5242950
2026-03-30,11:25,2026-03-30 11:25,22481.25,22488.25,22465.8,22468.2,5266019
2026-03-30,11:30,2026-03-30 11:30,22468.1,22506.3,22457.35,22503.8,5064098
2026-03-30,11:35,2026-03-30 11:35,22503.3,22535.8,22503.2,22516.25,6994085
2026-03-30,11:40,2026-03-30 11:40,22515.05,22519.15,22484.75,22486.65,4765444
2026-03-30,11:45,2026-03-30 11:45,22485.7,22485.7,22460.4,22464.55,6318033
2026-03-30,11:50,2026-03-30 11:50,22465.05,22480.25,22453.0,22478.6,5211008
2026-03-30,11:55,2026-03-30 11:55,22477.7,22489.85,22468.15,22484.0,5103015
2026-03-30,12:00,2026-03-30 12:00,22483.15,22560.6,22480.3,22549.35,7776607
2026-03-30,12:05,2026-03-30 12:05,22549.05,22594.5,22545.65,22558.3,8776604
2026-03-30,12:10,2026-03-30 12:10,22557.55,22578.1,22553.8,22567.1,5386521
2026-03-30,12:15,2026-03-30 12:15,22566.9,22577.45,22550.85,22555.3,4991626
2026-03-30,12:20,2026-03-30 12:20,22555.35,22594.1,22531.05,22531.3,5287895
2026-03-30,12:25,2026-03-30 12:25,22531.15,22534.6,22502.85,22519.15,5629290
2026-03-30,12:30,2026-03-30 12:30,22519.85,22523.5,22508.0,22517.4,4286594
2026-03-30,12:35,2026-03-30 12:35,22516.65,22569.45,22514.05,22565.6,6304109
2026-03-30,12:40,2026-03-30 12:40,22564.65,22579.3,22555.8,22557.05,4526402
2026-03-30,12:45,2026-03-30 12:45,22557.35,22560.7,22530.55,22530.55,4126928
2026-03-30,12:50,2026-03-30 12:50,22530.1,22533.05,22484.05,22503.95,5394505
2026-03-30,12:55,2026-03-30 12:55,22501.75,22506.7,22491.75,22505.8,3435074
2026-03-30,13:00,2026-03-30 13:00,22506.1,22511.4,22486.15,22491.35,4228214
2026-03-30,13:05,2026-03-30 13:05,22490.85,22504.9,22485.35,22495.8,4452158
2026-03-30,13:10,2026-03-30 13:10,22495.3,22506.95,22481.45,22499.2,3950555
2026-03-30,13:15,2026-03-30 13:15,22498.55,22516.35,22479.1,22484.95,4729278
2026-03-30,13:20,2026-03-30 13:20,22485.3,22495.05,22482.2,22484.35,4808759
2026-03-30,13:25,2026-03-30 13:25,22484.25,22486.4,22456.55,22476.45,5278089
2026-03-30,13:30,2026-03-30 13:30,22476.2,22486.05,22464.05,22485.8,4301948
2026-03-30,13:35,2026-03-30 13:35,22485.6,22502.1,22474.25,22493.65,4894000
2026-03-30,13:40,2026-03-30 13:40,22494.35,22500.5,22454.85,22462.05,5781366
2026-03-30,13:45,2026-03-30 13:45,22461.15,22468.15,22446.55,22448.0,4787840
2026-03-30,13:50,2026-03-30 13:50,22445.55,22452.9,22420.25,22422.1,5967790
2026-03-30,13:55,2026-03-30 13:55,22420.95,22441.6,22420.0,22428.8,6759923
2026-03-30,14:00,2026-03-30 14:00,22428.1,22487.2,22423.75,22462.3,7597358
2026-03-30,14:05,2026-03-30 14:05,22461.2,22475.85,22449.45,22449.45,5813032
2026-03-30,14:10,2026-03-30 14:10,22449.05,22451.9,22417.95,22420.5,5960865
2026-03-30,14:15,2026-03-30 14:15,22420.2,22425.35,22409.3,22411.55,5748000
2026-03-30,14:20,2026-03-30 14:20,22412.35,22431.85,22383.2,22388.0,7995547
2026-03-30,14:25,2026-03-30 14:25,22386.0,22394.4,22375.8,22378.05,6344358
2026-03-30,14:30,2026-03-30 14:30,22376.55,22410.6,22359.55,22362.5,11472299
2026-03-30,14:35,2026-03-30 14:35,22361.4,22378.5,22350.65,22362.9,9584085
2026-03-30,14:40,2026-03-30 14:40,22363.45,22383.9,22358.7,22366.8,8073013
2026-03-30,14:45,2026-03-30 14:45,22365.6,22383.4,22340.05,22362.0,9756171
2026-03-30,14:50,2026-03-30 14:50,22361.35,22376.9,22344.7,22348.5,8093026
2026-03-30,14:55,2026-03-30 14:55,22347.7,22357.8,22337.8,22349.95,8381660
2026-03-30,15:00,2026-03-30 15:00,22348.5,22348.5,22283.85,22291.2,45193319
2026-03-30,15:05,2026-03-30 15:05,22291.2,22307.7,22289.1,22299.4,33927553
2026-03-30,15:10,2026-03-30 15:10,22297.1,22342.0,22295.45,22335.6,35411277
2026-03-30,15:15,2026-03-30 15:15,22335.45,22356.55,22325.15,22341.8,36552798
2026-03-30,15:20,2026-03-30 15:20,22342.3,22381.25,22341.85,22377.45,32575287
2026-03-30,15:25,2026-03-30 15:25,22376.0,22391.0,22359.15,22379.2,27202755
2026-04-01,09:15,2026-04-01 09:15,22899.0,22902.25,22809.0,22887.0,37590637
2026-04-01,09:20,2026-04-01 09:20,22888.6,22903.95,22872.55,22899.55,14711134
2026-04-01,09:25,2026-04-01 09:25,22900.0,22930.4,22898.25,22929.75,9653922
2026-04-01,09:30,2026-04-01 09:30,22928.55,22937.65,22845.45,22854.5,13629660
2026-04-01,09:35,2026-04-01 09:35,22853.25,22854.0,22824.15,22828.1,10726991
2026-04-01,09:40,2026-04-01 09:40,22828.5,22873.7,22827.4,22854.95,8576733
2026-04-01,09:45,2026-04-01 09:45,22851.45,22898.1,22848.5,22897.55,9023763
2026-04-01,09:50,2026-04-01 09:50,22897.75,22932.1,22896.2,22915.15,9629127
2026-04-01,09:55,2026-04-01 09:55,22914.95,22919.1,22885.0,22893.15,8272513
2026-04-01,10:00,2026-04-01 10:00,22892.9,22941.3,22890.45,22927.15,8102107
2026-04-01,10:05,2026-04-01 10:05,22927.55,22932.0,22905.1,22906.8,5396782
2026-04-01,10:10,2026-04-01 10:10,22907.45,22907.45,22862.55,22868.85,5803854
2026-04-01,10:15,2026-04-01 10:15,22867.9,22878.85,22857.4,22871.15,5975481
2026-04-01,10:20,2026-04-01 10:20,22871.7,22879.45,22822.05,22828.35,6640598
2026-04-01,10:25,2026-04-01 10:25,22827.85,22828.15,22771.65,22796.5,7471003
2026-04-01,10:30,2026-04-01 10:30,22797.1,22816.3,22778.35,22796.0,4697139
2026-04-01,10:35,2026-04-01 10:35,22796.4,22816.4,22796.15,22813.8,4358793
2026-04-01,10:40,2026-04-01 10:40,22813.15,22815.0,22787.35,22807.5,4910420
2026-04-01,10:45,2026-04-01 10:45,22808.6,22820.25,22791.9,22797.15,4462530
2026-04-01,10:50,2026-04-01 10:50,22797.6,22802.05,22783.45,22789.85,4041534
2026-04-01,10:55,2026-04-01 10:55,22791.5,22791.5,22769.5,22770.75,5651906
2026-04-01,11:00,2026-04-01 11:00,22771.35,22771.35,22743.6,22749.1,4686538
2026-04-01,11:05,2026-04-01 11:05,22748.7,22786.0,22738.25,22770.55,5166053
2026-04-01,11:10,2026-04-01 11:10,22771.2,22791.65,22758.1,22763.75,4194651
2026-04-01,11:15,2026-04-01 11:15,22763.55,22767.55,22747.7,22767.2,4680386
2026-04-01,11:20,2026-04-01 11:20,22766.8,22782.8,22764.9,22781.65,3674634
2026-04-01,11:25,2026-04-01 11:25,22781.5,22800.65,22781.5,22790.1,5719739
2026-04-01,11:30,2026-04-01 11:30,22788.85,22811.65,22786.45,22798.5,7697413
2026-04-01,11:35,2026-04-01 11:35,22797.9,22814.35,22788.85,22813.45,5509703
2026-04-01,11:40,2026-04-01 11:40,22813.5,22822.65,22798.2,22799.15,4587893
2026-04-01,11:45,2026-04-01 11:45,22797.65,22798.65,22743.65,22754.1,6574773
2026-04-01,11:50,2026-04-01 11:50,22751.95,22765.0,22742.6,22745.6,5773476
2026-04-01,11:55,2026-04-01 11:55,22743.2,22778.15,22736.6,22775.9,4237244
2026-04-01,12:00,2026-04-01 12:00,22774.1,22841.15,22774.1,22838.75,6234704
2026-04-01,12:05,2026-04-01 12:05,22834.55,22842.4,22827.0,22839.15,7166616
2026-04-01,12:10,2026-04-01 12:10,22837.8,22864.6,22828.15,22859.3,4844269
2026-04-01,12:15,2026-04-01 12:15,22857.75,22864.2,22834.7,22837.75,5522478
2026-04-01,12:20,2026-04-01 12:20,22836.3,22841.95,22825.55,22831.4,3608233
2026-04-01,12:25,2026-04-01 12:25,22829.55,22836.95,22817.85,22832.8,3808610
2026-04-01,12:30,2026-04-01 12:30,22831.0,22847.4,22824.25,22829.5,3698636
2026-04-01,12:35,2026-04-01 12:35,22827.95,22842.7,22816.55,22842.5,3809422
2026-04-01,12:40,2026-04-01 12:40,22841.55,22856.35,22829.55,22834.6,4573482
2026-04-01,12:45,2026-04-01 12:45,22834.95,22881.1,22833.85,22868.65,4283114
2026-04-01,12:50,2026-04-01 12:50,22868.45,22875.55,22860.4,22873.55,3542855
2026-04-01,12:55,2026-04-01 12:55,22873.05,22874.35,22855.7,22862.05,3942558
2026-04-01,13:00,2026-04-01 13:00,22862.1,22873.6,22855.5,22864.6,3957966
2026-04-01,13:05,2026-04-01 13:05,22864.9,22878.55,22862.1,22869.15,3320136
2026-04-01,13:10,2026-04-01 13:10,22868.95,22883.4,22842.7,22883.3,4006006
2026-04-01,13:15,2026-04-01 13:15,22883.2,22897.95,22839.85,22843.0,4434508
2026-04-01,13:20,2026-04-01 13:20,22843.0,22843.5,22805.6,22810.6,4959707
2026-04-01,13:25,2026-04-01 13:25,22810.55,22812.45,22795.0,22807.95,4834773
2026-04-01,13:30,2026-04-01 13:30,22808.35,22808.35,22760.1,22776.75,4568019
2026-04-01,13:35,2026-04-01 13:35,22776.25,22776.35,22748.5,22764.75,5300989
2026-04-01,13:40,2026-04-01 13:40,22763.9,22763.9,22648.35,22675.15,9560350
2026-04-01,13:45,2026-04-01 13:45,22674.85,22720.5,22658.7,22703.2,5719855
2026-04-01,13:50,2026-04-01 13:50,22702.45,22708.6,22691.5,22697.95,4255222
2026-04-01,13:55,2026-04-01 13:55,22697.55,22725.9,22690.5,22703.65,3617815
2026-04-01,14:00,2026-04-01 14:00,22703.75,22730.5,22688.2,22720.8,3378829
2026-04-01,14:05,2026-04-01 14:05,22720.65,22739.85,22715.45,22737.25,4274492
2026-04-01,14:10,2026-04-01 14:10,22739.0,22756.6,22727.9,22753.0,3931101
2026-04-01,14:15,2026-04-01 14:15,22754.35,22756.8,22723.75,22742.05,3188502
2026-04-01,14:20,2026-04-01 14:20,22741.35,22743.1,22709.95,22723.4,4344004
2026-04-01,14:25,2026-04-01 14:25,22723.15,22736.0,22717.0,22733.4,3454919
2026-04-01,14:30,2026-04-01 14:30,22734.55,22734.9,22704.45,22709.15,4757139
2026-04-01,14:35,2026-04-01 14:35,22708.25,22709.35,22665.2,22667.75,5287358
2026-04-01,14:40,2026-04-01 14:40,22666.2,22678.55,22641.3,22662.65,5724830
2026-04-01,14:45,2026-04-01 14:45,22660.6,22662.5,22618.6,22641.2,6145103
2026-04-01,14:50,2026-04-01 14:50,22640.9,22666.75,22629.8,22657.2,5785210
2026-04-01,14:55,2026-04-01 14:55,22656.8,22685.35,22644.85,22647.8,6226331
2026-04-01,15:00,2026-04-01 15:00,22651.25,22692.55,22651.25,22676.75,13131949
2026-04-01,15:05,2026-04-01 15:05,22676.95,22684.4,22669.9,22682.1,10859383
2026-04-01,15:10,2026-04-01 15:10,22682.75,22691.3,22670.05,22671.65,13824565
2026-04-01,15:15,2026-04-01 15:15,22671.1,22688.5,22668.6,22681.1,12488621
2026-04-01,15:20,2026-04-01 15:20,22681.25,22683.9,22672.95,22683.5,13275577
2026-04-01,15:25,2026-04-01 15:25,22683.55,22706.3,22674.6,22703.15,12635027
2026-04-02,09:15,2026-04-02 09:15,22383.4,22394.65,22209.15,22228.0,22220767
2026-04-02,09:20,2026-04-02 09:20,22226.35,22255.95,22215.6,22252.15,9453537
2026-04-02,09:25,2026-04-02 09:25,22251.45,22261.6,22236.35,22244.45,7956809
2026-04-02,09:30,2026-04-02 09:30,22244.35,22268.75,22239.45,22255.4,7544665
2026-04-02,09:35,2026-04-02 09:35,22255.4,22290.75,22244.0,22251.45,6590489
2026-04-02,09:40,2026-04-02 09:40,22249.9,22278.1,22244.0,22264.45,6024787
2026-04-02,09:45,2026-04-02 09:45,22264.2,22273.2,22227.35,22235.65,5790127
2026-04-02,09:50,2026-04-02 09:50,22235.7,22241.7,22212.7,22221.15,5189675
2026-04-02,09:55,2026-04-02 09:55,22220.8,22227.55,22205.55,22206.5,4366244
2026-04-02,10:00,2026-04-02 10:00,22206.8,22229.8,22189.15,22216.1,5797648
2026-04-02,10:05,2026-04-02 10:05,22215.5,22215.5,22184.0,22186.35,8485887
2026-04-02,10:10,2026-04-02 10:10,22186.4,22236.65,22182.55,22234.35,5201714
2026-04-02,10:15,2026-04-02 10:15,22234.5,22234.5,22190.65,22206.55,4637388
2026-04-02,10:20,2026-04-02 10:20,22206.8,22226.5,22189.45,22191.3,3977627
2026-04-02,10:25,2026-04-02 10:25,22189.75,22221.4,22188.95,22217.65,5370770
2026-04-02,10:30,2026-04-02 10:30,22216.85,22229.0,22208.5,22214.0,3274478
2026-04-02,10:35,2026-04-02 10:35,22213.4,22224.35,22206.8,22221.35,3605170
2026-04-02,10:40,2026-04-02 10:40,22219.95,22236.2,22215.1,22221.4,4020236
2026-04-02,10:45,2026-04-02 10:45,22221.2,22225.1,22189.45,22206.35,4597330
2026-04-02,10:50,2026-04-02 10:50,22204.85,22237.45,22199.25,22226.6,3861356
2026-04-02,10:55,2026-04-02 10:55,22225.6,22249.5,22220.3,22243.7,4006235
2026-04-02,11:00,2026-04-02 11:00,22242.95,22250.2,22230.3,22234.85,4201015
2026-04-02,11:05,2026-04-02 11:05,22236.3,22243.35,22222.4,22235.7,5839715
2026-04-02,11:10,2026-04-02 11:10,22233.4,22235.05,22217.95,22227.65,4877603
2026-04-02,11:15,2026-04-02 11:15,22225.85,22231.3,22206.05,22217.65,4507099
2026-04-02,11:20,2026-04-02 11:20,22216.6,22220.55,22206.25,22212.0,8959707
2026-04-02,11:25,2026-04-02 11:25,22209.0,22222.75,22202.75,22207.6,3236121
2026-04-02,11:30,2026-04-02 11:30,22206.5,22224.1,22203.7,22219.8,4465685
2026-04-02,11:35,2026-04-02 11:35,22218.9,22239.2,22218.3,22234.4,3507585
2026-04-02,11:40,2026-04-02 11:40,22234.75,22237.25,22221.4,22223.15,5612510
2026-04-02,11:45,2026-04-02 11:45,22224.3,22251.05,22223.1,22242.0,3928512
2026-04-02,11:50,2026-04-02 11:50,22242.65,22256.75,22241.65,22247.4,3541132
2026-04-02,11:55,2026-04-02 11:55,22246.05,22300.6,22243.6,22277.55,5036246
2026-04-02,12:00,2026-04-02 12:00,22277.2,22288.75,22260.4,22271.25,4172712
2026-04-02,12:05,2026-04-02 12:05,22269.5,22270.2,22244.55,22264.3,4591562
2026-04-02,12:10,2026-04-02 12:10,22263.15,22277.4,22259.05,22267.85,2633288
2026-04-02,12:15,2026-04-02 12:15,22266.95,22272.45,22256.9,22261.45,3171935
2026-04-02,12:20,2026-04-02 12:20,22261.35,22266.2,22231.25,22261.65,3592235
2026-04-02,12:25,2026-04-02 12:25,22258.9,22295.0,22255.7,22294.5,2977990
2026-04-02,12:30,2026-04-02 12:30,22293.2,22319.45,22285.15,22316.55,5920700
2026-04-02,12:35,2026-04-02 12:35,22316.45,22360.75,22307.7,22349.3,5539713
2026-04-02,12:40,2026-04-02 12:40,22349.7,22368.1,22334.3,22363.05,4503075
2026-04-02,12:45,2026-04-02 12:45,22363.3,22367.05,22336.65,22350.9,5437394
2026-04-02,12:50,2026-04-02 12:50,22351.15,22362.95,22323.55,22326.25,4579392
2026-04-02,12:55,2026-04-02 12:55,22325.2,22371.7,22325.2,22365.3,7124211
2026-04-02,13:00,2026-04-02 13:00,22364.85,22406.0,22364.85,22373.35,6400857
2026-04-02,13:05,2026-04-02 13:05,22372.9,22378.75,22330.9,22376.8,5219880
2026-04-02,13:10,2026-04-02 13:10,22375.9,22376.9,22355.35,22369.85,3428894
2026-04-02,13:15,2026-04-02 13:15,22368.5,22394.65,22360.3,22388.45,4175162
2026-04-02,13:20,2026-04-02 13:20,22388.55,22439.65,22385.65,22439.65,6687122
2026-04-02,13:25,2026-04-02 13:25,22439.75,22489.05,22421.05,22488.25,6539310
2026-04-02,13:30,2026-04-02 13:30,22488.45,22502.85,22458.0,22491.8,6445718
2026-04-02,13:35,2026-04-02 13:35,22491.0,22523.0,22465.15,22517.8,4900956
2026-04-02,13:40,2026-04-02 13:40,22519.15,22543.5,22513.4,22535.65,5050447
2026-04-02,13:45,2026-04-02 13:45,22537.8,22561.55,22524.5,22533.8,4528884
2026-04-02,13:50,2026-04-02 13:50,22533.55,22560.2,22519.1,22532.05,5281024
2026-04-02,13:55,2026-04-02 13:55,22530.15,22538.45,22493.8,22530.35,5950008
2026-04-02,14:00,2026-04-02 14:00,22529.45,22561.8,22519.85,22560.0,4591517
2026-04-02,14:05,2026-04-02 14:05,22558.9,22573.3,22537.3,22567.95,5543244
2026-04-02,14:10,2026-04-02 14:10,22566.7,22628.8,22566.4,22627.25,6571218
2026-04-02,14:15,2026-04-02 14:15,22625.85,22673.15,22618.4,22651.95,8396228
2026-04-02,14:20,2026-04-02 14:20,22651.55,22675.4,22637.75,22673.85,6065026
2026-04-02,14:25,2026-04-02 14:25,22672.55,22684.7,22645.85,22665.65,5949847
2026-04-02,14:30,2026-04-02 14:30,22665.55,22706.65,22656.6,22690.35,6462042
2026-04-02,14:35,2026-04-02 14:35,22692.9,22694.5,22620.95,22630.85,6884376
2026-04-02,14:40,2026-04-02 14:40,22632.25,22639.6,22572.85,22584.6,10245308
2026-04-02,14:45,2026-04-02 14:45,22584.4,22634.95,22569.15,22615.5,5896762
2026-04-02,14:50,2026-04-02 14:50,22614.9,22663.6,22609.9,22659.1,5957816
2026-04-02,14:55,2026-04-02 14:55,22659.15,22667.15,22641.65,22658.3,5406394
2026-04-02,15:00,2026-04-02 15:00,22659.0,22697.35,22650.8,22689.85,20722568
2026-04-02,15:05,2026-04-02 15:05,22690.35,22747.35,22686.95,22746.65,17944722
2026-04-02,15:10,2026-04-02 15:10,22747.9,22761.95,22733.5,22760.4,16738702
2026-04-02,15:15,2026-04-02 15:15,22761.95,22782.3,22715.6,22717.65,19213553
2026-04-02,15:20,2026-04-02 15:20,22717.95,22724.35,22673.6,22690.45,17841403
2026-04-02,15:25,2026-04-02 15:25,22691.3,22711.5,22678.5,22700.7,12487197
2026-04-02,15:30,2026-04-02 15:30,22700.7,22700.7,22700.7,22700.7,1264543
2026-04-06,09:15,2026-04-06 09:15,22780.3,22798.25,22591.7,22666.05,20467152
2026-04-06,09:20,2026-04-06 09:20,22671.3,22714.35,22646.7,22653.55,11065779
2026-04-06,09:25,2026-04-06 09:25,22657.25,22661.95,22602.2,22609.05,8302065
2026-04-06,09:30,2026-04-06 09:30,22604.85,22684.85,22596.5,22681.05,8570625
2026-04-06,09:35,2026-04-06 09:35,22681.7,22746.9,22678.2,22704.35,10910779
2026-04-06,09:40,2026-04-06 09:40,22704.85,22714.35,22602.2,22620.2,8919029
2026-04-06,09:45,2026-04-06 09:45,22620.2,22636.35,22589.9,22589.9,6091297
2026-04-06,09:50,2026-04-06 09:50,22591.1,22603.25,22567.85,22573.0,5705301
2026-04-06,09:55,2026-04-06 09:55,22571.1,22586.55,22566.65,22569.3,4299790
2026-04-06,10:00,2026-04-06 10:00,22569.1,22591.6,22561.9,22589.6,5472994
2026-04-06,10:05,2026-04-06 10:05,22590.45,22632.05,22586.0,22614.95,4370404
2026-04-06,10:10,2026-04-06 10:10,22615.85,22656.8,22597.25,22654.85,7292710
2026-04-06,10:15,2026-04-06 10:15,22659.8,22679.7,22613.3,22638.6,6135746
2026-04-06,10:20,2026-04-06 10:20,22639.5,22662.8,22637.0,22640.55,4114915
2026-04-06,10:25,2026-04-06 10:25,22638.35,22645.0,22591.3,22634.45,5541362
2026-04-06,10:30,2026-04-06 10:30,22634.05,22640.4,22598.85,22636.8,3172188
2026-04-06,10:35,2026-04-06 10:35,22637.7,22661.85,22634.45,22661.0,4733398
2026-04-06,10:40,2026-04-06 10:40,22661.7,22662.65,22627.3,22653.5,4427100
2026-04-06,10:45,2026-04-06 10:45,22653.95,22663.25,22641.15,22657.0,4319376
2026-04-06,10:50,2026-04-06 10:50,22657.3,22669.2,22610.25,22617.4,5719680
2026-04-06,10:55,2026-04-06 10:55,22618.7,22651.3,22609.6,22635.85,4660920
2026-04-06,11:00,2026-04-06 11:00,22635.6,22635.8,22587.85,22590.05,5014753
2026-04-06,11:05,2026-04-06 11:05,22590.3,22603.3,22577.4,22588.55,4551092
2026-04-06,11:10,2026-04-06 11:10,22587.4,22587.4,22542.95,22567.8,5444495
2026-04-06,11:15,2026-04-06 11:15,22567.45,22611.95,22558.65,22611.95,4109283
2026-04-06,11:20,2026-04-06 11:20,22611.35,22635.65,22597.1,22613.95,3710570
2026-04-06,11:25,2026-04-06 11:25,22615.05,22629.55,22596.75,22629.3,3102322
2026-04-06,11:30,2026-04-06 11:30,22629.15,22633.1,22595.9,22610.05,3618565
2026-04-06,11:35,2026-04-06 11:35,22610.2,22647.95,22606.2,22618.85,3224067
2026-04-06,11:40,2026-04-06 11:40,22619.6,22650.6,22604.9,22644.4,2789732
2026-04-06,11:45,2026-04-06 11:45,22644.3,22663.3,22634.55,22645.7,3201339
2026-04-06,11:50,2026-04-06 11:50,22646.2,22675.25,22644.8,22668.2,3257248
2026-04-06,11:55,2026-04-06 11:55,22669.0,22707.8,22665.7,22676.4,4864149
2026-04-06,12:00,2026-04-06 12:00,22678.05,22684.8,22663.75,22667.85,3497980
2026-04-06,12:05,2026-04-06 12:05,22667.95,22691.95,22664.75,22673.6,3944494
2026-04-06,12:10,2026-04-06 12:10,22673.0,22680.75,22659.4,22659.6,2953705
2026-04-06,12:15,2026-04-06 12:15,22660.35,22672.45,22653.1,22660.2,3358624
2026-04-06,12:20,2026-04-06 12:20,22661.7,22731.1,22659.25,22700.8,7953559
2026-04-06,12:25,2026-04-06 12:25,22702.0,22727.95,22699.25,22713.4,3675815
2026-04-06,12:30,2026-04-06 12:30,22713.55,22714.9,22648.35,22650.1,4781970
2026-04-06,12:35,2026-04-06 12:35,22649.4,22682.6,22644.45,22667.7,4508898
2026-04-06,12:40,2026-04-06 12:40,22667.95,22684.8,22652.65,22675.65,4156986
2026-04-06,12:45,2026-04-06 12:45,22676.2,22757.0,22675.45,22757.0,5257585
2026-04-06,12:50,2026-04-06 12:50,22757.0,22785.3,22746.55,22775.25,6150728
2026-04-06,12:55,2026-04-06 12:55,22776.15,22804.0,22774.3,22802.45,5240498
2026-04-06,13:00,2026-04-06 13:00,22804.1,22814.4,22758.45,22767.4,5399348
2026-04-06,13:05,2026-04-06 13:05,22769.05,22806.95,22768.4,22806.0,3929857
2026-04-06,13:10,2026-04-06 13:10,22807.25,22865.25,22806.2,22860.7,6447597
2026-04-06,13:15,2026-04-06 13:15,22861.3,22876.1,22844.85,22864.2,5175441
2026-04-06,13:20,2026-04-06 13:20,22864.4,22898.95,22863.15,22878.4,4971444
2026-04-06,13:25,2026-04-06 13:25,22878.5,22881.15,22843.85,22860.2,3988696
2026-04-06,13:30,2026-04-06 13:30,22863.65,22893.6,22862.95,22884.85,3956945
2026-04-06,13:35,2026-04-06 13:35,22885.7,22900.55,22863.4,22863.4,3679524
2026-04-06,13:40,2026-04-06 13:40,22863.45,22877.75,22843.5,22850.9,4886441
2026-04-06,13:45,2026-04-06 13:45,22852.7,22874.35,22843.8,22843.8,3952070
2026-04-06,13:50,2026-04-06 13:50,22845.8,22886.75,22843.4,22882.7,3419997
2026-04-06,13:55,2026-04-06 13:55,22883.0,22887.4,22859.6,22862.8,3495210
2026-04-06,14:00,2026-04-06 14:00,22862.45,22898.7,22861.75,22890.55,4711947
2026-04-06,14:05,2026-04-06 14:05,22890.7,22898.65,22865.95,22866.05,3845305
2026-04-06,14:10,2026-04-06 14:10,22866.9,22913.4,22865.95,22911.4,4343041
2026-04-06,14:15,2026-04-06 14:15,22911.65,22929.7,22897.65,22914.95,6753346
2026-04-06,14:20,2026-04-06 14:20,22916.15,22928.5,22907.25,22907.25,4912054
2026-04-06,14:25,2026-04-06 14:25,22908.0,22913.3,22881.4,22895.45,5038516
2026-04-06,14:30,2026-04-06 14:30,22896.65,22925.85,22896.65,22922.25,5123755
2026-04-06,14:35,2026-04-06 14:35,22923.1,22940.7,22902.65,22918.0,6148279
2026-04-06,14:40,2026-04-06 14:40,22918.65,22928.5,22904.15,22913.8,3945316
2026-04-06,14:45,2026-04-06 14:45,22914.3,22928.65,22911.55,22922.0,4372798
2026-04-06,14:50,2026-04-06 14:50,22924.2,22929.25,22905.3,22911.15,6472923
2026-04-06,14:55,2026-04-06 14:55,22910.6,22930.3,22886.3,22917.15,8330054
2026-04-06,15:00,2026-04-06 15:00,22917.05,22969.05,22912.6,22959.65,11163815
2026-04-06,15:05,2026-04-06 15:05,22960.2,22977.4,22959.75,22975.35,8491356
2026-04-06,15:10,2026-04-06 15:10,22974.65,22998.35,22965.35,22989.35,9210950
2026-04-06,15:15,2026-04-06 15:15,22990.3,22991.2,22967.05,22970.9,10774231
2026-04-06,15:20,2026-04-06 15:20,22970.85,22972.95,22957.95,22969.85,9982934
2026-04-06,15:25,2026-04-06 15:25,22969.9,22972.2,22954.2,22959.45,8901411
2026-04-06,15:30,2026-04-06 15:30,22959.45,22959.45,22959.45,22959.45,1289799
2026-04-07,09:15,2026-04-07 09:15,22838.7,22843.95,22719.3,22773.05,18419108
2026-04-07,09:20,2026-04-07 09:20,22773.75,22825.8,22758.75,22802.15,10805251
2026-04-07,09:25,2026-04-07 09:25,22804.65,22893.4,22801.3,22889.85,8538546
2026-04-07,09:30,2026-04-07 09:30,22891.45,22901.05,22856.75,22858.35,7391772
2026-04-07,09:35,2026-04-07 09:35,22860.2,22880.35,22837.65,22851.25,6162632
2026-04-07,09:40,2026-04-07 09:40,22854.9,22868.5,22793.0,22801.8,6934553
2026-04-07,09:45,2026-04-07 09:45,22803.25,22863.0,22803.25,22818.25,5905646
2026-04-07,09:50,2026-04-07 09:50,22819.7,22853.85,22811.25,22841.4,4435543
2026-04-07,09:55,2026-04-07 09:55,22843.95,22892.65,22842.45,22886.15,5832203
2026-04-07,10:00,2026-04-07 10:00,22889.35,22923.5,22879.3,22913.9,8839685
2026-04-07,10:05,2026-04-07 10:05,22914.45,22928.7,22893.75,22897.5,4148965
2026-04-07,10:10,2026-04-07 10:10,22899.5,22923.55,22887.0,22920.0,3762869
2026-04-07,10:15,2026-04-07 10:15,22921.8,22952.2,22917.45,22943.2,4881185
2026-04-07,10:20,2026-04-07 10:20,22945.75,22966.6,22915.85,22926.45,5452274
2026-04-07,10:25,2026-04-07 10:25,22928.8,22945.7,22922.8,22943.65,3637216
2026-04-07,10:30,2026-04-07 10:30,22944.5,22947.9,22910.45,22913.7,3222146
2026-04-07,10:35,2026-04-07 10:35,22915.9,22929.95,22887.6,22928.75,3177493
2026-04-07,10:40,2026-04-07 10:40,22930.65,22965.25,22928.2,22958.85,4159661
2026-04-07,10:45,2026-04-07 10:45,22960.3,22960.95,22924.0,22931.75,4010601
2026-04-07,10:50,2026-04-07 10:50,22933.2,22933.5,22862.4,22879.2,5415837
2026-04-07,10:55,2026-04-07 10:55,22881.1,22904.05,22834.65,22843.95,5432264
2026-04-07,11:00,2026-04-07 11:00,22845.1,22864.35,22827.75,22850.55,5951970
2026-04-07,11:05,2026-04-07 11:05,22853.85,22886.7,22844.8,22864.95,6399612
2026-04-07,11:10,2026-04-07 11:10,22867.6,22878.95,22848.4,22862.5,6153692
2026-04-07,11:15,2026-04-07 11:15,22866.05,22903.15,22852.15,22893.7,5525582
2026-04-07,11:20,2026-04-07 11:20,22895.0,22928.2,22887.5,22927.5,5432879
2026-04-07,11:25,2026-04-07 11:25,22928.8,22947.0,22920.95,22943.6,4711102
2026-04-07,11:30,2026-04-07 11:30,22943.5,22946.4,22933.1,22943.95,4698084
2026-04-07,11:35,2026-04-07 11:35,22944.5,22960.25,22927.6,22944.25,5014084
2026-04-07,11:40,2026-04-07 11:40,22945.05,22945.05,22911.75,22921.25,4385705
2026-04-07,11:45,2026-04-07 11:45,22922.4,22928.0,22903.8,22917.1,3412617
2026-04-07,11:50,2026-04-07 11:50,22918.7,22943.1,22917.1,22942.95,2401798
2026-04-07,11:55,2026-04-07 11:55,22944.35,22991.7,22943.45,22984.7,4785245
2026-04-07,12:00,2026-04-07 12:00,22986.2,22987.75,22943.2,22944.4,5410820
2026-04-07,12:05,2026-04-07 12:05,22945.85,22950.3,22926.0,22949.05,2784486
2026-04-07,12:10,2026-04-07 12:10,22950.5,22950.5,22906.25,22942.55,4097708
2026-04-07,12:15,2026-04-07 12:15,22939.95,22947.25,22922.5,22929.95,3020826
2026-04-07,12:20,2026-04-07 12:20,22931.85,22932.65,22905.7,22912.75,2975974
2026-04-07,12:25,2026-04-07 12:25,22914.95,22929.3,22909.45,22924.75,4692794
2026-04-07,12:30,2026-04-07 12:30,22926.2,22945.35,22920.3,22934.85,3467776
2026-04-07,12:35,2026-04-07 12:35,22937.55,22946.3,22924.45,22946.3,3077920
2026-04-07,12:40,2026-04-07 12:40,22947.2,22951.9,22933.1,22946.05,2397433
2026-04-07,12:45,2026-04-07 12:45,22947.2,22948.85,22931.5,22942.8,2803251
2026-04-07,12:50,2026-04-07 12:50,22944.8,22952.05,22925.25,22939.85,5154823
2026-04-07,12:55,2026-04-07 12:55,22940.5,22944.6,22912.5,22915.9,3476868
2026-04-07,13:00,2026-04-07 13:00,22917.4,22942.2,22907.85,22937.7,3337636
2026-04-07,13:05,2026-04-07 13:05,22939.7,22939.7,22911.35,22912.75,3940527
2026-04-07,13:10,2026-04-07 13:10,22914.1,22956.05,22906.15,22938.85,5183040
2026-04-07,13:15,2026-04-07 13:15,22941.65,22970.7,22940.5,22967.3,3362738
2026-04-07,13:20,2026-04-07 13:20,22969.3,22969.3,22948.55,22954.25,3535005
2026-04-07,13:25,2026-04-07 13:25,22954.75,22961.1,22933.75,22959.95,2784636
2026-04-07,13:30,2026-04-07 13:30,22961.9,23045.4,22961.8,23012.8,7460209
2026-04-07,13:35,2026-04-07 13:35,23014.15,23033.1,23003.15,23030.2,3684748
2026-04-07,13:40,2026-04-07 13:40,23031.1,23062.4,23016.55,23056.05,4678947
2026-04-07,13:45,2026-04-07 13:45,23057.5,23063.55,23017.75,23020.75,4824489
2026-04-07,13:50,2026-04-07 13:50,23022.2,23044.1,22995.05,23026.95,5285623
2026-04-07,13:55,2026-04-07 13:55,23029.0,23032.7,22960.05,22977.7,5104038
2026-04-07,14:00,2026-04-07 14:00,22979.9,23020.55,22974.1,23013.55,4207264
2026-04-07,14:05,2026-04-07 14:05,23016.4,23022.65,22993.9,23015.55,3975806
2026-04-07,14:10,2026-04-07 14:10,23016.15,23018.35,22986.05,23011.95,4641487
2026-04-07,14:15,2026-04-07 14:15,23014.55,23026.15,22994.8,22996.6,4719579
2026-04-07,14:20,2026-04-07 14:20,22998.9,23011.8,22982.15,23004.8,4054705
2026-04-07,14:25,2026-04-07 14:25,23005.95,23025.4,22999.05,23014.1,3565867
2026-04-07,14:30,2026-04-07 14:30,23015.0,23049.95,23012.95,23034.2,5232153
2026-04-07,14:35,2026-04-07 14:35,23036.05,23036.45,22989.45,23001.3,5117221
2026-04-07,14:40,2026-04-07 14:40,23004.25,23041.15,23003.45,23028.6,6239563
2026-04-07,14:45,2026-04-07 14:45,23031.4,23055.3,23020.7,23044.55,5041490
2026-04-07,14:50,2026-04-07 14:50,23046.4,23068.95,23045.2,23060.05,6465376
2026-04-07,14:55,2026-04-07 14:55,23064.6,23101.4,23064.2,23096.7,12189413
2026-04-07,15:00,2026-04-07 15:00,23096.85,23130.25,23076.5,23118.55,23194966
2026-04-07,15:05,2026-04-07 15:05,23117.95,23134.8,23102.15,23127.0,24326254
2026-04-07,15:10,2026-04-07 15:10,23125.0,23130.0,23099.35,23109.25,19711541
2026-04-07,15:15,2026-04-07 15:15,23109.4,23142.3,23106.1,23123.45,22171684
2026-04-07,15:20,2026-04-07 15:20,23125.35,23145.15,23123.1,23135.35,19731855
2026-04-07,15:25,2026-04-07 15:25,23137.05,23153.85,23124.15,23129.95,14369007
2026-04-08,09:15,2026-04-08 09:15,23855.15,23938.85,23828.5,23899.95,55004149
2026-04-08,09:20,2026-04-08 09:20,23898.0,23928.1,23859.8,23863.35,25769760
2026-04-08,09:25,2026-04-08 09:25,23862.95,23893.65,23855.2,23877.75,19854352
2026-04-08,09:30,2026-04-08 09:30,23877.85,23909.35,23875.9,23879.95,18056036
2026-04-08,09:35,2026-04-08 09:35,23879.9,23916.2,23879.9,23913.35,17791150
2026-04-08,09:40,2026-04-08 09:40,23914.05,23921.35,23899.5,23921.05,15387442
2026-04-08,09:45,2026-04-08 09:45,23920.15,23961.1,23920.15,23940.95,15313801
2026-04-08,09:50,2026-04-08 09:50,23943.75,23961.25,23912.55,23922.05,13764838
2026-04-08,09:55,2026-04-08 09:55,23922.45,23936.6,23891.85,23896.9,10566859
2026-04-08,10:00,2026-04-08 10:00,23898.8,23923.9,23892.85,23900.4,9966413
2026-04-08,10:05,2026-04-08 10:05,23903.15,23935.1,23893.15,23902.0,8240155
2026-04-08,10:10,2026-04-08 10:10,23901.85,23903.4,23878.6,23880.45,8326819
2026-04-08,10:15,2026-04-08 10:15,23881.65,23905.25,23869.1,23905.25,8829760
2026-04-08,10:20,2026-04-08 10:20,23906.55,23913.0,23877.4,23892.75,8409790
2026-04-08,10:25,2026-04-08 10:25,23893.9,23915.25,23880.05,23909.85,9171083
2026-04-08,10:30,2026-04-08 10:30,23910.6,23928.35,23908.05,23922.05,8039362
2026-04-08,10:35,2026-04-08 10:35,23918.6,23930.9,23904.05,23921.65,8047145
2026-04-08,10:40,2026-04-08 10:40,23921.8,23952.95,23906.65,23950.95,6593333
2026-04-08,10:45,2026-04-08 10:45,23951.65,23955.95,23925.15,23940.1,9647294
2026-04-08,10:50,2026-04-08 10:50,23941.45,23972.75,23935.15,23970.2,7505861
2026-04-08,10:55,2026-04-08 10:55,23969.75,23984.5,23965.1,23982.15,7754818
2026-04-08,11:00,2026-04-08 11:00,23984.05,23999.45,23981.3,23992.35,7684910
2026-04-08,11:05,2026-04-08 11:05,23993.3,24001.5,23985.7,23990.0,5606225
2026-04-08,11:10,2026-04-08 11:10,23990.5,24004.65,23983.5,23991.6,5165244
2026-04-08,11:15,2026-04-08 11:15,23992.7,24014.0,23991.1,24001.05,6520406
2026-04-08,11:20,2026-04-08 11:20,24001.05,24013.5,23998.75,24002.1,5704866
2026-04-08,11:25,2026-04-08 11:25,24001.85,24004.15,23975.5,23982.75,5367085
2026-04-08,11:30,2026-04-08 11:30,23982.45,23982.45,23965.65,23968.45,5669956
2026-04-08,11:35,2026-04-08 11:35,23968.95,23981.1,23947.1,23964.05,6822761
2026-04-08,11:40,2026-04-08 11:40,23964.75,23988.3,23954.45,23980.55,5058121
2026-04-08,11:45,2026-04-08 11:45,23980.55,23998.6,23979.95,23985.8,4803298
2026-04-08,11:50,2026-04-08 11:50,23987.4,23987.4,23930.2,23949.35,5631706
2026-04-08,11:55,2026-04-08 11:55,23951.45,23951.45,23923.5,23931.2,6259844
2026-04-08,12:00,2026-04-08 12:00,23932.6,23957.45,23920.15,23951.25,5922504
2026-04-08,12:05,2026-04-08 12:05,23952.45,23971.0,23950.8,23969.6,6034200
2026-04-08,12:10,2026-04-08 12:10,23971.2,23971.2,23957.7,23963.2,4500677
2026-04-08,12:15,2026-04-08 12:15,23963.45,23967.35,23958.05,23963.45,4136541
2026-04-08,12:20,2026-04-08 12:20,23964.0,23973.95,23962.8,23971.05,3984659
2026-04-08,12:25,2026-04-08 12:25,23972.45,23973.45,23949.25,23950.1,4110546
2026-04-08,12:30,2026-04-08 12:30,23950.95,23950.95,23902.25,23916.55,4934287
2026-04-08,12:35,2026-04-08 12:35,23917.8,23934.0,23910.6,23923.45,4396349
2026-04-08,12:40,2026-04-08 12:40,23922.0,23950.55,23916.25,23946.35,4611049
2026-04-08,12:45,2026-04-08 12:45,23946.7,23953.15,23932.35,23952.55,4058465
2026-04-08,12:50,2026-04-08 12:50,23953.5,23958.85,23944.4,23953.4,4274987
2026-04-08,12:55,2026-04-08 12:55,23954.8,23979.8,23953.25,23977.65,4413496
2026-04-08,13:00,2026-04-08 13:00,23978.8,23979.2,23957.0,23967.75,4308491
2026-04-08,13:05,2026-04-08 13:05,23968.8,23969.7,23948.8,23962.35,5462109
2026-04-08,13:10,2026-04-08 13:10,23961.9,23988.6,23961.8,23974.3,5637022
2026-04-08,13:15,2026-04-08 13:15,23975.1,23991.35,23965.2,23973.9,5839147
2026-04-08,13:20,2026-04-08 13:20,23974.7,23984.7,23969.7,23983.2,3843207
2026-04-08,13:25,2026-04-08 13:25,23984.7,24001.6,23983.0,23999.15,4224856
2026-04-08,13:30,2026-04-08 13:30,24000.35,24000.35,23981.25,23994.15,3489802
2026-04-08,13:35,2026-04-08 13:35,23996.55,24025.15,23994.0,24015.5,5179535
2026-04-08,13:40,2026-04-08 13:40,24017.5,24017.5,23975.4,23975.4,5572934
2026-04-08,13:45,2026-04-08 13:45,23974.85,23990.05,23968.75,23977.35,4977638
2026-04-08,13:50,2026-04-08 13:50,23977.6,23985.5,23953.1,23964.05,4554345
2026-04-08,13:55,2026-04-08 13:55,23967.15,23988.4,23965.35,23985.5,3420228
2026-04-08,14:00,2026-04-08 14:00,23986.35,23986.35,23964.55,23967.35,4126563
2026-04-08,14:05,2026-04-08 14:05,23968.7,23971.65,23951.2,23964.3,4627973
2026-04-08,14:10,2026-04-08 14:10,23965.65,23979.95,23944.0,23948.15,5330278
2026-04-08,14:15,2026-04-08 14:15,23950.6,23966.6,23946.75,23965.3,5617740
2026-04-08,14:20,2026-04-08 14:20,23965.6,23985.4,23962.9,23977.3,5843547
2026-04-08,14:25,2026-04-08 14:25,23978.4,23988.8,23973.75,23979.55,5973058
2026-04-08,14:30,2026-04-08 14:30,23980.45,23988.85,23971.9,23977.55,5373950
2026-04-08,14:35,2026-04-08 14:35,23978.7,23990.55,23973.85,23979.2,6125710
2026-04-08,14:40,2026-04-08 14:40,23979.2,24006.15,23977.8,23998.9,6194355
2026-04-08,14:45,2026-04-08 14:45,23999.0,24017.6,23978.85,23982.8,6761966
2026-04-08,14:50,2026-04-08 14:50,23985.35,23990.6,23972.55,23987.65,6649852
2026-04-08,14:55,2026-04-08 14:55,23988.5,24005.0,23984.15,24002.2,6195783
2026-04-08,15:00,2026-04-08 15:00,24002.65,24002.65,23955.75,23992.25,11968914
2026-04-08,15:05,2026-04-08 15:05,23993.85,24011.5,23992.2,23999.0,11821974
2026-04-08,15:10,2026-04-08 15:10,24000.7,24008.1,23989.25,23994.25,15474644
2026-04-08,15:15,2026-04-08 15:15,23998.1,23998.1,23985.3,23993.0,15542517
2026-04-08,15:20,2026-04-08 15:20,23993.8,24004.55,23991.4,24004.2,14781315
2026-04-08,15:25,2026-04-08 15:25,24006.1,24018.25,24000.35,24012.35,13675586
2026-04-09,09:15,2026-04-09 09:15,23909.05,23937.15,23815.15,23935.65,23437074
2026-04-09,09:20,2026-04-09 09:20,23932.0,23974.6,23926.55,23969.4,13157700
2026-04-09,09:25,2026-04-09 09:25,23968.45,23990.75,23961.2,23984.2,10400985
2026-04-09,09:30,2026-04-09 09:30,23983.6,23986.1,23890.95,23890.95,10294771
2026-04-09,09:35,2026-04-09 09:35,23891.8,23929.35,23882.0,23891.1,7371662
2026-04-09,09:40,2026-04-09 09:40,23891.3,23899.3,23856.65,23861.15,6426214
2026-04-09,09:45,2026-04-09 09:45,23863.9,23883.05,23816.95,23817.3,6993504
2026-04-09,09:50,2026-04-09 09:50,23815.95,23826.0,23794.95,23805.05,6106626
2026-04-09,09:55,2026-04-09 09:55,23805.95,23806.6,23771.05,23786.3,6632417
2026-04-09,10:00,2026-04-09 10:00,23785.35,23826.5,23759.45,23817.4,7145224
2026-04-09,10:05,2026-04-09 10:05,23815.3,23831.35,23807.4,23824.05,5670175
2026-04-09,10:10,2026-04-09 10:10,23824.0,23853.15,23824.0,23839.0,4852629
2026-04-09,10:15,2026-04-09 10:15,23839.05,23870.7,23820.85,23870.7,5498536
2026-04-09,10:20,2026-04-09 10:20,23869.95,23871.35,23843.5,23864.8,4562167
2026-04-09,10:25,2026-04-09 10:25,23863.5,23867.55,23820.2,23848.2,4667760
2026-04-09,10:30,2026-04-09 10:30,23848.45,23863.6,23841.8,23858.45,3981678
2026-04-09,10:35,2026-04-09 10:35,23858.05,23872.2,23832.25,23837.6,4287971
2026-04-09,10:40,2026-04-09 10:40,23836.8,23839.5,23803.65,23807.9,4375480
2026-04-09,10:45,2026-04-09 10:45,23807.95,23829.25,23807.95,23824.35,2939702
2026-04-09,10:50,2026-04-09 10:50,23823.75,23830.4,23811.25,23825.4,5139249
2026-04-09,10:55,2026-04-09 10:55,23825.95,23843.55,23820.85,23828.75,4101133
2026-04-09,11:00,2026-04-09 11:00,23828.95,23864.1,23828.55,23849.3,7040201
2026-04-09,11:05,2026-04-09 11:05,23848.7,23866.4,23828.15,23860.65,5041695
2026-04-09,11:10,2026-04-09 11:10,23860.35,23869.5,23852.0,23855.75,4982895
2026-04-09,11:15,2026-04-09 11:15,23855.6,23863.2,23824.15,23829.95,4019896
2026-04-09,11:20,2026-04-09 11:20,23830.3,23850.5,23814.2,23839.5,5095176
2026-04-09,11:25,2026-04-09 11:25,23838.3,23863.85,23838.3,23855.25,3772390
2026-04-09,11:30,2026-04-09 11:30,23855.0,23875.5,23844.4,23855.3,5371920
2026-04-09,11:35,2026-04-09 11:35,23852.9,23862.1,23847.7,23856.25,3158095
2026-04-09,11:40,2026-04-09 11:40,23856.15,23871.3,23845.95,23864.8,3335038
2026-04-09,11:45,2026-04-09 11:45,23864.8,23887.6,23849.4,23887.25,4156341
2026-04-09,11:50,2026-04-09 11:50,23886.95,23898.0,23870.5,23883.65,3996506
2026-04-09,11:55,2026-04-09 11:55,23884.6,23905.4,23871.8,23886.35,3673208
2026-04-09,12:00,2026-04-09 12:00,23887.15,23902.75,23868.9,23876.55,3646032
2026-04-09,12:05,2026-04-09 12:05,23875.75,23902.7,23860.25,23901.0,3794285
2026-04-09,12:10,2026-04-09 12:10,23899.85,23907.3,23877.1,23881.25,4395685
2026-04-09,12:15,2026-04-09 12:15,23881.05,23884.05,23873.65,23875.35,3333225
2026-04-09,12:20,2026-04-09 12:20,23875.3,23883.85,23867.05,23869.5,3433131
2026-04-09,12:25,2026-04-09 12:25,23868.55,23886.9,23854.85,23872.55,3510587
2026-04-09,12:30,2026-04-09 12:30,23871.75,23885.35,23862.55,23864.55,3483425
2026-04-09,12:35,2026-04-09 12:35,23864.65,23871.45,23845.1,23855.35,3151613
2026-04-09,12:40,2026-04-09 12:40,23854.25,23867.55,23848.45,23852.3,2711086
2026-04-09,12:45,2026-04-09 12:45,23853.3,23855.25,23805.25,23807.15,5306165
2026-04-09,12:50,2026-04-09 12:50,23807.1,23839.4,23801.6,23831.3,5116106
2026-04-09,12:55,2026-04-09 12:55,23830.6,23843.6,23828.4,23830.7,3096139
2026-04-09,13:00,2026-04-09 13:00,23830.25,23842.6,23824.35,23830.95,2939837
2026-04-09,13:05,2026-04-09 13:05,23831.15,23836.95,23816.85,23829.6,2774368
2026-04-09,13:10,2026-04-09 13:10,23829.15,23831.05,23804.7,23815.4,3816163
2026-04-09,13:15,2026-04-09 13:15,23815.85,23817.3,23800.95,23803.2,3207057
2026-04-09,13:20,2026-04-09 13:20,23803.05,23804.35,23767.8,23787.2,5664574
2026-04-09,13:25,2026-04-09 13:25,23786.6,23790.35,23767.9,23769.3,3486304
2026-04-09,13:30,2026-04-09 13:30,23769.15,23792.5,23758.75,23788.7,4500767
2026-04-09,13:35,2026-04-09 13:35,23789.05,23798.95,23767.65,23773.2,3711808
2026-04-09,13:40,2026-04-09 13:40,23773.35,23776.65,23755.6,23760.15,3255847
2026-04-09,13:45,2026-04-09 13:45,23759.85,23770.55,23740.15,23762.5,5323657
2026-04-09,13:50,2026-04-09 13:50,23762.9,23785.45,23753.5,23770.5,3310804
2026-04-09,13:55,2026-04-09 13:55,23770.35,23782.3,23764.55,23767.85,4114206
2026-04-09,14:00,2026-04-09 14:00,23767.85,23790.2,23754.95,23781.8,2617412
2026-04-09,14:05,2026-04-09 14:05,23781.75,23800.0,23767.75,23785.55,4098000
2026-04-09,14:10,2026-04-09 14:10,23785.35,23786.95,23751.8,23753.2,4345297
2026-04-09,14:15,2026-04-09 14:15,23753.45,23760.95,23746.2,23746.6,3667673
2026-04-09,14:20,2026-04-09 14:20,23746.35,23758.7,23721.4,23731.7,5787436
2026-04-09,14:25,2026-04-09 14:25,23731.65,23733.8,23709.85,23720.3,5415403
2026-04-09,14:30,2026-04-09 14:30,23721.5,23722.25,23682.8,23697.15,7378410
2026-04-09,14:35,2026-04-09 14:35,23697.2,23708.85,23690.4,23705.85,5055508
2026-04-09,14:40,2026-04-09 14:40,23707.25,23744.9,23702.7,23729.75,5041102
2026-04-09,14:45,2026-04-09 14:45,23728.8,23748.35,23720.5,23737.95,7941442
2026-04-09,14:50,2026-04-09 14:50,23737.75,23751.45,23723.5,23748.4,5738934
2026-04-09,14:55,2026-04-09 14:55,23747.75,23752.15,23733.1,23741.05,5176977
2026-04-09,15:00,2026-04-09 15:00,23742.45,23806.8,23726.9,23741.6,27339585
2026-04-09,15:05,2026-04-09 15:05,23744.2,23800.6,23733.4,23787.75,19972612
2026-04-09,15:10,2026-04-09 15:10,23789.1,23801.25,23778.65,23793.35,14800809
2026-04-09,15:15,2026-04-09 15:15,23792.95,23794.35,23769.1,23771.25,14972612
2026-04-09,15:20,2026-04-09 15:20,23772.85,23784.55,23765.45,23781.4,16531364
2026-04-09,15:25,2026-04-09 15:25,23782.2,23791.15,23758.95,23766.05,12574561
2026-04-10,09:15,2026-04-10 09:15,23880.55,23968.75,23856.35,23965.7,25950127
2026-04-10,09:20,2026-04-10 09:20,23966.25,23978.7,23917.05,23918.65,11219519
2026-04-10,09:25,2026-04-10 09:25,23918.85,23944.2,23902.2,23936.9,11123375
2026-04-10,09:30,2026-04-10 09:30,23937.35,23959.5,23931.2,23943.6,8786804
2026-04-10,09:35,2026-04-10 09:35,23943.2,23944.05,23921.85,23936.55,7474769
2026-04-10,09:40,2026-04-10 09:40,23937.15,23957.95,23934.95,23948.15,13058828
2026-04-10,09:45,2026-04-10 09:45,23948.6,23992.5,23943.65,23974.35,9657596
2026-04-10,09:50,2026-04-10 09:50,23973.25,23987.95,23971.25,23986.85,6204883
2026-04-10,09:55,2026-04-10 09:55,23986.65,23998.25,23980.75,23988.05,6674562
2026-04-10,10:00,2026-04-10 10:00,23988.45,24002.85,23971.85,23972.35,7532582
2026-04-10,10:05,2026-04-10 10:05,23971.65,23973.95,23916.3,23961.55,9065266
2026-04-10,10:10,2026-04-10 10:10,23960.65,23995.9,23960.05,23994.4,6517222
2026-04-10,10:15,2026-04-10 10:15,23994.95,24018.75,23994.95,24015.05,6565833
2026-04-10,10:20,2026-04-10 10:20,24014.15,24024.1,24010.85,24021.55,4421673
2026-04-10,10:25,2026-04-10 10:25,24022.55,24036.2,24002.5,24009.1,4751761
2026-04-10,10:30,2026-04-10 10:30,24010.0,24023.9,24001.0,24019.85,4918484
2026-04-10,10:35,2026-04-10 10:35,24019.7,24026.1,24003.55,24007.05,3796110
2026-04-10,10:40,2026-04-10 10:40,24007.4,24017.6,24003.8,24003.85,3919972
2026-04-10,10:45,2026-04-10 10:45,24003.75,24009.05,23993.65,23994.95,4810360
2026-04-10,10:50,2026-04-10 10:50,23994.65,23997.35,23984.75,23985.7,4513572
2026-04-10,10:55,2026-04-10 10:55,23985.3,24000.0,23972.3,23998.85,5130863
2026-04-10,11:00,2026-04-10 11:00,23999.7,24010.4,23994.9,24001.8,4163974
2026-04-10,11:05,2026-04-10 11:05,24001.45,24011.2,23993.95,24010.05,3486575
2026-04-10,11:10,2026-04-10 11:10,24010.05,24021.35,24007.3,24013.3,3753800
2026-04-10,11:15,2026-04-10 11:15,24012.05,24015.35,23985.15,23992.65,5447628
2026-04-10,11:20,2026-04-10 11:20,23992.8,24001.55,23990.1,23992.3,5153190
2026-04-10,11:25,2026-04-10 11:25,23992.6,24005.25,23971.3,23972.55,4748149
2026-04-10,11:30,2026-04-10 11:30,23972.15,24007.4,23972.15,24004.6,6746301
2026-04-10,11:35,2026-04-10 11:35,24004.3,24006.7,23980.1,23983.85,6310918
2026-04-10,11:40,2026-04-10 11:40,23984.3,23990.05,23970.05,23980.15,3862905
2026-04-10,11:45,2026-04-10 11:45,23980.95,23987.1,23953.8,23963.35,4203559
2026-04-10,11:50,2026-04-10 11:50,23964.65,23988.55,23964.05,23982.45,4289532
2026-04-10,11:55,2026-04-10 11:55,23982.4,23996.0,23979.0,23994.15,3033207
2026-04-10,12:00,2026-04-10 12:00,23994.7,24008.05,23984.95,24008.05,3634313
2026-04-10,12:05,2026-04-10 12:05,24007.55,24019.2,24002.6,24015.05,5490044
2026-04-10,12:10,2026-04-10 12:10,24015.05,24019.55,24008.3,24009.05,4191854
2026-04-10,12:15,2026-04-10 12:15,24009.1,24011.0,23991.15,24003.9,3857459
2026-04-10,12:20,2026-04-10 12:20,24003.35,24020.2,23991.75,24019.2,4409605
2026-04-10,12:25,2026-04-10 12:25,24019.15,24032.6,23994.75,24009.6,4901231
2026-04-10,12:30,2026-04-10 12:30,24009.35,24016.8,23995.3,23998.25,3765299
2026-04-10,12:35,2026-04-10 12:35,23996.0,24020.45,23996.0,24014.4,4158988
2026-04-10,12:40,2026-04-10 12:40,24014.3,24022.0,24003.3,24004.25,3513085
2026-04-10,12:45,2026-04-10 12:45,24004.3,24018.95,24001.1,24011.3,4393687
2026-04-10,12:50,2026-04-10 12:50,24011.35,24012.25,23986.15,24000.75,6095441
2026-04-10,12:55,2026-04-10 12:55,24000.6,24007.65,23993.25,24004.55,4464633
2026-04-10,13:00,2026-04-10 13:00,24004.9,24018.55,24003.7,24014.05,4009338
2026-04-10,13:05,2026-04-10 13:05,24013.3,24021.75,24007.35,24020.35,2982276
2026-04-10,13:10,2026-04-10 13:10,24019.55,24021.4,23999.35,24002.55,4473157
2026-04-10,13:15,2026-04-10 13:15,24003.15,24010.75,23999.3,23999.3,5068658
2026-04-10,13:20,2026-04-10 13:20,23999.5,24004.0,23996.45,23999.3,5484672
2026-04-10,13:25,2026-04-10 13:25,23999.15,24009.9,23996.0,24007.05,5017917
2026-04-10,13:30,2026-04-10 13:30,24007.5,24016.5,24003.6,24004.25,5019524
2026-04-10,13:35,2026-04-10 13:35,24004.1,24012.1,23999.15,24011.6,3879572
2026-04-10,13:40,2026-04-10 13:40,24011.5,24025.7,24011.5,24020.4,4356415
2026-04-10,13:45,2026-04-10 13:45,24020.7,24030.25,24009.6,24012.85,3986140
2026-04-10,13:50,2026-04-10 13:50,24012.05,24021.85,24002.35,24018.6,4663682
2026-04-10,13:55,2026-04-10 13:55,24018.6,24044.9,24016.6,24040.95,4332753
2026-04-10,14:00,2026-04-10 14:00,24041.2,24048.2,24026.7,24028.95,5171395
2026-04-10,14:05,2026-04-10 14:05,24029.2,24037.6,24025.45,24031.55,3855355
2026-04-10,14:10,2026-04-10 14:10,24031.85,24046.5,23998.45,24020.1,5639636
2026-04-10,14:15,2026-04-10 14:15,24020.4,24021.8,23938.6,23994.85,9262240
2026-04-10,14:20,2026-04-10 14:20,23995.1,24010.6,23956.6,23956.9,5176096
2026-04-10,14:25,2026-04-10 14:25,23956.6,23969.65,23947.9,23964.75,5538133
2026-04-10,14:30,2026-04-10 14:30,23965.35,23989.9,23959.85,23964.5,7338166
2026-04-10,14:35,2026-04-10 14:35,23962.85,23981.0,23947.25,23971.25,6088178
2026-04-10,14:40,2026-04-10 14:40,23970.45,23993.45,23969.2,23982.7,6612164
2026-04-10,14:45,2026-04-10 14:45,23982.9,24005.5,23956.75,24000.65,8967246
2026-04-10,14:50,2026-04-10 14:50,24000.5,24006.15,23991.2,23994.85,6408759
2026-04-10,14:55,2026-04-10 14:55,23995.0,24005.65,23993.55,23993.55,6033616
2026-04-10,15:00,2026-04-10 15:00,23994.2,24035.25,23994.2,24035.1,11232717
2026-04-10,15:05,2026-04-10 15:05,24035.0,24064.55,24035.0,24060.8,11888587
2026-04-10,15:10,2026-04-10 15:10,24060.4,24074.05,24057.2,24057.5,12216054
2026-04-10,15:15,2026-04-10 15:15,24058.1,24061.45,24045.9,24055.1,13683895
2026-04-10,15:20,2026-04-10 15:20,24053.65,24061.4,24049.65,24054.7,12977167
2026-04-10,15:25,2026-04-10 15:25,24054.55,24063.45,24046.2,24051.8,11322367
2026-04-10,15:30,2026-04-10 15:30,24050.5,24050.5,24050.5,24050.5,1651640
2026-04-13,09:15,2026-04-13 09:15,23589.6,23699.7,23555.6,23578.55,30276207
2026-04-13,09:20,2026-04-13 09:20,23579.6,23595.1,23573.0,23591.5,16870262
2026-04-13,09:25,2026-04-13 09:25,23590.85,23609.85,23583.0,23604.7,10923479
2026-04-13,09:30,2026-04-13 09:30,23604.3,23618.8,23586.9,23615.55,8753662
2026-04-13,09:35,2026-04-13 09:35,23615.65,23615.65,23580.35,23592.85,8232708
2026-04-13,09:40,2026-04-13 09:40,23591.25,23644.0,23588.35,23633.5,7642782
2026-04-13,09:45,2026-04-13 09:45,23634.3,23635.4,23612.45,23631.35,6100581
2026-04-13,09:50,2026-04-13 09:50,23632.15,23657.05,23627.9,23642.75,6169542
2026-04-13,09:55,2026-04-13 09:55,23643.8,23679.55,23642.15,23669.05,6733046
2026-04-13,10:00,2026-04-13 10:00,23668.8,23679.0,23653.15,23671.35,5990127
2026-04-13,10:05,2026-04-13 10:05,23672.45,23679.65,23657.65,23675.45,6575077
2026-04-13,10:10,2026-04-13 10:10,23675.75,23682.65,23653.85,23660.05,7784236
2026-04-13,10:15,2026-04-13 10:15,23655.5,23673.3,23634.05,23673.3,5774263
2026-04-13,10:20,2026-04-13 10:20,23673.1,23721.65,23671.5,23707.85,6087472
2026-04-13,10:25,2026-04-13 10:25,23707.9,23732.3,23702.75,23721.5,8364239
2026-04-13,10:30,2026-04-13 10:30,23721.8,23728.3,23705.75,23715.8,6146130
2026-04-13,10:35,2026-04-13 10:35,23715.15,23734.15,23701.55,23729.7,5125043
2026-04-13,10:40,2026-04-13 10:40,23729.45,23738.55,23696.3,23723.55,4800230
2026-04-13,10:45,2026-04-13 10:45,23723.2,23746.8,23721.85,23732.1,8206080
2026-04-13,10:50,2026-04-13 10:50,23731.95,23753.85,23731.95,23745.7,4605125
2026-04-13,10:55,2026-04-13 10:55,23746.4,23757.95,23730.35,23740.0,7198875
2026-04-13,11:00,2026-04-13 11:00,23737.45,23741.45,23730.4,23736.9,4938373
2026-04-13,11:05,2026-04-13 11:05,23736.55,23752.3,23736.55,23749.7,4033788
2026-04-13,11:10,2026-04-13 11:10,23749.85,23751.15,23732.35,23743.7,4236113
2026-04-13,11:15,2026-04-13 11:15,23743.75,23752.0,23743.05,23746.3,3340554
2026-04-13,11:20,2026-04-13 11:20,23746.9,23762.75,23731.1,23743.4,4215558
2026-04-13,11:25,2026-04-13 11:25,23742.15,23757.65,23740.4,23740.5,3895463
2026-04-13,11:30,2026-04-13 11:30,23740.65,23751.35,23729.4,23738.1,4592912
2026-04-13,11:35,2026-04-13 11:35,23738.25,23772.3,23738.25,23761.05,3778586
2026-04-13,11:40,2026-04-13 11:40,23760.95,23764.0,23750.75,23756.15,2918857
2026-04-13,11:45,2026-04-13 11:45,23756.75,23776.95,23754.6,23776.95,3424807
2026-04-13,11:50,2026-04-13 11:50,23778.5,23800.45,23778.5,23798.3,5558619
2026-04-13,11:55,2026-04-13 11:55,23798.3,23811.35,23785.2,23785.65,4608183
2026-04-13,12:00,2026-04-13 12:00,23785.95,23794.9,23785.45,23788.15,3568961
2026-04-13,12:05,2026-04-13 12:05,23788.9,23806.55,23788.9,23798.65,4128973
2026-04-13,12:10,2026-04-13 12:10,23798.3,23816.2,23795.75,23814.6,4909297
2026-04-13,12:15,2026-04-13 12:15,23814.7,23822.75,23804.35,23821.0,3989713
2026-04-13,12:20,2026-04-13 12:20,23820.0,23822.85,23796.0,23804.65,3557842
2026-04-13,12:25,2026-04-13 12:25,23804.4,23836.55,23804.3,23835.95,3266916
2026-04-13,12:30,2026-04-13 12:30,23837.6,23841.75,23823.0,23825.6,4637616
2026-04-13,12:35,2026-04-13 12:35,23827.1,23847.75,23821.5,23833.5,3838823
2026-04-13,12:40,2026-04-13 12:40,23833.8,23842.9,23825.0,23841.35,2683735
2026-04-13,12:45,2026-04-13 12:45,23842.15,23842.85,23824.3,23839.75,5330521
2026-04-13,12:50,2026-04-13 12:50,23840.65,23845.7,23821.15,23822.15,5437739
2026-04-13,12:55,2026-04-13 12:55,23822.1,23825.15,23780.9,23806.45,5877924
2026-04-13,13:00,2026-04-13 13:00,23806.8,23815.0,23771.75,23784.85,4570453
2026-04-13,13:05,2026-04-13 13:05,23785.55,23817.95,23785.55,23811.5,2959221
2026-04-13,13:10,2026-04-13 13:10,23809.1,23822.4,23803.4,23820.65,3177919
2026-04-13,13:15,2026-04-13 13:15,23821.25,23835.3,23805.25,23835.3,4180773
2026-04-13,13:20,2026-04-13 13:20,23835.35,23839.8,23818.8,23825.65,4512498
2026-04-13,13:25,2026-04-13 13:25,23826.1,23831.25,23815.45,23823.4,3708791
2026-04-13,13:30,2026-04-13 13:30,23824.55,23854.15,23822.9,23846.0,5342348
2026-04-13,13:35,2026-04-13 13:35,23845.95,23856.8,23835.0,23845.4,4432105
2026-04-13,13:40,2026-04-13 13:40,23846.15,23846.85,23829.05,23835.45,3719066
2026-04-13,13:45,2026-04-13 13:45,23835.85,23843.35,23831.9,23839.75,5638152
2026-04-13,13:50,2026-04-13 13:50,23839.5,23883.7,23836.55,23881.8,6107340
2026-04-13,13:55,2026-04-13 13:55,23882.45,23907.4,23878.45,23893.7,6386815
2026-04-13,14:00,2026-04-13 14:00,23893.05,23897.3,23882.6,23887.6,5161866
2026-04-13,14:05,2026-04-13 14:05,23887.85,23888.7,23852.6,23855.35,4569227
2026-04-13,14:10,2026-04-13 14:10,23854.2,23854.5,23835.2,23854.5,5089776
2026-04-13,14:15,2026-04-13 14:15,23854.75,23865.25,23834.6,23855.9,4706014
2026-04-13,14:20,2026-04-13 14:20,23856.0,23870.35,23852.1,23861.25,3975302
2026-04-13,14:25,2026-04-13 14:25,23862.05,23881.65,23860.95,23866.05,3940014
2026-04-13,14:30,2026-04-13 14:30,23865.7,23892.75,23865.7,23881.05,4526045
2026-04-13,14:35,2026-04-13 14:35,23881.9,23897.45,23871.45,23871.45,5781239
2026-04-13,14:40,2026-04-13 14:40,23870.65,23880.9,23855.75,23866.35,6248743
2026-04-13,14:45,2026-04-13 14:45,23866.05,23888.25,23854.6,23883.9,5546347
2026-04-13,14:50,2026-04-13 14:50,23883.7,23891.75,23870.9,23881.8,5409495
2026-04-13,14:55,2026-04-13 14:55,23882.85,23897.4,23880.5,23883.7,6074044
2026-04-13,15:00,2026-04-13 15:00,23884.95,23888.2,23822.25,23838.8,21914978
2026-04-13,15:05,2026-04-13 15:05,23837.65,23868.1,23824.35,23842.35,17158271
2026-04-13,15:10,2026-04-13 15:10,23839.35,23857.25,23826.4,23845.4,13028213
2026-04-13,15:15,2026-04-13 15:15,23843.65,23847.0,23822.45,23825.6,12631038
2026-04-13,15:20,2026-04-13 15:20,23826.55,23832.15,23816.8,23821.85,11701260
2026-04-13,15:25,2026-04-13 15:25,23822.35,23827.8,23814.65,23818.9,10368955
2026-04-15,09:15,2026-04-15 09:15,24163.8,24280.9,24162.7,24230.85,30221227
2026-04-15,09:20,2026-04-15 09:20,24231.6,24234.7,24206.75,24208.85,15091680
2026-04-15,09:25,2026-04-15 09:25,24209.2,24212.9,24184.1,24192.45,11758215
2026-04-15,09:30,2026-04-15 09:30,24193.5,24194.7,24164.15,24168.9,8803367
2026-04-15,09:35,2026-04-15 09:35,24168.05,24179.85,24145.8,24151.35,8010375
2026-04-15,09:40,2026-04-15 09:40,24151.05,24215.95,24149.7,24207.35,7418225
2026-04-15,09:45,2026-04-15 09:45,24207.05,24225.2,24193.1,24193.1,7074546
2026-04-15,09:50,2026-04-15 09:50,24192.4,24219.9,24186.7,24212.65,6062067
2026-04-15,09:55,2026-04-15 09:55,24213.15,24224.55,24205.05,24216.0,6597202
2026-04-15,10:00,2026-04-15 10:00,24216.8,24232.95,24214.05,24231.7,8768637
2026-04-15,10:05,2026-04-15 10:05,24233.15,24247.35,24232.9,24235.65,6432205
2026-04-15,10:10,2026-04-15 10:10,24236.55,24253.35,24234.3,24241.65,6424883
2026-04-15,10:15,2026-04-15 10:15,24241.55,24264.25,24241.55,24260.4,5220015
2026-04-15,10:20,2026-04-15 10:20,24261.1,24272.55,24249.85,24264.95,5490386
2026-04-15,10:25,2026-04-15 10:25,24264.85,24267.1,24255.65,24260.1,4480601
2026-04-15,10:30,2026-04-15 10:30,24260.4,24273.15,24256.2,24259.45,4259831
2026-04-15,10:35,2026-04-15 10:35,24260.15,24263.0,24242.45,24243.6,4626509
2026-04-15,10:40,2026-04-15 10:40,24245.75,24251.45,24235.45,24243.1,5224990
2026-04-15,10:45,2026-04-15 10:45,24242.5,24255.75,24239.85,24248.0,4821573
2026-04-15,10:50,2026-04-15 10:50,24247.55,24248.55,24208.8,24223.4,6040802
2026-04-15,10:55,2026-04-15 10:55,24223.5,24233.8,24216.1,24216.1,3978599
2026-04-15,11:00,2026-04-15 11:00,24216.35,24216.5,24202.85,24209.6,4641958
2026-04-15,11:05,2026-04-15 11:05,24208.9,24210.25,24184.25,24187.5,4136575
2026-04-15,11:10,2026-04-15 11:10,24186.9,24192.9,24177.6,24184.25,4554039
2026-04-15,11:15,2026-04-15 11:15,24184.5,24207.5,24174.5,24186.2,4663504
2026-04-15,11:20,2026-04-15 11:20,24187.15,24206.5,24187.0,24201.65,3248554
2026-04-15,11:25,2026-04-15 11:25,24201.25,24201.9,24178.8,24188.05,3825414
2026-04-15,11:30,2026-04-15 11:30,24188.1,24196.1,24184.65,24189.0,3169399
2026-04-15,11:35,2026-04-15 11:35,24189.1,24202.8,24188.75,24199.6,3107143
2026-04-15,11:40,2026-04-15 11:40,24199.7,24211.05,24194.05,24210.35,4462657
2026-04-15,11:45,2026-04-15 11:45,24210.6,24223.05,24202.15,24221.0,4782367
2026-04-15,11:50,2026-04-15 11:50,24221.45,24226.25,24215.45,24222.6,3302658
2026-04-15,11:55,2026-04-15 11:55,24221.9,24224.3,24214.05,24217.1,3867554
2026-04-15,12:00,2026-04-15 12:00,24217.75,24232.9,24217.45,24229.05,3452022
2026-04-15,12:05,2026-04-15 12:05,24229.2,24231.75,24220.75,24224.1,3297562
2026-04-15,12:10,2026-04-15 12:10,24224.35,24234.95,24224.1,24226.85,4000450
2026-04-15,12:15,2026-04-15 12:15,24227.0,24235.65,24215.85,24217.35,3819074
2026-04-15,12:20,2026-04-15 12:20,24216.05,24225.0,24200.4,24221.55,4000716
2026-04-15,12:25,2026-04-15 12:25,24222.05,24230.8,24219.1,24219.75,3946393
2026-04-15,12:30,2026-04-15 12:30,24219.8,24221.8,24213.05,24217.6,3793086
2026-04-15,12:35,2026-04-15 12:35,24217.4,24236.65,24215.15,24232.7,4106279
2026-04-15,12:40,2026-04-15 12:40,24232.9,24234.15,24216.1,24228.05,4468145
2026-04-15,12:45,2026-04-15 12:45,24228.75,24234.85,24210.0,24216.6,4459070
2026-04-15,12:50,2026-04-15 12:50,24216.7,24234.8,24203.95,24214.3,4926798
2026-04-15,12:55,2026-04-15 12:55,24213.65,24219.1,24206.9,24207.85,3228668
2026-04-15,13:00,2026-04-15 13:00,24207.5,24217.75,24200.2,24210.8,3851399
2026-04-15,13:05,2026-04-15 13:05,24211.15,24213.05,24203.35,24212.9,3298689
2026-04-15,13:10,2026-04-15 13:10,24212.4,24222.75,24212.0,24220.55,3004192
2026-04-15,13:15,2026-04-15 13:15,24220.65,24233.95,24215.95,24233.85,4981287
2026-04-15,13:20,2026-04-15 13:20,24233.9,24238.55,24187.75,24197.75,6039334
2026-04-15,13:25,2026-04-15 13:25,24197.25,24203.9,24195.75,24196.95,3972343
2026-04-15,13:30,2026-04-15 13:30,24196.9,24222.45,24191.5,24213.3,3943618
2026-04-15,13:35,2026-04-15 13:35,24213.2,24223.3,24191.25,24195.15,3995109
2026-04-15,13:40,2026-04-15 13:40,24195.8,24217.35,24192.35,24215.75,3540346
2026-04-15,13:45,2026-04-15 13:45,24215.9,24221.3,24199.05,24207.65,4858421
2026-04-15,13:50,2026-04-15 13:50,24206.8,24211.6,24194.35,24201.1,4927254
2026-04-15,13:55,2026-04-15 13:55,24200.4,24225.2,24199.4,24221.25,6657499
2026-04-15,14:00,2026-04-15 14:00,24221.8,24230.4,24221.45,24225.15,6069104
2026-04-15,14:05,2026-04-15 14:05,24226.0,24230.9,24223.55,24225.65,5497376
2026-04-15,14:10,2026-04-15 14:10,24225.6,24238.1,24219.5,24226.6,4875329
2026-04-15,14:15,2026-04-15 14:15,24227.05,24231.6,24219.2,24226.65,3842274
2026-04-15,14:20,2026-04-15 14:20,24226.75,24242.25,24214.45,24215.05,4842170
2026-04-15,14:25,2026-04-15 14:25,24215.05,24235.9,24214.4,24233.35,3323440
2026-04-15,14:30,2026-04-15 14:30,24232.9,24237.9,24229.15,24234.65,4437810
2026-04-15,14:35,2026-04-15 14:35,24235.1,24236.55,24220.15,24224.45,4717820
2026-04-15,14:40,2026-04-15 14:40,24225.1,24236.15,24223.85,24233.15,5749438
2026-04-15,14:45,2026-04-15 14:45,24233.0,24245.65,24232.35,24244.35,4064362
2026-04-15,14:50,2026-04-15 14:50,24244.25,24262.75,24236.25,24250.45,6728562
2026-04-15,14:55,2026-04-15 14:55,24250.5,24264.2,24240.2,24261.25,7715683
2026-04-15,15:00,2026-04-15 15:00,24262.2,24265.75,24235.65,24245.45,11907270
2026-04-15,15:05,2026-04-15 15:05,24246.55,24249.55,24229.5,24239.0,13957100
2026-04-15,15:10,2026-04-15 15:10,24241.1,24242.5,24223.95,24227.85,12792743
2026-04-15,15:15,2026-04-15 15:15,24228.7,24230.35,24221.45,24223.0,12043649
2026-04-15,15:20,2026-04-15 15:20,24223.65,24229.6,24219.3,24225.6,13002287
2026-04-15,15:25,2026-04-15 15:25,24224.65,24229.25,24206.5,24211.9,11117127
2026-04-16,09:15,2026-04-16 09:15,24385.2,24392.35,24333.95,24390.55,26577275
2026-04-16,09:20,2026-04-16 09:20,24390.8,24397.7,24372.7,24387.5,14152738
2026-04-16,09:25,2026-04-16 09:25,24388.25,24400.95,24376.0,24385.85,10572774
2026-04-16,09:30,2026-04-16 09:30,24385.65,24396.05,24353.7,24358.3,11236882
2026-04-16,09:35,2026-04-16 09:35,24358.15,24364.05,24305.55,24326.8,8806375
2026-04-16,09:40,2026-04-16 09:40,24326.25,24335.35,24299.05,24301.95,8032718
2026-04-16,09:45,2026-04-16 09:45,24302.75,24332.7,24292.3,24327.9,7148719
2026-04-16,09:50,2026-04-16 09:50,24327.15,24337.05,24301.5,24316.55,8074525
2026-04-16,09:55,2026-04-16 09:55,24316.85,24316.85,24270.55,24271.55,5970305
2026-04-16,10:00,2026-04-16 10:00,24271.65,24303.85,24264.4,24303.85,6719795
2026-04-16,10:05,2026-04-16 10:05,24303.2,24310.9,24280.9,24308.55,5419457
2026-04-16,10:10,2026-04-16 10:10,24308.45,24319.85,24295.3,24307.6,6187209
2026-04-16,10:15,2026-04-16 10:15,24306.15,24328.8,24292.85,24309.7,6701294
2026-04-16,10:20,2026-04-16 10:20,24309.15,24313.0,24300.05,24304.0,3873233
2026-04-16,10:25,2026-04-16 10:25,24303.9,24317.2,24292.5,24300.75,3887963
2026-04-16,10:30,2026-04-16 10:30,24301.05,24321.25,24301.05,24312.7,4322100
2026-04-16,10:35,2026-04-16 10:35,24312.8,24325.85,24292.45,24299.65,5476520
2026-04-16,10:40,2026-04-16 10:40,24298.6,24317.1,24298.1,24307.65,3529948
2026-04-16,10:45,2026-04-16 10:45,24307.45,24327.9,24306.9,24316.15,5558394
2026-04-16,10:50,2026-04-16 10:50,24315.1,24319.1,24311.5,24314.7,4592882
2026-04-16,10:55,2026-04-16 10:55,24315.25,24315.95,24302.15,24309.55,4798460
2026-04-16,11:00,2026-04-16 11:00,24309.3,24330.7,24309.3,24324.45,7917993
2026-04-16,11:05,2026-04-16 11:05,24321.3,24333.2,24308.6,24324.45,6528682
2026-04-16,11:10,2026-04-16 11:10,24323.3,24323.45,24303.65,24313.9,5558120
2026-04-16,11:15,2026-04-16 11:15,24313.2,24323.05,24294.1,24319.8,6004263
2026-04-16,11:20,2026-04-16 11:20,24319.95,24328.95,24294.5,24297.95,9634121
2026-04-16,11:25,2026-04-16 11:25,24298.8,24304.2,24282.75,24299.15,8737989
2026-04-16,11:30,2026-04-16 11:30,24300.25,24304.25,24290.1,24299.7,3735262
2026-04-16,11:35,2026-04-16 11:35,24299.85,24301.05,24266.9,24281.15,3931735
2026-04-16,11:40,2026-04-16 11:40,24280.0,24280.0,24252.9,24254.7,4109300
2026-04-16,11:45,2026-04-16 11:45,24254.3,24254.3,24215.55,24243.6,7501118
2026-04-16,11:50,2026-04-16 11:50,24242.7,24242.7,24218.4,24237.25,5226265
2026-04-16,11:55,2026-04-16 11:55,24237.75,24237.75,24194.7,24197.2,5349511
2026-04-16,12:00,2026-04-16 12:00,24196.3,24197.8,24157.55,24159.25,6807138
2026-04-16,12:05,2026-04-16 12:05,24159.5,24176.9,24153.05,24171.1,4839191
2026-04-16,12:10,2026-04-16 12:10,24171.1,24190.75,24170.5,24184.8,5200017
2026-04-16,12:15,2026-04-16 12:15,24182.95,24189.7,24159.4,24181.4,4726009
2026-04-16,12:20,2026-04-16 12:20,24180.8,24184.35,24152.25,24163.2,3962603
2026-04-16,12:25,2026-04-16 12:25,24161.8,24169.4,24152.95,24162.95,3475061
2026-04-16,12:30,2026-04-16 12:30,24162.95,24169.75,24136.9,24137.9,5092105
2026-04-16,12:35,2026-04-16 12:35,24138.05,24158.8,24131.8,24158.8,4590338
2026-04-16,12:40,2026-04-16 12:40,24158.65,24169.25,24138.65,24139.05,4337809
2026-04-16,12:45,2026-04-16 12:45,24140.8,24153.05,24129.05,24135.7,3713922
2026-04-16,12:50,2026-04-16 12:50,24136.1,24157.1,24122.75,24123.9,4188226
2026-04-16,12:55,2026-04-16 12:55,24124.05,24145.25,24116.95,24144.55,3982278
2026-04-16,13:00,2026-04-16 13:00,24144.5,24154.6,24136.8,24150.2,5831647
2026-04-16,13:05,2026-04-16 13:05,24149.8,24160.2,24117.3,24122.9,5919332
2026-04-16,13:10,2026-04-16 13:10,24124.15,24125.85,24107.45,24122.3,5016302
2026-04-16,13:15,2026-04-16 13:15,24122.6,24141.95,24111.8,24137.85,4403722
2026-04-16,13:20,2026-04-16 13:20,24137.85,24142.45,24103.2,24106.85,6202203
2026-04-16,13:25,2026-04-16 13:25,24107.95,24123.2,24102.8,24116.05,4296157
2026-04-16,13:30,2026-04-16 13:30,24116.1,24128.45,24115.3,24124.05,3901536
2026-04-16,13:35,2026-04-16 13:35,24123.85,24125.7,24118.1,24124.75,3249733
2026-04-16,13:40,2026-04-16 13:40,24124.7,24140.1,24122.1,24137.75,3369910
2026-04-16,13:45,2026-04-16 13:45,24137.85,24151.5,24137.45,24151.5,3050058
2026-04-16,13:50,2026-04-16 13:50,24151.5,24184.75,24150.55,24183.45,8281722
2026-04-16,13:55,2026-04-16 13:55,24184.25,24190.5,24165.55,24183.2,7223833
2026-04-16,14:00,2026-04-16 14:00,24181.9,24183.95,24138.3,24145.3,4762622
2026-04-16,14:05,2026-04-16 14:05,24145.4,24158.3,24132.45,24155.95,3801801
2026-04-16,14:10,2026-04-16 14:10,24156.3,24175.35,24153.35,24166.7,3097025
2026-04-16,14:15,2026-04-16 14:15,24166.7,24168.85,24158.9,24165.5,3453789
2026-04-16,14:20,2026-04-16 14:20,24165.2,24171.3,24153.75,24165.05,3435325
2026-04-16,14:25,2026-04-16 14:25,24164.65,24186.9,24164.0,24186.6,3382724
2026-04-16,14:30,2026-04-16 14:30,24186.5,24221.35,24186.5,24221.2,5963369
2026-04-16,14:35,2026-04-16 14:35,24221.35,24228.65,24211.0,24222.7,6200161
2026-04-16,14:40,2026-04-16 14:40,24223.1,24234.55,24212.5,24219.65,5898936
2026-04-16,14:45,2026-04-16 14:45,24219.5,24240.15,24218.9,24234.6,5442876
2026-04-16,14:50,2026-04-16 14:50,24234.5,24245.0,24226.95,24240.75,7085913
2026-04-16,14:55,2026-04-16 14:55,24241.0,24241.15,24214.6,24230.05,6584978
2026-04-16,15:00,2026-04-16 15:00,24229.45,24238.3,24187.9,24202.95,20500706
2026-04-16,15:05,2026-04-16 15:05,24202.7,24208.15,24163.45,24170.25,15878534
2026-04-16,15:10,2026-04-16 15:10,24169.95,24202.5,24169.6,24183.9,16646524
2026-04-16,15:15,2026-04-16 15:15,24184.25,24203.25,24177.8,24180.8,14366674
2026-04-16,15:20,2026-04-16 15:20,24179.75,24199.3,24179.25,24196.0,13072872
2026-04-16,15:25,2026-04-16 15:25,24196.1,24199.95,24178.85,24188.4,12699525
2026-04-17,09:15,2026-04-17 09:15,24165.9,24224.85,24096.05,24207.55,34091726
2026-04-17,09:20,2026-04-17 09:20,24210.55,24233.7,24195.1,24196.9,13533801
2026-04-17,09:25,2026-04-17 09:25,24196.8,24235.6,24196.45,24233.35,9461841
2026-04-17,09:30,2026-04-17 09:30,24232.6,24234.75,24192.5,24196.55,8744345
2026-04-17,09:35,2026-04-17 09:35,24195.05,24222.0,24166.9,24211.85,7980411
2026-04-17,09:40,2026-04-17 09:40,24211.35,24223.45,24178.7,24191.35,7724504
2026-04-17,09:45,2026-04-17 09:45,24192.75,24220.35,24190.0,24219.9,5746838
2026-04-17,09:50,2026-04-17 09:50,24219.95,24231.95,24219.2,24223.0,6284607
2026-04-17,09:55,2026-04-17 09:55,24223.7,24238.55,24214.65,24232.1,6924970
2026-04-17,10:00,2026-04-17 10:00,24231.4,24255.65,24205.4,24255.3,7183394
2026-04-17,10:05,2026-04-17 10:05,24255.65,24279.85,24255.65,24263.3,6484490
2026-04-17,10:10,2026-04-17 10:10,24264.6,24274.1,24255.15,24272.95,4622623
2026-04-17,10:15,2026-04-17 10:15,24273.45,24289.2,24273.45,24280.45,4946733
2026-04-17,10:20,2026-04-17 10:20,24280.0,24291.8,24280.0,24286.6,4318195
2026-04-17,10:25,2026-04-17 10:25,24286.45,24304.55,24285.8,24285.85,5499393
2026-04-17,10:30,2026-04-17 10:30,24285.9,24296.3,24260.05,24265.0,4865754
2026-04-17,10:35,2026-04-17 10:35,24265.4,24278.7,24252.0,24252.85,6245847
2026-04-17,10:40,2026-04-17 10:40,24253.0,24265.5,24244.05,24260.4,4542754
2026-04-17,10:45,2026-04-17 10:45,24260.45,24270.0,24256.85,24263.85,4996609
2026-04-17,10:50,2026-04-17 10:50,24264.1,24265.55,24252.6,24256.35,5191269
2026-04-17,10:55,2026-04-17 10:55,24256.35,24263.8,24253.9,24254.95,5148636
2026-04-17,11:00,2026-04-17 11:00,24255.7,24261.35,24237.75,24246.95,5165927
2026-04-17,11:05,2026-04-17 11:05,24247.05,24259.8,24246.8,24258.65,4023551
2026-04-17,11:10,2026-04-17 11:10,24259.15,24275.15,24257.85,24265.1,10477872
2026-04-17,11:15,2026-04-17 11:15,24264.65,24277.5,24264.65,24277.3,7717620
2026-04-17,11:20,2026-04-17 11:20,24277.4,24282.15,24272.8,24273.8,4756491
2026-04-17,11:25,2026-04-17 11:25,24274.2,24279.5,24266.25,24275.25,4573512
2026-04-17,11:30,2026-04-17 11:30,24275.8,24287.65,24273.5,24287.0,3790113
2026-04-17,11:35,2026-04-17 11:35,24287.25,24293.9,24283.25,24289.15,3510316
2026-04-17,11:40,2026-04-17 11:40,24290.0,24302.6,24287.6,24294.9,4286166
2026-04-17,11:45,2026-04-17 11:45,24295.6,24296.35,24278.45,24282.45,4267890
2026-04-17,11:50,2026-04-17 11:50,24283.3,24319.1,24282.65,24316.45,5741176
2026-04-17,11:55,2026-04-17 11:55,24316.05,24323.1,24269.65,24271.45,5981959
2026-04-17,12:00,2026-04-17 12:00,24271.65,24277.15,24253.15,24261.35,8516257
2026-04-17,12:05,2026-04-17 12:05,24261.1,24292.55,24258.3,24286.3,5295655
2026-04-17,12:10,2026-04-17 12:10,24286.0,24287.95,24277.65,24285.6,2730010
2026-04-17,12:15,2026-04-17 12:15,24286.2,24293.7,24281.6,24286.55,3207681
2026-04-17,12:20,2026-04-17 12:20,24287.2,24290.35,24280.7,24288.4,4239036
2026-04-17,12:25,2026-04-17 12:25,24288.55,24291.65,24282.5,24284.0,3992955
2026-04-17,12:30,2026-04-17 12:30,24283.95,24285.05,24264.8,24265.35,6474773
2026-04-17,12:35,2026-04-17 12:35,24265.05,24272.65,24263.75,24265.1,3362677
2026-04-17,12:40,2026-04-17 12:40,24264.25,24275.85,24260.25,24267.0,3412362
2026-04-17,12:45,2026-04-17 12:45,24267.15,24277.95,24266.2,24272.2,3036368
2026-04-17,12:50,2026-04-17 12:50,24272.7,24275.15,24259.95,24265.35,2591344
2026-04-17,12:55,2026-04-17 12:55,24264.95,24269.15,24259.9,24266.1,3697195
2026-04-17,13:00,2026-04-17 13:00,24267.0,24275.3,24264.85,24269.8,3303943
2026-04-17,13:05,2026-04-17 13:05,24269.0,24286.3,24267.8,24284.8,3130663
2026-04-17,13:10,2026-04-17 13:10,24284.85,24292.95,24283.75,24285.05,4410693
2026-04-17,13:15,2026-04-17 13:15,24284.3,24287.05,24269.5,24271.95,4505306
2026-04-17,13:20,2026-04-17 13:20,24270.8,24284.05,24268.05,24273.75,4518807
2026-04-17,13:25,2026-04-17 13:25,24273.55,24289.35,24265.4,24289.35,4095994
2026-04-17,13:30,2026-04-17 13:30,24289.5,24296.3,24287.45,24296.3,5375101
2026-04-17,13:35,2026-04-17 13:35,24296.3,24302.35,24289.25,24301.05,4131532
2026-04-17,13:40,2026-04-17 13:40,24300.25,24312.8,24299.4,24301.9,4820766
2026-04-17,13:45,2026-04-17 13:45,24301.6,24309.1,24301.5,24306.3,4054784
2026-04-17,13:50,2026-04-17 13:50,24306.15,24308.05,24299.75,24304.0,3416436
2026-04-17,13:55,2026-04-17 13:55,24304.25,24308.3,24294.05,24303.3,5563366
2026-04-17,14:00,2026-04-17 14:00,24303.65,24311.7,24301.8,24302.6,4909732
2026-04-17,14:05,2026-04-17 14:05,24302.5,24316.0,24300.85,24312.25,4837302
2026-04-17,14:10,2026-04-17 14:10,24312.55,24317.75,24305.45,24306.85,3978070
2026-04-17,14:15,2026-04-17 14:15,24307.5,24320.1,24306.65,24316.75,4974652
2026-04-17,14:20,2026-04-17 14:20,24316.9,24327.1,24313.0,24324.65,7233108
2026-04-17,14:25,2026-04-17 14:25,24323.05,24326.25,24305.1,24307.1,7894606
2026-04-17,14:30,2026-04-17 14:30,24307.4,24315.85,24304.75,24314.2,9884056
2026-04-17,14:35,2026-04-17 14:35,24314.3,24329.6,24308.2,24325.05,6486454
2026-04-17,14:40,2026-04-17 14:40,24325.45,24343.4,24323.35,24340.45,7689323
2026-04-17,14:45,2026-04-17 14:45,24339.85,24357.8,24338.0,24348.4,9874411
2026-04-17,14:50,2026-04-17 14:50,24349.0,24356.55,24346.0,24351.05,6311120
2026-04-17,14:55,2026-04-17 14:55,24349.1,24352.75,24342.2,24349.85,6912582
2026-04-17,15:00,2026-04-17 15:00,24349.6,24356.8,24320.1,24350.15,13763313
2026-04-17,15:05,2026-04-17 15:05,24349.35,24358.25,24343.95,24352.25,12535743
2026-04-17,15:10,2026-04-17 15:10,24350.9,24356.25,24349.3,24354.55,11397534
2026-04-17,15:15,2026-04-17 15:15,24353.65,24363.6,24348.1,24361.75,14304268
2026-04-17,15:20,2026-04-17 15:20,24360.8,24368.85,24356.0,24367.2,14045822
2026-04-17,15:25,2026-04-17 15:25,24367.8,24371.9,24358.6,24366.9,14266298
2026-04-20,09:15,2026-04-20 09:15,24391.5,24420.2,24241.25,24339.55,22974469
2026-04-20,09:20,2026-04-20 09:20,24340.25,24396.85,24340.25,24395.85,12584614
2026-04-20,09:25,2026-04-20 09:25,24393.0,24417.35,24378.8,24383.0,11173353
2026-04-20,09:30,2026-04-20 09:30,24383.15,24389.75,24339.05,24357.9,10464324
2026-04-20,09:35,2026-04-20 09:35,24360.25,24371.75,24334.7,24343.3,8957716
2026-04-20,09:40,2026-04-20 09:40,24342.85,24352.7,24295.6,24302.75,8101747
2026-04-20,09:45,2026-04-20 09:45,24301.85,24305.9,24281.2,24296.55,6645527
2026-04-20,09:50,2026-04-20 09:50,24297.1,24338.7,24285.5,24338.15,5772059
2026-04-20,09:55,2026-04-20 09:55,24337.4,24344.1,24320.35,24331.75,4992464
2026-04-20,10:00,2026-04-20 10:00,24331.05,24365.55,24326.35,24355.95,5701544
2026-04-20,10:05,2026-04-20 10:05,24356.5,24388.3,24355.2,24386.85,4818254
2026-04-20,10:10,2026-04-20 10:10,24388.05,24388.05,24365.6,24379.6,4896557
2026-04-20,10:15,2026-04-20 10:15,24379.95,24398.85,24370.5,24389.85,4670950
2026-04-20,10:20,2026-04-20 10:20,24389.45,24404.6,24374.7,24403.0,4590152
2026-04-20,10:25,2026-04-20 10:25,24400.6,24413.5,24388.95,24409.65,4666427
2026-04-20,10:30,2026-04-20 10:30,24409.5,24440.35,24409.5,24427.15,5623044
2026-04-20,10:35,2026-04-20 10:35,24427.85,24441.15,24420.95,24433.2,6408477
2026-04-20,10:40,2026-04-20 10:40,24433.6,24448.5,24433.2,24439.05,5317684
2026-04-20,10:45,2026-04-20 10:45,24439.35,24439.7,24417.55,24430.25,4622847
2026-04-20,10:50,2026-04-20 10:50,24431.05,24432.2,24410.9,24425.1,5633447
2026-04-20,10:55,2026-04-20 10:55,24425.5,24432.5,24415.8,24430.1,4677891
2026-04-20,11:00,2026-04-20 11:00,24431.1,24436.15,24415.85,24433.15,5343149
2026-04-20,11:05,2026-04-20 11:05,24433.6,24440.1,24406.45,24407.15,5262570
2026-04-20,11:10,2026-04-20 11:10,24407.15,24422.6,24395.9,24407.65,6315586
2026-04-20,11:15,2026-04-20 11:15,24408.45,24432.9,24407.2,24425.7,4092916
2026-04-20,11:20,2026-04-20 11:20,24426.15,24456.65,24424.75,24455.15,3583211
2026-04-20,11:25,2026-04-20 11:25,24455.45,24467.6,24448.85,24464.75,4094685
2026-04-20,11:30,2026-04-20 11:30,24463.8,24467.85,24448.65,24451.8,4224351
2026-04-20,11:35,2026-04-20 11:35,24451.75,24458.3,24439.9,24457.75,4841573
2026-04-20,11:40,2026-04-20 11:40,24457.5,24471.15,24452.8,24462.75,5496678
2026-04-20,11:45,2026-04-20 11:45,24462.4,24473.25,24461.05,24467.45,5086039
2026-04-20,11:50,2026-04-20 11:50,24466.95,24467.65,24456.4,24465.35,3937974
2026-04-20,11:55,2026-04-20 11:55,24465.35,24468.25,24459.4,24463.35,3908573
2026-04-20,12:00,2026-04-20 12:00,24463.25,24469.6,24458.45,24459.9,3268851
2026-04-20,12:05,2026-04-20 12:05,24459.6,24463.2,24448.75,24448.95,3174227
2026-04-20,12:10,2026-04-20 12:10,24449.6,24450.6,24421.75,24433.2,4767579
2026-04-20,12:15,2026-04-20 12:15,24433.2,24439.1,24426.0,24430.9,2835447
2026-04-20,12:20,2026-04-20 12:20,24430.7,24446.25,24430.3,24445.7,3466433
2026-04-20,12:25,2026-04-20 12:25,24445.5,24463.45,24444.1,24461.4,3385543
2026-04-20,12:30,2026-04-20 12:30,24461.0,24468.7,24455.75,24466.25,2993550
2026-04-20,12:35,2026-04-20 12:35,24465.75,24468.7,24453.15,24467.35,2973605
2026-04-20,12:40,2026-04-20 12:40,24467.5,24470.5,24458.65,24462.35,3588640
2026-04-20,12:45,2026-04-20 12:45,24462.1,24475.25,24461.05,24472.5,3293460
2026-04-20,12:50,2026-04-20 12:50,24472.65,24480.65,24470.35,24473.7,3089191
2026-04-20,12:55,2026-04-20 12:55,24474.5,24478.6,24460.75,24462.05,3582035
2026-04-20,13:00,2026-04-20 13:00,24461.85,24463.15,24411.9,24439.25,5575428
2026-04-20,13:05,2026-04-20 13:05,24439.35,24447.3,24420.65,24423.5,3460899
2026-04-20,13:10,2026-04-20 13:10,24421.9,24423.7,24394.35,24414.3,4614768
2026-04-20,13:15,2026-04-20 13:15,24414.05,24424.6,24397.2,24414.85,3961530
2026-04-20,13:20,2026-04-20 13:20,24413.85,24416.55,24381.75,24390.8,4405026
2026-04-20,13:25,2026-04-20 13:25,24391.2,24392.0,24359.2,24392.0,5626936
2026-04-20,13:30,2026-04-20 13:30,24392.65,24400.15,24377.95,24396.3,3901097
2026-04-20,13:35,2026-04-20 13:35,24395.45,24396.05,24369.2,24375.3,4322600
2026-04-20,13:40,2026-04-20 13:40,24375.05,24404.8,24372.05,24396.35,3663857
2026-04-20,13:45,2026-04-20 13:45,24395.6,24397.8,24380.45,24380.45,3794768
2026-04-20,13:50,2026-04-20 13:50,24380.7,24391.9,24369.9,24390.65,4817353
2026-04-20,13:55,2026-04-20 13:55,24391.3,24396.45,24378.55,24395.35,3794292
2026-04-20,14:00,2026-04-20 14:00,24395.75,24396.05,24373.5,24393.1,3868351
2026-04-20,14:05,2026-04-20 14:05,24392.6,24393.35,24372.25,24380.0,3977573
2026-04-20,14:10,2026-04-20 14:10,24380.05,24395.6,24380.05,24393.75,3180893
2026-04-20,14:15,2026-04-20 14:15,24393.95,24400.9,24388.1,24393.95,3075450
2026-04-20,14:20,2026-04-20 14:20,24394.1,24418.4,24392.7,24415.35,3476685
2026-04-20,14:25,2026-04-20 14:25,24415.65,24438.0,24411.65,24431.25,4988872
2026-04-20,14:30,2026-04-20 14:30,24431.5,24431.6,24401.15,24423.2,5517995
2026-04-20,14:35,2026-04-20 14:35,24423.65,24430.8,24399.75,24403.85,4828666
2026-04-20,14:40,2026-04-20 14:40,24403.75,24405.1,24390.8,24401.25,4798984
2026-04-20,14:45,2026-04-20 14:45,24402.35,24404.4,24371.95,24402.8,5088796
2026-04-20,14:50,2026-04-20 14:50,24402.6,24407.25,24395.95,24407.25,3939665
2026-04-20,14:55,2026-04-20 14:55,24406.75,24410.4,24398.95,24407.9,4255329
2026-04-20,15:00,2026-04-20 15:00,24407.9,24424.6,24406.3,24408.55,7298975
2026-04-20,15:05,2026-04-20 15:05,24408.5,24408.95,24385.6,24388.25,7777538
2026-04-20,15:10,2026-04-20 15:10,24387.45,24397.05,24381.0,24381.8,8443728
2026-04-20,15:15,2026-04-20 15:15,24382.25,24383.2,24323.85,24325.15,12155847
2026-04-20,15:20,2026-04-20 15:20,24325.45,24338.65,24318.0,24320.6,11761473
2026-04-20,15:25,2026-04-20 15:25,24320.05,24339.95,24320.05,24330.9,10815731
2026-04-21,09:15,2026-04-21 09:15,24374.55,24470.35,24354.9,24468.9,18306339
2026-04-21,09:20,2026-04-21 09:20,24468.15,24486.0,24456.1,24465.05,8544215
2026-04-21,09:25,2026-04-21 09:25,24464.75,24475.25,24450.5,24450.5,7172230
2026-04-21,09:30,2026-04-21 09:30,24449.15,24464.15,24442.45,24461.5,6088422
2026-04-21,09:35,2026-04-21 09:35,24460.75,24477.65,24460.75,24469.7,6199721
2026-04-21,09:40,2026-04-21 09:40,24470.65,24471.3,24450.75,24466.6,5203429
2026-04-21,09:45,2026-04-21 09:45,24466.6,24510.6,24465.95,24502.2,8634010
2026-04-21,09:50,2026-04-21 09:50,24501.4,24512.35,24485.0,24499.05,5126161
2026-04-21,09:55,2026-04-21 09:55,24498.3,24501.95,24491.4,24499.25,3959908
2026-04-21,10:00,2026-04-21 10:00,24499.95,24516.95,24498.3,24516.1,3856202
2026-04-21,10:05,2026-04-21 10:05,24516.15,24524.85,24507.1,24523.2,4041986
2026-04-21,10:10,2026-04-21 10:10,24522.9,24524.0,24510.75,24513.45,3861701
2026-04-21,10:15,2026-04-21 10:15,24513.4,24524.65,24505.6,24506.2,3720269
2026-04-21,10:20,2026-04-21 10:20,24506.8,24507.45,24495.05,24499.6,4166477
2026-04-21,10:25,2026-04-21 10:25,24499.15,24500.5,24487.5,24495.4,3654888
2026-04-21,10:30,2026-04-21 10:30,24493.6,24528.25,24491.2,24527.8,4702337
2026-04-21,10:35,2026-04-21 10:35,24527.4,24535.15,24524.2,24531.75,4172821
2026-04-21,10:40,2026-04-21 10:40,24531.75,24534.65,24515.85,24528.05,5292000
2026-04-21,10:45,2026-04-21 10:45,24527.85,24533.55,24517.65,24525.5,3536535
2026-04-21,10:50,2026-04-21 10:50,24525.8,24544.3,24522.3,24542.35,3644728
2026-04-21,10:55,2026-04-21 10:55,24541.9,24561.5,24541.9,24549.1,3711771
2026-04-21,11:00,2026-04-21 11:00,24549.25,24557.9,24540.0,24553.15,3727737
2026-04-21,11:05,2026-04-21 11:05,24552.5,24565.1,24548.35,24554.05,4279002
2026-04-21,11:10,2026-04-21 11:10,24551.3,24557.55,24543.8,24556.45,2748113
2026-04-21,11:15,2026-04-21 11:15,24555.1,24557.1,24546.25,24550.8,2965744
2026-04-21,11:20,2026-04-21 11:20,24551.05,24552.1,24535.2,24541.6,3104411
2026-04-21,11:25,2026-04-21 11:25,24541.75,24544.1,24529.95,24539.15,3578192
2026-04-21,11:30,2026-04-21 11:30,24539.2,24539.2,24516.4,24517.7,6101753
2026-04-21,11:35,2026-04-21 11:35,24517.6,24533.05,24513.65,24524.8,6340521
2026-04-21,11:40,2026-04-21 11:40,24524.3,24529.25,24516.2,24528.25,4437386
2026-04-21,11:45,2026-04-21 11:45,24528.0,24543.95,24527.85,24530.3,4088558
2026-04-21,11:50,2026-04-21 11:50,24530.4,24532.55,24521.8,24527.25,3591115
2026-04-21,11:55,2026-04-21 11:55,24526.8,24538.35,24524.95,24531.65,2998861
2026-04-21,12:00,2026-04-21 12:00,24531.8,24542.55,24527.2,24540.3,3282125
2026-04-21,12:05,2026-04-21 12:05,24540.4,24548.4,24536.45,24543.65,2986313
2026-04-21,12:10,2026-04-21 12:10,24543.25,24569.15,24543.25,24559.05,5274175
2026-04-21,12:15,2026-04-21 12:15,24559.0,24561.9,24547.2,24561.65,4021083
2026-04-21,12:20,2026-04-21 12:20,24560.5,24570.95,24555.8,24558.9,5126914
2026-04-21,12:25,2026-04-21 12:25,24557.65,24564.85,24545.6,24547.2,4275197
2026-04-21,12:30,2026-04-21 12:30,24547.65,24571.25,24547.1,24547.1,5490151
2026-04-21,12:35,2026-04-21 12:35,24547.95,24564.35,24546.65,24555.0,3746407
2026-04-21,12:40,2026-04-21 12:40,24555.4,24557.1,24545.85,24552.55,4141590
2026-04-21,12:45,2026-04-21 12:45,24552.4,24553.9,24531.7,24539.15,4212184
2026-04-21,12:50,2026-04-21 12:50,24539.1,24545.6,24527.7,24540.25,5316045
2026-04-21,12:55,2026-04-21 12:55,24539.9,24549.1,24531.3,24537.9,3920402
2026-04-21,13:00,2026-04-21 13:00,24538.7,24546.1,24528.3,24529.25,3518743
2026-04-21,13:05,2026-04-21 13:05,24528.8,24539.8,24527.4,24531.75,4065724
2026-04-21,13:10,2026-04-21 13:10,24531.9,24543.4,24525.35,24540.7,4012152
2026-04-21,13:15,2026-04-21 13:15,24540.7,24555.8,24539.9,24541.8,4365192
2026-04-21,13:20,2026-04-21 13:20,24541.95,24549.7,24536.25,24540.0,4232304
2026-04-21,13:25,2026-04-21 13:25,24539.7,24553.65,24538.9,24552.35,4572686
2026-04-21,13:30,2026-04-21 13:30,24552.6,24568.7,24551.95,24568.45,5358906
2026-04-21,13:35,2026-04-21 13:35,24566.95,24569.8,24542.35,24553.45,4079297
2026-04-21,13:40,2026-04-21 13:40,24552.75,24554.35,24523.5,24533.5,5678914
2026-04-21,13:45,2026-04-21 13:45,24532.85,24540.8,24526.6,24538.65,4103608
2026-04-21,13:50,2026-04-21 13:50,24538.5,24552.95,24538.25,24549.35,3336687
2026-04-21,13:55,2026-04-21 13:55,24548.5,24563.8,24548.5,24554.6,4345190
2026-04-21,14:00,2026-04-21 14:00,24554.35,24556.75,24534.5,24541.55,7215069
2026-04-21,14:05,2026-04-21 14:05,24541.3,24542.2,24529.8,24531.35,3053912
2026-04-21,14:10,2026-04-21 14:10,24532.25,24540.85,24522.6,24537.4,4342976
2026-04-21,14:15,2026-04-21 14:15,24537.2,24569.3,24535.7,24553.35,7761837
2026-04-21,14:20,2026-04-21 14:20,24553.75,24584.65,24553.75,24576.4,5883525
2026-04-21,14:25,2026-04-21 14:25,24576.45,24578.2,24559.55,24572.6,4900214
2026-04-21,14:30,2026-04-21 14:30,24573.6,24574.45,24560.05,24560.65,4800721
2026-04-21,14:35,2026-04-21 14:35,24560.9,24563.45,24549.8,24550.6,5013344
2026-04-21,14:40,2026-04-21 14:40,24550.6,24555.55,24526.05,24535.45,5376233
2026-04-21,14:45,2026-04-21 14:45,24538.05,24552.4,24534.9,24549.55,6700037
2026-04-21,14:50,2026-04-21 14:50,24550.3,24563.15,24548.65,24560.9,6617650
2026-04-21,14:55,2026-04-21 14:55,24560.9,24572.85,24559.35,24568.35,5294920
2026-04-21,15:00,2026-04-21 15:00,24568.2,24600.45,24548.9,24559.45,20517043
2026-04-21,15:05,2026-04-21 15:05,24558.55,24591.6,24556.55,24573.4,16024584
2026-04-21,15:10,2026-04-21 15:10,24572.3,24583.0,24565.1,24573.0,11623810
2026-04-21,15:15,2026-04-21 15:15,24573.9,24601.7,24567.4,24580.25,13849566
2026-04-21,15:20,2026-04-21 15:20,24580.05,24589.85,24571.6,24576.2,14142560
2026-04-21,15:25,2026-04-21 15:25,24578.2,24587.75,24567.85,24580.6,10033236
2026-04-21,15:30,2026-04-21 15:30,24580.6,24580.6,24580.6,24580.6,1767051
2026-04-22,09:15,2026-04-22 09:15,24470.85,24515.95,24434.4,24479.3,25046142
2026-04-22,09:20,2026-04-22 09:20,24477.45,24496.1,24459.15,24463.4,12168017
2026-04-22,09:25,2026-04-22 09:25,24465.35,24465.35,24437.75,24440.4,9260020
2026-04-22,09:30,2026-04-22 09:30,24439.45,24463.8,24427.65,24452.15,7363557
2026-04-22,09:35,2026-04-22 09:35,24451.95,24466.45,24438.7,24438.7,7704680
2026-04-22,09:40,2026-04-22 09:40,24437.95,24440.85,24420.5,24424.4,6204998
2026-04-22,09:45,2026-04-22 09:45,24424.8,24433.55,24406.35,24416.95,5975798
2026-04-22,09:50,2026-04-22 09:50,24418.25,24432.7,24405.85,24409.45,6863392
2026-04-22,09:55,2026-04-22 09:55,24410.15,24410.15,24381.35,24382.25,6310454
2026-04-22,10:00,2026-04-22 10:00,24382.9,24388.1,24352.9,24383.25,6652115
2026-04-22,10:05,2026-04-22 10:05,24381.9,24384.25,24369.95,24381.7,5322272
2026-04-22,10:10,2026-04-22 10:10,24381.65,24390.5,24371.15,24373.15,4575895
2026-04-22,10:15,2026-04-22 10:15,24372.9,24385.55,24371.95,24375.4,4930340
2026-04-22,10:20,2026-04-22 10:20,24375.8,24376.8,24353.7,24366.45,5044187
2026-04-22,10:25,2026-04-22 10:25,24364.35,24377.35,24364.05,24373.05,5217419
2026-04-22,10:30,2026-04-22 10:30,24372.3,24383.3,24367.2,24380.6,4779035
2026-04-22,10:35,2026-04-22 10:35,24380.5,24402.1,24374.95,24401.25,5257986
2026-04-22,10:40,2026-04-22 10:40,24401.5,24418.2,24398.95,24416.35,4902291
2026-04-22,10:45,2026-04-22 10:45,24416.25,24436.1,24409.05,24424.15,5514039
2026-04-22,10:50,2026-04-22 10:50,24423.65,24447.8,24423.65,24443.65,5102387
2026-04-22,10:55,2026-04-22 10:55,24443.2,24447.6,24436.9,24439.9,4093785
2026-04-22,11:00,2026-04-22 11:00,24440.2,24441.2,24426.4,24439.35,3072409
2026-04-22,11:05,2026-04-22 11:05,24439.05,24441.0,24423.9,24424.75,3452222
2026-04-22,11:10,2026-04-22 11:10,24424.35,24432.2,24412.3,24428.15,3451465
2026-04-22,11:15,2026-04-22 11:15,24427.95,24439.4,24424.25,24438.15,3529684
2026-04-22,11:20,2026-04-22 11:20,24438.2,24446.8,24430.8,24446.35,5659946
2026-04-22,11:25,2026-04-22 11:25,24445.9,24449.7,24434.4,24435.45,4600319
2026-04-22,11:30,2026-04-22 11:30,24435.95,24448.7,24433.95,24441.8,6274154
2026-04-22,11:35,2026-04-22 11:35,24441.7,24443.45,24429.9,24430.65,4869473
2026-04-22,11:40,2026-04-22 11:40,24430.75,24437.35,24417.05,24417.2,5731749
2026-04-22,11:45,2026-04-22 11:45,24416.8,24416.8,24390.55,24405.75,5465273
2026-04-22,11:50,2026-04-22 11:50,24405.65,24416.05,24404.0,24414.65,4406799
2026-04-22,11:55,2026-04-22 11:55,24414.75,24428.25,24413.2,24426.9,5032035
2026-04-22,12:00,2026-04-22 12:00,24426.85,24436.35,24426.35,24434.0,6953563
2026-04-22,12:05,2026-04-22 12:05,24434.15,24435.6,24422.8,24422.8,8121561
2026-04-22,12:10,2026-04-22 12:10,24424.1,24427.45,24409.75,24419.15,4792107
2026-04-22,12:15,2026-04-22 12:15,24418.65,24422.75,24408.75,24409.65,4756011
2026-04-22,12:20,2026-04-22 12:20,24410.3,24415.75,24403.0,24405.85,4173573
2026-04-22,12:25,2026-04-22 12:25,24405.55,24419.35,24400.15,24409.9,4043470
2026-04-22,12:30,2026-04-22 12:30,24410.2,24422.15,24409.8,24418.8,3956143
2026-04-22,12:35,2026-04-22 12:35,24418.7,24420.15,24395.5,24411.1,3675019
2026-04-22,12:40,2026-04-22 12:40,24411.6,24419.75,24407.65,24418.45,3559258
2026-04-22,12:45,2026-04-22 12:45,24419.2,24423.15,24403.55,24407.4,6100658
2026-04-22,12:50,2026-04-22 12:50,24406.95,24424.3,24405.05,24419.7,4409402
2026-04-22,12:55,2026-04-22 12:55,24418.2,24433.4,24418.2,24429.75,3868319
2026-04-22,13:00,2026-04-22 13:00,24431.8,24434.6,24419.8,24430.0,4845550
2026-04-22,13:05,2026-04-22 13:05,24430.1,24437.7,24429.7,24431.45,5068964
2026-04-22,13:10,2026-04-22 13:10,24432.3,24433.45,24417.8,24431.25,4558963
2026-04-22,13:15,2026-04-22 13:15,24429.75,24433.15,24412.4,24412.65,4314380
2026-04-22,13:20,2026-04-22 13:20,24412.8,24416.05,24385.45,24392.6,4613960
2026-04-22,13:25,2026-04-22 13:25,24393.9,24415.6,24390.75,24415.6,4061102
2026-04-22,13:30,2026-04-22 13:30,24415.9,24427.85,24409.0,24422.95,4090835
2026-04-22,13:35,2026-04-22 13:35,24422.35,24430.25,24415.4,24420.75,3745778
2026-04-22,13:40,2026-04-22 13:40,24419.9,24433.55,24419.9,24431.9,3697616
2026-04-22,13:45,2026-04-22 13:45,24431.5,24434.55,24427.9,24432.35,3609908
2026-04-22,13:50,2026-04-22 13:50,24431.75,24434.8,24415.1,24423.15,5467152
2026-04-22,13:55,2026-04-22 13:55,24424.75,24453.05,24421.65,24449.55,6258797
2026-04-22,14:00,2026-04-22 14:00,24449.85,24458.25,24419.5,24420.4,5457731
2026-04-22,14:05,2026-04-22 14:05,24421.15,24433.75,24421.15,24422.6,4974349
2026-04-22,14:10,2026-04-22 14:10,24423.05,24423.6,24405.9,24415.0,5205821
2026-04-22,14:15,2026-04-22 14:15,24416.45,24418.1,24390.7,24403.35,5641647
2026-04-22,14:20,2026-04-22 14:20,24403.3,24415.55,24396.2,24410.1,3770629
2026-04-22,14:25,2026-04-22 14:25,24409.55,24416.95,24402.8,24405.6,3809996
2026-04-22,14:30,2026-04-22 14:30,24405.65,24415.35,24402.8,24412.1,7299692
2026-04-22,14:35,2026-04-22 14:35,24411.8,24430.0,24410.0,24416.1,5017861
2026-04-22,14:40,2026-04-22 14:40,24417.8,24419.8,24411.7,24413.15,3822218
2026-04-22,14:45,2026-04-22 14:45,24412.75,24420.45,24409.45,24414.45,4812165
2026-04-22,14:50,2026-04-22 14:50,24414.1,24422.35,24408.5,24421.3,5301220
2026-04-22,14:55,2026-04-22 14:55,24421.15,24430.25,24420.35,24425.75,5229924
2026-04-22,15:00,2026-04-22 15:00,24423.15,24423.15,24381.3,24385.1,8789898
2026-04-22,15:05,2026-04-22 15:05,24385.4,24385.75,24374.15,24378.9,7569051
2026-04-22,15:10,2026-04-22 15:10,24378.6,24385.05,24374.85,24382.4,8577173
2026-04-22,15:15,2026-04-22 15:15,24382.05,24392.65,24377.0,24378.45,10875423
2026-04-22,15:20,2026-04-22 15:20,24379.1,24381.4,24367.55,24369.5,11512106
2026-04-22,15:25,2026-04-22 15:25,24368.7,24371.9,24356.7,24367.65,11229821
2026-04-23,09:15,2026-04-23 09:15,24202.35,24242.5,24134.8,24201.35,23020385
2026-04-23,09:20,2026-04-23 09:20,24202.45,24228.05,24191.2,24210.65,10950937
2026-04-23,09:25,2026-04-23 09:25,24210.65,24232.25,24193.45,24230.5,8601570
2026-04-23,09:30,2026-04-23 09:30,24230.5,24256.9,24200.4,24213.15,8148863
2026-04-23,09:35,2026-04-23 09:35,24214.8,24222.3,24193.5,24213.45,6519295
2026-04-23,09:40,2026-04-23 09:40,24214.45,24247.05,24203.6,24242.65,8517558
2026-04-23,09:45,2026-04-23 09:45,24244.7,24276.15,24233.6,24271.65,8134485
2026-04-23,09:50,2026-04-23 09:50,24271.2,24298.95,24270.6,24282.95,13300930
2026-04-23,09:55,2026-04-23 09:55,24283.75,24295.35,24282.95,24287.5,7918694
2026-04-23,10:00,2026-04-23 10:00,24288.0,24307.5,24266.05,24306.3,8405918
2026-04-23,10:05,2026-04-23 10:05,24306.55,24310.2,24281.8,24285.9,7188408
2026-04-23,10:10,2026-04-23 10:10,24286.65,24287.6,24266.95,24275.35,5181256
2026-04-23,10:15,2026-04-23 10:15,24276.8,24287.65,24260.6,24287.0,5320954
2026-04-23,10:20,2026-04-23 10:20,24287.9,24291.65,24265.7,24269.75,5563913
2026-04-23,10:25,2026-04-23 10:25,24270.3,24278.3,24260.8,24261.3,3727262
2026-04-23,10:30,2026-04-23 10:30,24263.5,24265.4,24239.55,24244.35,3954494
2026-04-23,10:35,2026-04-23 10:35,24245.45,24250.0,24221.65,24226.75,4977855
2026-04-23,10:40,2026-04-23 10:40,24227.8,24229.15,24217.65,24220.0,3840705
2026-04-23,10:45,2026-04-23 10:45,24221.3,24222.7,24185.2,24205.65,5119487
2026-04-23,10:50,2026-04-23 10:50,24207.7,24217.5,24190.6,24210.7,3616213
2026-04-23,10:55,2026-04-23 10:55,24211.85,24222.1,24197.4,24215.35,3503995
2026-04-23,11:00,2026-04-23 11:00,24216.0,24223.2,24211.55,24223.15,5553369
2026-04-23,11:05,2026-04-23 11:05,24223.75,24225.65,24211.7,24212.7,4132830
2026-04-23,11:10,2026-04-23 11:10,24214.55,24218.2,24191.1,24191.85,5103743
2026-04-23,11:15,2026-04-23 11:15,24193.2,24210.35,24188.0,24191.2,4315026
2026-04-23,11:20,2026-04-23 11:20,24191.85,24204.45,24188.9,24189.75,4196414
2026-04-23,11:25,2026-04-23 11:25,24191.95,24199.4,24186.75,24197.75,4379402
2026-04-23,11:30,2026-04-23 11:30,24198.15,24203.95,24191.45,24192.25,3480387
2026-04-23,11:35,2026-04-23 11:35,24193.8,24196.55,24181.85,24194.55,4351299
2026-04-23,11:40,2026-04-23 11:40,24196.0,24197.1,24177.65,24178.15,4632231
2026-04-23,11:45,2026-04-23 11:45,24179.0,24195.55,24172.85,24192.3,4218081
2026-04-23,11:50,2026-04-23 11:50,24193.2,24218.1,24187.9,24213.25,4243193
2026-04-23,11:55,2026-04-23 11:55,24214.45,24215.8,24202.35,24206.1,3949179
2026-04-23,12:00,2026-04-23 12:00,24208.05,24208.05,24197.1,24199.45,3767911
2026-04-23,12:05,2026-04-23 12:05,24200.35,24215.2,24195.95,24209.4,5069762
2026-04-23,12:10,2026-04-23 12:10,24209.7,24225.9,24206.15,24222.5,4287339
2026-04-23,12:15,2026-04-23 12:15,24222.95,24225.5,24215.55,24215.55,3349272
2026-04-23,12:20,2026-04-23 12:20,24217.45,24231.5,24215.1,24223.15,5080231
2026-04-23,12:25,2026-04-23 12:25,24223.95,24223.95,24179.35,24180.1,6235982
2026-04-23,12:30,2026-04-23 12:30,24182.6,24183.75,24167.15,24178.55,5012144
2026-04-23,12:35,2026-04-23 12:35,24179.75,24194.8,24167.1,24192.45,4811493
2026-04-23,12:40,2026-04-23 12:40,24193.6,24203.0,24190.1,24201.65,4986716
2026-04-23,12:45,2026-04-23 12:45,24202.6,24204.05,24187.15,24195.15,4641837
2026-04-23,12:50,2026-04-23 12:50,24196.5,24205.85,24186.5,24203.55,4299211
2026-04-23,12:55,2026-04-23 12:55,24204.7,24217.05,24202.8,24214.7,3799768
2026-04-23,13:00,2026-04-23 13:00,24215.85,24216.1,24205.35,24210.25,4715686
2026-04-23,13:05,2026-04-23 13:05,24211.1,24217.7,24200.75,24215.9,4824939
2026-04-23,13:10,2026-04-23 13:10,24216.3,24218.5,24208.6,24216.2,4738529
2026-04-23,13:15,2026-04-23 13:15,24217.25,24243.5,24208.2,24243.15,5581514
2026-04-23,13:20,2026-04-23 13:20,24244.0,24276.9,24244.0,24273.3,7458902
2026-04-23,13:25,2026-04-23 13:25,24272.7,24281.1,24255.55,24271.45,5379889
2026-04-23,13:30,2026-04-23 13:30,24271.75,24272.45,24248.5,24248.75,3935487
2026-04-23,13:35,2026-04-23 13:35,24249.2,24249.2,24208.1,24215.8,5978196
2026-04-23,13:40,2026-04-23 13:40,24216.75,24219.55,24204.3,24213.7,5416341
2026-04-23,13:45,2026-04-23 13:45,24214.95,24221.9,24207.75,24216.75,5534130
2026-04-23,13:50,2026-04-23 13:50,24217.85,24234.85,24217.85,24234.05,8027303
2026-04-23,13:55,2026-04-23 13:55,24233.8,24252.75,24229.95,24241.5,5389006
2026-04-23,14:00,2026-04-23 14:00,24242.1,24242.75,24224.55,24234.45,5387189
2026-04-23,14:05,2026-04-23 14:05,24235.5,24235.5,24219.55,24219.9,4468692
2026-04-23,14:10,2026-04-23 14:10,24219.85,24219.85,24207.65,24209.2,5173514
2026-04-23,14:15,2026-04-23 14:15,24209.1,24221.4,24203.4,24203.55,5842833
2026-04-23,14:20,2026-04-23 14:20,24204.0,24217.6,24189.4,24202.25,6070582
2026-04-23,14:25,2026-04-23 14:25,24203.35,24203.95,24189.2,24189.45,5476133
2026-04-23,14:30,2026-04-23 14:30,24190.95,24190.95,24174.05,24175.15,4751705
2026-04-23,14:35,2026-04-23 14:35,24176.15,24182.1,24167.35,24175.35,5409825
2026-04-23,14:40,2026-04-23 14:40,24176.4,24182.5,24160.65,24162.6,5160393
2026-04-23,14:45,2026-04-23 14:45,24163.75,24194.05,24157.95,24179.15,6150278
2026-04-23,14:50,2026-04-23 14:50,24178.6,24190.55,24173.35,24178.7,5309888
2026-04-23,14:55,2026-04-23 14:55,24179.65,24184.8,24173.85,24180.85,4480958
2026-04-23,15:00,2026-04-23 15:00,24181.8,24216.7,24181.8,24192.0,13385378
2026-04-23,15:05,2026-04-23 15:05,24191.9,24202.4,24177.55,24186.65,9311560
2026-04-23,15:10,2026-04-23 15:10,24186.4,24189.05,24159.0,24160.0,10305211
2026-04-23,15:15,2026-04-23 15:15,24160.75,24171.3,24152.2,24159.7,11051358
2026-04-23,15:20,2026-04-23 15:20,24159.5,24175.1,24156.4,24161.9,12942292
2026-04-23,15:25,2026-04-23 15:25,24162.15,24169.2,24149.8,24156.05,11519658
2026-04-23,15:30,2026-04-23 15:30,24156.05,24156.05,24156.05,24156.05,1638643
2026-04-24,09:15,2026-04-24 09:15,24100.55,24206.0,24100.25,24124.2,23742998
2026-04-24,09:20,2026-04-24 09:20,24121.15,24121.75,24079.75,24091.1,11143196
2026-04-24,09:25,2026-04-24 09:25,24091.3,24091.3,24056.6,24058.1,8627559
2026-04-24,09:30,2026-04-24 09:30,24058.05,24061.6,24011.9,24017.65,8917935
2026-04-24,09:35,2026-04-24 09:35,24017.3,24027.15,24001.1,24002.45,7683929
2026-04-24,09:40,2026-04-24 09:40,24002.0,24006.4,23983.75,23984.25,7076290
2026-04-24,09:45,2026-04-24 09:45,23985.4,23985.4,23957.0,23984.1,8294023
2026-04-24,09:50,2026-04-24 09:50,23984.15,23987.15,23955.1,23959.1,5816096
2026-04-24,09:55,2026-04-24 09:55,23957.4,23964.05,23944.1,23955.0,6082002
2026-04-24,10:00,2026-04-24 10:00,23954.9,23995.4,23954.5,23990.4,6484164
2026-04-24,10:05,2026-04-24 10:05,23990.4,24003.35,23986.35,23986.95,6560759
2026-04-24,10:10,2026-04-24 10:10,23986.65,24000.9,23977.35,23992.85,5200901
2026-04-24,10:15,2026-04-24 10:15,23992.25,23992.25,23969.1,23971.3,5340215
2026-04-24,10:20,2026-04-24 10:20,23971.9,23974.7,23942.55,23943.9,4709687
2026-04-24,10:25,2026-04-24 10:25,23943.95,23962.15,23937.25,23957.7,5102529
2026-04-24,10:30,2026-04-24 10:30,23956.2,23971.2,23951.9,23965.4,4186274
2026-04-24,10:35,2026-04-24 10:35,23965.25,23967.75,23945.75,23956.6,3398617
2026-04-24,10:40,2026-04-24 10:40,23955.8,23959.7,23932.25,23933.65,4222766
2026-04-24,10:45,2026-04-24 10:45,23933.4,23939.75,23914.9,23920.2,5095595
2026-04-24,10:50,2026-04-24 10:50,23920.85,23944.0,23918.05,23942.05,5900622
2026-04-24,10:55,2026-04-24 10:55,23943.35,23944.85,23923.95,23925.4,3542520
2026-04-24,11:00,2026-04-24 11:00,23925.55,23928.2,23914.3,23924.4,3985980
2026-04-24,11:05,2026-04-24 11:05,23925.1,23943.8,23920.9,23921.65,6040096
2026-04-24,11:10,2026-04-24 11:10,23921.25,23926.15,23909.55,23916.2,3925825
2026-04-24,11:15,2026-04-24 11:15,23915.1,23924.8,23903.25,23920.25,5227651
2026-04-24,11:20,2026-04-24 11:20,23919.0,23938.5,23918.5,23928.65,4259147
2026-04-24,11:25,2026-04-24 11:25,23928.6,23942.75,23926.4,23931.3,3427316
2026-04-24,11:30,2026-04-24 11:30,23930.4,23949.3,23928.9,23939.7,3691957
2026-04-24,11:35,2026-04-24 11:35,23938.8,23942.65,23925.35,23936.0,3291079
2026-04-24,11:40,2026-04-24 11:40,23935.4,23937.6,23922.65,23927.05,4209096
2026-04-24,11:45,2026-04-24 11:45,23926.3,23926.65,23905.7,23906.9,4166567
2026-04-24,11:50,2026-04-24 11:50,23906.6,23907.6,23894.55,23899.2,4592144
2026-04-24,11:55,2026-04-24 11:55,23899.05,23906.1,23893.4,23898.25,5400681
2026-04-24,12:00,2026-04-24 12:00,23897.75,23908.0,23894.15,23906.75,3536364
2026-04-24,12:05,2026-04-24 12:05,23905.9,23920.6,23903.65,23918.25,4097571
2026-04-24,12:10,2026-04-24 12:10,23917.75,23933.05,23915.5,23930.65,5488930
2026-04-24,12:15,2026-04-24 12:15,23930.8,23936.5,23922.8,23931.05,5801185
2026-04-24,12:20,2026-04-24 12:20,23930.5,23932.8,23897.6,23897.6,4096968
2026-04-24,12:25,2026-04-24 12:25,23897.7,23898.85,23878.8,23881.8,3419946
2026-04-24,12:30,2026-04-24 12:30,23881.85,23906.9,23880.3,23906.4,3756869
2026-04-24,12:35,2026-04-24 12:35,23905.85,23910.7,23888.7,23901.85,4366263
2026-04-24,12:40,2026-04-24 12:40,23901.5,23906.35,23880.95,23882.1,3177743
2026-04-24,12:45,2026-04-24 12:45,23881.1,23903.05,23881.1,23897.3,3820150
2026-04-24,12:50,2026-04-24 12:50,23897.0,23910.65,23896.0,23905.6,4551461
2026-04-24,12:55,2026-04-24 12:55,23905.3,23919.05,23900.7,23904.35,4346722
2026-04-24,13:00,2026-04-24 13:00,23904.3,23905.5,23876.75,23876.85,3885342
2026-04-24,13:05,2026-04-24 13:05,23876.25,23885.45,23873.45,23874.8,4465555
2026-04-24,13:10,2026-04-24 13:10,23873.6,23875.5,23851.15,23865.5,4872651
2026-04-24,13:15,2026-04-24 13:15,23865.6,23870.25,23855.9,23869.35,3785491
2026-04-24,13:20,2026-04-24 13:20,23871.2,23877.6,23864.4,23868.25,4244878
2026-04-24,13:25,2026-04-24 13:25,23868.25,23880.05,23865.75,23878.3,3277705
2026-04-24,13:30,2026-04-24 13:30,23878.4,23878.55,23852.05,23855.55,4244724
2026-04-24,13:35,2026-04-24 13:35,23854.65,23868.1,23835.85,23841.3,4209515
2026-04-24,13:40,2026-04-24 13:40,23840.6,23845.8,23826.2,23830.4,4377364
2026-04-24,13:45,2026-04-24 13:45,23829.6,23855.9,23829.6,23848.7,4355088
2026-04-24,13:50,2026-04-24 13:50,23847.85,23858.55,23845.25,23854.55,3505467
2026-04-24,13:55,2026-04-24 13:55,23854.0,23855.45,23838.3,23846.3,4289057
2026-04-24,14:00,2026-04-24 14:00,23847.6,23849.95,23835.9,23838.75,4101869
2026-04-24,14:05,2026-04-24 14:05,23840.25,23845.55,23813.65,23839.1,5944683
2026-04-24,14:10,2026-04-24 14:10,23839.8,23847.6,23837.7,23841.65,4581189
2026-04-24,14:15,2026-04-24 14:15,23841.45,23864.15,23840.15,23861.5,4617462
2026-04-24,14:20,2026-04-24 14:20,23860.65,23878.6,23858.0,23863.05,4761281
2026-04-24,14:25,2026-04-24 14:25,23863.15,23890.35,23858.75,23888.55,4539984
2026-04-24,14:30,2026-04-24 14:30,23887.75,23915.25,23885.95,23906.85,6047388
2026-04-24,14:35,2026-04-24 14:35,23907.3,23925.45,23907.3,23915.6,6785877
2026-04-24,14:40,2026-04-24 14:40,23916.8,23926.9,23908.45,23926.0,5474830
2026-04-24,14:45,2026-04-24 14:45,23925.45,23930.5,23915.05,23920.9,5727094
2026-04-24,14:50,2026-04-24 14:50,23920.6,23930.15,23905.05,23916.0,6525816
2026-04-24,14:55,2026-04-24 14:55,23916.3,23924.95,23911.1,23920.9,5537407
2026-04-24,15:00,2026-04-24 15:00,23920.65,23920.65,23870.45,23871.2,10360025
2026-04-24,15:05,2026-04-24 15:05,23871.35,23896.85,23863.3,23893.5,10162897
2026-04-24,15:10,2026-04-24 15:10,23893.2,23896.65,23882.4,23895.45,11219896
2026-04-24,15:15,2026-04-24 15:15,23895.25,23924.2,23894.5,23916.65,12607259
2026-04-24,15:20,2026-04-24 15:20,23915.15,23917.05,23899.35,23910.9,13301140
2026-04-24,15:25,2026-04-24 15:25,23910.2,23914.3,23900.7,23903.95,11017162
2026-04-27,09:15,2026-04-27 09:15,23945.45,24049.55,23936.2,24020.35,21603510
2026-04-27,09:20,2026-04-27 09:20,24020.4,24067.5,24020.4,24046.6,10628972
2026-04-27,09:25,2026-04-27 09:25,24044.45,24062.8,24025.3,24042.0,10344379
2026-04-27,09:30,2026-04-27 09:30,24045.05,24057.7,24003.6,24008.85,8820417
2026-04-27,09:35,2026-04-27 09:35,24008.9,24033.25,23998.3,24007.2,7136003
2026-04-27,09:40,2026-04-27 09:40,24006.85,24045.4,24006.85,24045.4,7804997
2026-04-27,09:45,2026-04-27 09:45,24043.9,24085.15,24043.45,24082.15,8179402
2026-04-27,09:50,2026-04-27 09:50,24082.25,24101.55,24075.45,24099.8,7285361
2026-04-27,09:55,2026-04-27 09:55,24099.15,24107.6,24092.35,24099.05,6459477
2026-04-27,10:00,2026-04-27 10:00,24098.75,24102.65,24079.6,24080.2,5698196
2026-04-27,10:05,2026-04-27 10:05,24079.1,24091.15,24068.9,24081.1,5018533
2026-04-27,10:10,2026-04-27 10:10,24080.95,24090.0,24061.7,24063.3,4536040
2026-04-27,10:15,2026-04-27 10:15,24063.9,24103.15,24063.9,24097.45,5049758
2026-04-27,10:20,2026-04-27 10:20,24097.45,24098.0,24063.75,24066.3,4702093
2026-04-27,10:25,2026-04-27 10:25,24067.3,24071.35,24045.4,24058.3,5328055
2026-04-27,10:30,2026-04-27 10:30,24058.1,24061.2,24013.0,24023.2,4586784
2026-04-27,10:35,2026-04-27 10:35,24022.5,24032.6,24014.4,24017.25,4422082
2026-04-27,10:40,2026-04-27 10:40,24016.25,24049.7,24014.05,24043.45,4555806
2026-04-27,10:45,2026-04-27 10:45,24041.6,24068.35,24025.75,24067.6,3732364
2026-04-27,10:50,2026-04-27 10:50,24067.7,24088.95,24066.0,24080.1,3795463
2026-04-27,10:55,2026-04-27 10:55,24079.85,24082.45,24071.35,24072.2,3687335
2026-04-27,11:00,2026-04-27 11:00,24071.95,24076.6,24054.75,24063.6,4462919
2026-04-27,11:05,2026-04-27 11:05,24062.85,24066.9,24026.85,24030.55,4565942
2026-04-27,11:10,2026-04-27 11:10,24030.25,24059.3,24029.65,24056.9,4477681
2026-04-27,11:15,2026-04-27 11:15,24055.45,24077.5,24053.3,24071.6,3541551
2026-04-27,11:20,2026-04-27 11:20,24071.15,24073.05,24056.3,24058.0,4681093
2026-04-27,11:25,2026-04-27 11:25,24057.4,24057.6,24029.7,24030.95,5385298
2026-04-27,11:30,2026-04-27 11:30,24031.65,24039.85,24005.85,24014.15,4914638
2026-04-27,11:35,2026-04-27 11:35,24012.9,24012.9,23974.4,23990.35,6212534
2026-04-27,11:40,2026-04-27 11:40,23990.0,24002.1,23987.15,23998.65,6036440
2026-04-27,11:45,2026-04-27 11:45,23998.45,24024.3,23984.3,24022.25,4173986
2026-04-27,11:50,2026-04-27 11:50,24023.45,24023.45,24002.55,24019.2,3982400
2026-04-27,11:55,2026-04-27 11:55,24019.3,24039.9,24018.35,24037.2,4569445
2026-04-27,12:00,2026-04-27 12:00,24036.2,24038.3,24022.8,24030.25,3442588
2026-04-27,12:05,2026-04-27 12:05,24028.6,24045.15,24027.0,24033.3,4091946
2026-04-27,12:10,2026-04-27 12:10,24034.55,24044.85,24032.55,24040.5,4105393
2026-04-27,12:15,2026-04-27 12:15,24039.85,24048.1,24035.7,24044.75,3841784
2026-04-27,12:20,2026-04-27 12:20,24044.25,24046.25,24031.2,24043.75,3718356
2026-04-27,12:25,2026-04-27 12:25,24043.6,24066.1,24042.45,24059.0,5158754
2026-04-27,12:30,2026-04-27 12:30,24057.75,24077.95,24056.95,24076.05,3842740
2026-04-27,12:35,2026-04-27 12:35,24075.15,24092.85,24074.7,24078.65,4248096
2026-04-27,12:40,2026-04-27 12:40,24077.9,24082.5,24071.1,24075.7,3668333
2026-04-27,12:45,2026-04-27 12:45,24074.75,24078.65,24069.7,24072.7,3342265
2026-04-27,12:50,2026-04-27 12:50,24072.75,24084.0,24065.45,24074.3,4419731
2026-04-27,12:55,2026-04-27 12:55,24073.25,24077.7,24067.2,24071.5,4162492
2026-04-27,13:00,2026-04-27 13:00,24071.7,24088.4,24071.7,24082.3,3768135
2026-04-27,13:05,2026-04-27 13:05,24082.5,24091.95,24069.4,24090.95,3486416
2026-04-27,13:10,2026-04-27 13:10,24090.0,24100.0,24079.9,24099.75,4514259
2026-04-27,13:15,2026-04-27 13:15,24100.2,24116.6,24099.2,24104.65,3846494
2026-04-27,13:20,2026-04-27 13:20,24102.0,24112.4,24093.3,24109.95,4071128
2026-04-27,13:25,2026-04-27 13:25,24109.4,24120.55,24106.55,24107.5,4796337
2026-04-27,13:30,2026-04-27 13:30,24107.8,24110.95,24099.4,24109.0,4510327
2026-04-27,13:35,2026-04-27 13:35,24108.9,24118.25,24107.05,24112.1,3709492
2026-04-27,13:40,2026-04-27 13:40,24111.55,24127.2,24110.9,24116.25,4325600
2026-04-27,13:45,2026-04-27 13:45,24114.75,24129.55,24108.4,24109.7,4402051
2026-04-27,13:50,2026-04-27 13:50,24109.35,24117.1,24102.45,24116.3,4274527
2026-04-27,13:55,2026-04-27 13:55,24115.2,24119.55,24106.2,24114.25,4100024
2026-04-27,14:00,2026-04-27 14:00,24113.35,24120.3,24106.4,24114.3,3429457
2026-04-27,14:05,2026-04-27 14:05,24113.1,24119.8,24105.65,24109.8,2969841
2026-04-27,14:10,2026-04-27 14:10,24109.85,24124.55,24109.1,24122.2,4229629
2026-04-27,14:15,2026-04-27 14:15,24122.1,24124.0,24110.55,24119.65,3986292
2026-04-27,14:20,2026-04-27 14:20,24118.7,24119.85,24108.15,24110.0,3723620
2026-04-27,14:25,2026-04-27 14:25,24109.65,24112.8,24102.2,24111.2,3773791
2026-04-27,14:30,2026-04-27 14:30,24110.45,24110.45,24080.45,24083.5,5371540
2026-04-27,14:35,2026-04-27 14:35,24083.0,24107.45,24078.9,24096.65,6302312
2026-04-27,14:40,2026-04-27 14:40,24097.15,24112.5,24091.75,24110.65,7864196
2026-04-27,14:45,2026-04-27 14:45,24110.05,24111.5,24097.8,24107.75,7883582
2026-04-27,14:50,2026-04-27 14:50,24105.6,24126.15,24103.3,24126.15,6641257
2026-04-27,14:55,2026-04-27 14:55,24125.6,24130.7,24113.8,24121.95,6824869
2026-04-27,15:00,2026-04-27 15:00,24118.2,24119.45,24093.35,24099.55,10072849
2026-04-27,15:05,2026-04-27 15:05,24098.95,24100.25,24089.8,24093.7,9272390
2026-04-27,15:10,2026-04-27 15:10,24093.05,24102.7,24088.95,24094.3,9800640
2026-04-27,15:15,2026-04-27 15:15,24095.15,24096.5,24077.85,24079.8,12257464
2026-04-27,15:20,2026-04-27 15:20,24081.5,24099.55,24079.65,24090.3,12788457
2026-04-27,15:25,2026-04-27 15:25,24090.2,24112.75,24082.25,24110.2,10554801
2026-04-28,09:15,2026-04-28 09:15,24049.9,24096.95,23999.25,24093.85,22058523
2026-04-28,09:20,2026-04-28 09:20,24094.75,24109.95,24074.25,24086.7,13343534
2026-04-28,09:25,2026-04-28 09:25,24086.8,24133.65,24086.8,24115.35,10288702
2026-04-28,09:30,2026-04-28 09:30,24116.2,24120.05,24100.2,24105.95,8560160
2026-04-28,09:35,2026-04-28 09:35,24107.0,24112.8,24090.4,24101.9,8541040
2026-04-28,09:40,2026-04-28 09:40,24103.2,24133.75,24101.55,24128.3,9601420
2026-04-28,09:45,2026-04-28 09:45,24130.8,24149.85,24120.55,24120.8,9184294
2026-04-28,09:50,2026-04-28 09:50,24121.7,24128.5,24112.95,24123.35,8134115
2026-04-28,09:55,2026-04-28 09:55,24124.7,24156.6,24124.4,24155.3,5930892
2026-04-28,10:00,2026-04-28 10:00,24154.35,24168.55,24153.75,24155.2,9007809
2026-04-28,10:05,2026-04-28 10:05,24155.5,24166.35,24145.4,24160.55,7138728
2026-04-28,10:10,2026-04-28 10:10,24161.15,24162.2,24145.05,24148.3,8161079
2026-04-28,10:15,2026-04-28 10:15,24148.4,24162.1,24144.5,24157.4,7921715
2026-04-28,10:20,2026-04-28 10:20,24158.5,24175.05,24154.8,24170.6,4659230
2026-04-28,10:25,2026-04-28 10:25,24170.8,24181.8,24164.45,24166.8,6047933
2026-04-28,10:30,2026-04-28 10:30,24168.2,24171.95,24150.3,24152.0,4393624
2026-04-28,10:35,2026-04-28 10:35,24152.8,24153.35,24134.0,24139.8,4926146
2026-04-28,10:40,2026-04-28 10:40,24139.95,24140.4,24124.25,24134.85,5927647
2026-04-28,10:45,2026-04-28 10:45,24135.6,24154.6,24134.35,24150.3,4099300
2026-04-28,10:50,2026-04-28 10:50,24151.9,24165.95,24150.45,24162.2,4371323
2026-04-28,10:55,2026-04-28 10:55,24163.5,24174.65,24162.45,24167.8,4377559
2026-04-28,11:00,2026-04-28 11:00,24169.85,24169.85,24153.25,24161.35,4487637
2026-04-28,11:05,2026-04-28 11:05,24162.15,24163.1,24137.5,24144.95,6287823
2026-04-28,11:10,2026-04-28 11:10,24145.9,24149.1,24132.6,24148.0,4595213
2026-04-28,11:15,2026-04-28 11:15,24148.15,24148.95,24124.35,24127.0,3896663
2026-04-28,11:20,2026-04-28 11:20,24129.0,24137.55,24109.95,24111.65,4272110
2026-04-28,11:25,2026-04-28 11:25,24112.15,24112.25,24057.9,24058.0,6300326
2026-04-28,11:30,2026-04-28 11:30,24057.85,24065.7,24045.35,24059.25,5663014
2026-04-28,11:35,2026-04-28 11:35,24060.6,24083.95,24058.45,24082.0,4641193
2026-04-28,11:40,2026-04-28 11:40,24082.3,24086.75,24073.3,24085.4,5216846
2026-04-28,11:45,2026-04-28 11:45,24086.45,24093.8,24078.05,24085.95,3838381
2026-04-28,11:50,2026-04-28 11:50,24086.55,24088.5,24072.2,24074.6,4058200
2026-04-28,11:55,2026-04-28 11:55,24075.3,24077.35,24055.6,24056.0,4411240
2026-04-28,12:00,2026-04-28 12:00,24058.1,24058.6,24034.3,24039.5,4866105
2026-04-28,12:05,2026-04-28 12:05,24038.95,24041.75,24029.3,24035.35,6121676
2026-04-28,12:10,2026-04-28 12:10,24033.6,24050.9,24033.6,24048.25,4695525
2026-04-28,12:15,2026-04-28 12:15,24046.85,24057.45,24035.0,24036.0,5181029
2026-04-28,12:20,2026-04-28 12:20,24036.0,24040.15,24003.85,24017.45,5824268
2026-04-28,12:25,2026-04-28 12:25,24015.85,24030.05,24008.7,24012.45,3858390
2026-04-28,12:30,2026-04-28 12:30,24011.9,24013.0,23992.3,24004.25,5161927
2026-04-28,12:35,2026-04-28 12:35,24006.1,24020.15,24004.25,24007.85,6215403
2026-04-28,12:40,2026-04-28 12:40,24009.35,24031.0,24007.15,24029.85,4319147
2026-04-28,12:45,2026-04-28 12:45,24030.8,24038.5,24021.4,24031.45,5779262
2026-04-28,12:50,2026-04-28 12:50,24033.1,24040.45,24022.0,24022.55,3827596
2026-04-28,12:55,2026-04-28 12:55,24023.05,24029.55,24006.0,24007.35,3928228
2026-04-28,13:00,2026-04-28 13:00,24007.9,24029.95,23999.7,24018.2,5916185
2026-04-28,13:05,2026-04-28 13:05,24018.45,24033.65,24015.05,24030.55,4520665
2026-04-28,13:10,2026-04-28 13:10,24030.75,24034.0,24017.6,24017.6,3963571
2026-04-28,13:15,2026-04-28 13:15,24018.7,24037.85,24018.05,24033.95,3115893
2026-04-28,13:20,2026-04-28 13:20,24035.35,24043.5,24023.2,24041.5,5061742
2026-04-28,13:25,2026-04-28 13:25,24042.5,24049.0,24019.45,24019.45,6171778
2026-04-28,13:30,2026-04-28 13:30,24021.05,24022.05,23995.7,23998.9,4812635
2026-04-28,13:35,2026-04-28 13:35,23999.65,24001.4,23961.25,23992.55,8074814
2026-04-28,13:40,2026-04-28 13:40,23993.3,24014.9,23990.3,24002.65,4840940
2026-04-28,13:45,2026-04-28 13:45,24003.05,24005.0,23988.8,23988.8,4759695
2026-04-28,13:50,2026-04-28 13:50,23989.55,24016.35,23985.75,24010.45,3732024
2026-04-28,13:55,2026-04-28 13:55,24011.05,24029.85,23995.3,24010.55,4459550
2026-04-28,14:00,2026-04-28 14:00,24011.6,24011.75,23999.75,24004.2,3855859
2026-04-28,14:05,2026-04-28 14:05,24004.7,24008.1,23995.85,24007.3,4921765
2026-04-28,14:10,2026-04-28 14:10,24007.7,24007.7,23981.95,23981.95,5056229
2026-04-28,14:15,2026-04-28 14:15,23983.2,23998.55,23972.95,23993.35,7557901
2026-04-28,14:20,2026-04-28 14:20,23994.15,24013.45,23988.6,24004.75,5241582
2026-04-28,14:25,2026-04-28 14:25,24005.4,24012.1,23990.75,23997.4,4868810
2026-04-28,14:30,2026-04-28 14:30,23998.95,24036.6,23998.45,24008.85,8740501
2026-04-28,14:35,2026-04-28 14:35,24010.3,24031.0,24008.2,24023.6,5373151
2026-04-28,14:40,2026-04-28 14:40,24024.85,24032.9,24012.1,24032.2,5540707
2026-04-28,14:45,2026-04-28 14:45,24032.0,24041.6,24019.1,24037.05,6790096
2026-04-28,14:50,2026-04-28 14:50,24038.75,24045.75,24030.25,24044.35,8313239
2026-04-28,14:55,2026-04-28 14:55,24045.65,24046.45,24028.85,24039.15,7489229
2026-04-28,15:00,2026-04-28 15:00,24039.85,24042.45,23988.4,24002.15,17006581
2026-04-28,15:05,2026-04-28 15:05,24002.7,24014.55,23979.4,23979.55,18172683
2026-04-28,15:10,2026-04-28 15:10,23980.4,23981.35,23968.65,23972.45,13782489
2026-04-28,15:15,2026-04-28 15:15,23972.75,23974.65,23957.05,23968.45,25846850
2026-04-28,15:20,2026-04-28 15:20,23969.25,23981.05,23963.55,23981.05,28547366
2026-04-28,15:25,2026-04-28 15:25,23982.45,24016.5,23980.8,24016.5,29464854
2026-04-28,15:30,2026-04-28 15:30,24013.95,24013.95,23995.7,23995.7,29886560
2026-04-29,09:15,2026-04-29 09:15,24096.9,24123.55,24070.35,24090.8,41813941
2026-04-29,09:20,2026-04-29 09:20,24091.0,24120.4,24059.95,24077.9,21862705
2026-04-29,09:25,2026-04-29 09:25,24079.65,24114.15,24066.95,24111.55,12830731
2026-04-29,09:30,2026-04-29 09:30,24110.45,24126.95,24087.35,24092.35,12053007
2026-04-29,09:35,2026-04-29 09:35,24093.15,24111.1,24087.55,24105.05,16680208
2026-04-29,09:40,2026-04-29 09:40,24106.95,24144.45,24102.8,24141.35,10199419
2026-04-29,09:45,2026-04-29 09:45,24142.65,24164.95,24141.8,24164.8,9241191
2026-04-29,09:50,2026-04-29 09:50,24165.9,24177.9,24158.4,24173.95,7584724
2026-04-29,09:55,2026-04-29 09:55,24176.2,24180.5,24165.9,24173.2,9016341
2026-04-29,10:00,2026-04-29 10:00,24174.6,24211.5,24174.6,24201.3,10881835
2026-04-29,10:05,2026-04-29 10:05,24202.7,24217.55,24196.65,24211.75,9321931
2026-04-29,10:10,2026-04-29 10:10,24212.7,24236.8,24210.5,24233.8,6944943
2026-04-29,10:15,2026-04-29 10:15,24235.2,24252.95,24234.65,24243.1,9472320
2026-04-29,10:20,2026-04-29 10:20,24246.1,24273.65,24243.3,24270.45,7674336
2026-04-29,10:25,2026-04-29 10:25,24270.65,24296.3,24264.3,24290.15,8258674
2026-04-29,10:30,2026-04-29 10:30,24290.4,24290.95,24264.05,24283.2,7896080
2026-04-29,10:35,2026-04-29 10:35,24285.0,24291.7,24268.7,24268.7,6148091
2026-04-29,10:40,2026-04-29 10:40,24271.1,24274.55,24263.1,24267.45,7214202
2026-04-29,10:45,2026-04-29 10:45,24268.4,24272.8,24254.8,24271.65,8432273
2026-04-29,10:50,2026-04-29 10:50,24272.6,24290.05,24270.55,24285.05,5912904
2026-04-29,10:55,2026-04-29 10:55,24286.6,24290.65,24280.9,24287.1,6781262
2026-04-29,11:00,2026-04-29 11:00,24288.25,24298.95,24276.45,24277.05,5890487
2026-04-29,11:05,2026-04-29 11:05,24277.45,24294.75,24273.1,24292.6,5589864
2026-04-29,11:10,2026-04-29 11:10,24294.0,24294.6,24282.1,24288.15,4935966
2026-04-29,11:15,2026-04-29 11:15,24289.9,24295.35,24268.3,24276.1,6002676
2026-04-29,11:20,2026-04-29 11:20,24277.5,24294.5,24273.75,24277.35,5687530
2026-04-29,11:25,2026-04-29 11:25,24278.1,24283.7,24260.0,24263.25,4535518
2026-04-29,11:30,2026-04-29 11:30,24266.1,24282.35,24263.5,24278.15,4753853
2026-04-29,11:35,2026-04-29 11:35,24278.8,24281.7,24272.3,24276.6,3738218
2026-04-29,11:40,2026-04-29 11:40,24278.2,24286.4,24270.75,24271.85,3852470
2026-04-29,11:45,2026-04-29 11:45,24273.3,24275.75,24263.65,24267.05,5734377
2026-04-29,11:50,2026-04-29 11:50,24269.6,24277.85,24265.9,24271.05,4124392
2026-04-29,11:55,2026-04-29 11:55,24272.45,24277.85,24267.25,24276.95,3795896
2026-04-29,12:00,2026-04-29 12:00,24278.2,24283.65,24272.7,24273.05,3886468
2026-04-29,12:05,2026-04-29 12:05,24274.45,24284.25,24267.55,24283.0,3228471
2026-04-29,12:10,2026-04-29 12:10,24284.6,24311.9,24283.45,24293.15,6733461
2026-04-29,12:15,2026-04-29 12:15,24295.1,24304.95,24293.2,24301.55,3205457
2026-04-29,12:20,2026-04-29 12:20,24302.85,24311.05,24294.2,24310.45,4083181
2026-04-29,12:25,2026-04-29 12:25,24311.45,24317.1,24304.8,24307.1,2977341
2026-04-29,12:30,2026-04-29 12:30,24309.35,24327.3,24305.5,24324.7,4020852
2026-04-29,12:35,2026-04-29 12:35,24325.9,24331.4,24322.55,24328.6,3954333
2026-04-29,12:40,2026-04-29 12:40,24330.3,24331.8,24314.55,24321.6,4600860
2026-04-29,12:45,2026-04-29 12:45,24323.15,24327.1,24316.65,24321.3,3460689
2026-04-29,12:50,2026-04-29 12:50,24323.55,24329.7,24315.45,24321.3,4618304
2026-04-29,12:55,2026-04-29 12:55,24322.4,24325.7,24314.6,24316.85,4820464
2026-04-29,13:00,2026-04-29 13:00,24318.95,24321.5,24311.5,24317.4,4706237
2026-04-29,13:05,2026-04-29 13:05,24316.55,24334.7,24314.75,24319.2,3686317
2026-04-29,13:10,2026-04-29 13:10,24320.9,24332.5,24313.8,24318.2,4217518
2026-04-29,13:15,2026-04-29 13:15,24319.7,24322.85,24311.65,24320.85,3408899
2026-04-29,13:20,2026-04-29 13:20,24322.8,24325.85,24306.25,24310.2,3761394
2026-04-29,13:25,2026-04-29 13:25,24311.5,24320.45,24304.6,24305.2,4150343
2026-04-29,13:30,2026-04-29 13:30,24307.25,24317.0,24305.75,24313.1,5153196
2026-04-29,13:35,2026-04-29 13:35,24314.35,24316.75,24281.95,24285.0,5176313
2026-04-29,13:40,2026-04-29 13:40,24286.3,24286.3,24267.5,24272.55,6724694
2026-04-29,13:45,2026-04-29 13:45,24273.65,24273.9,24255.6,24266.05,6294909
2026-04-29,13:50,2026-04-29 13:50,24268.75,24283.3,24263.15,24269.85,5838237
2026-04-29,13:55,2026-04-29 13:55,24271.4,24280.0,24254.95,24254.95,5267479
2026-04-29,14:00,2026-04-29 14:00,24256.2,24259.85,24200.75,24202.45,6984985
2026-04-29,14:05,2026-04-29 14:05,24205.5,24225.25,24200.85,24207.2,5031935
2026-04-29,14:10,2026-04-29 14:10,24208.45,24217.35,24197.45,24214.6,4322265
2026-04-29,14:15,2026-04-29 14:15,24215.6,24215.6,24189.3,24189.3,3526087
2026-04-29,14:20,2026-04-29 14:20,24190.65,24217.5,24184.95,24214.45,4458783
2026-04-29,14:25,2026-04-29 14:25,24216.35,24216.35,24185.95,24186.7,3779989
2026-04-29,14:30,2026-04-29 14:30,24188.45,24211.25,24182.1,24207.75,5011030
2026-04-29,14:35,2026-04-29 14:35,24209.25,24209.25,24193.1,24205.05,3604885
2026-04-29,14:40,2026-04-29 14:40,24206.4,24229.25,24204.35,24229.15,3660125
2026-04-29,14:45,2026-04-29 14:45,24230.7,24230.7,24200.75,24206.0,3852101
2026-04-29,14:50,2026-04-29 14:50,24208.0,24211.55,24197.0,24206.1,3922384
2026-04-29,14:55,2026-04-29 14:55,24208.15,24208.35,24183.9,24185.45,4656373
2026-04-29,15:00,2026-04-29 15:00,24187.35,24209.8,24184.3,24189.5,9413895
2026-04-29,15:05,2026-04-29 15:05,24189.7,24199.55,24186.75,24192.45,9696647
2026-04-29,15:10,2026-04-29 15:10,24193.0,24193.0,24168.65,24170.15,10659329
2026-04-29,15:15,2026-04-29 15:15,24170.0,24171.4,24155.7,24158.1,12305979
2026-04-29,15:20,2026-04-29 15:20,24157.3,24164.45,24152.2,24160.8,14051915
2026-04-29,15:25,2026-04-29 15:25,24157.65,24169.45,24142.95,24163.6,12482143
2026-04-30,09:15,2026-04-30 09:15,23996.95,24019.15,23940.95,23945.25,29373511
2026-04-30,09:20,2026-04-30 09:20,23945.8,23951.25,23882.7,23900.8,13841357
2026-04-30,09:25,2026-04-30 09:25,23900.15,23904.7,23872.75,23876.95,10438044
2026-04-30,09:30,2026-04-30 09:30,23874.1,23919.1,23864.55,23918.75,8631854
2026-04-30,09:35,2026-04-30 09:35,23917.55,23923.8,23896.25,23908.95,9104002
2026-04-30,09:40,2026-04-30 09:40,23908.5,23939.6,23891.6,23937.8,6412591
2026-04-30,09:45,2026-04-30 09:45,23938.3,23956.45,23917.0,23920.55,6180223
2026-04-30,09:50,2026-04-30 09:50,23920.25,23924.4,23901.8,23905.15,6163196
2026-04-30,09:55,2026-04-30 09:55,23903.9,23907.7,23875.35,23880.2,5689554
2026-04-30,10:00,2026-04-30 10:00,23880.0,23880.0,23847.6,23849.6,6890762
2026-04-30,10:05,2026-04-30 10:05,23848.75,23865.65,23832.15,23842.15,9205338
2026-04-30,10:10,2026-04-30 10:10,23841.45,23843.15,23824.1,23828.6,7069371
2026-04-30,10:15,2026-04-30 10:15,23828.7,23841.8,23800.65,23838.45,7042931
2026-04-30,10:20,2026-04-30 10:20,23837.95,23845.75,23811.6,23821.05,5763098
2026-04-30,10:25,2026-04-30 10:25,23821.35,23831.65,23814.65,23827.6,3839919
2026-04-30,10:30,2026-04-30 10:30,23827.1,23838.95,23821.35,23834.95,5224276
2026-04-30,10:35,2026-04-30 10:35,23835.5,23854.9,23829.85,23851.75,5595830
2026-04-30,10:40,2026-04-30 10:40,23851.85,23857.3,23827.55,23843.7,4327774
2026-04-30,10:45,2026-04-30 10:45,23842.5,23844.3,23817.5,23818.6,4097755
2026-04-30,10:50,2026-04-30 10:50,23819.1,23824.7,23807.05,23811.7,4746331
2026-04-30,10:55,2026-04-30 10:55,23811.25,23820.45,23799.05,23815.85,4894933
2026-04-30,11:00,2026-04-30 11:00,23816.4,23825.9,23810.3,23815.2,3513499
2026-04-30,11:05,2026-04-30 11:05,23814.95,23833.1,23810.15,23826.2,3678767
2026-04-30,11:10,2026-04-30 11:10,23826.2,23827.75,23798.5,23799.9,3763233
2026-04-30,11:15,2026-04-30 11:15,23800.9,23819.85,23796.85,23808.65,3388264
2026-04-30,11:20,2026-04-30 11:20,23807.2,23811.75,23800.1,23807.7,5057749
2026-04-30,11:25,2026-04-30 11:25,23807.7,23835.15,23806.4,23831.65,4332072
2026-04-30,11:30,2026-04-30 11:30,23831.1,23839.8,23821.7,23838.05,4373912
2026-04-30,11:35,2026-04-30 11:35,23838.45,23853.15,23832.85,23846.4,5664222
2026-04-30,11:40,2026-04-30 11:40,23846.5,23849.25,23834.55,23835.65,6125750
2026-04-30,11:45,2026-04-30 11:45,23835.05,23848.55,23833.3,23846.8,7061279
2026-04-30,11:50,2026-04-30 11:50,23846.0,23848.95,23826.3,23834.45,3422698
2026-04-30,11:55,2026-04-30 11:55,23834.6,23848.7,23831.4,23842.55,5626314
2026-04-30,12:00,2026-04-30 12:00,23842.45,23848.1,23830.35,23843.5,7304745
2026-04-30,12:05,2026-04-30 12:05,23842.45,23877.95,23841.2,23868.3,6770040
2026-04-30,12:10,2026-04-30 12:10,23868.45,23899.75,23861.45,23899.75,5918503
2026-04-30,12:15,2026-04-30 12:15,23899.05,23905.75,23882.15,23882.15,4221223
2026-04-30,12:20,2026-04-30 12:20,23881.05,23914.5,23873.3,23911.6,4851680
2026-04-30,12:25,2026-04-30 12:25,23910.8,23919.6,23902.0,23911.45,4177413
2026-04-30,12:30,2026-04-30 12:30,23912.0,23918.2,23894.0,23915.05,3972039
2026-04-30,12:35,2026-04-30 12:35,23914.6,23918.35,23892.25,23904.95,3231897
2026-04-30,12:40,2026-04-30 12:40,23903.65,23916.35,23901.25,23912.95,3434340
2026-04-30,12:45,2026-04-30 12:45,23912.65,23934.15,23912.55,23926.8,3951620
2026-04-30,12:50,2026-04-30 12:50,23925.85,23932.1,23917.15,23932.1,2779888
2026-04-30,12:55,2026-04-30 12:55,23931.05,23943.45,23926.65,23936.85,3126461
2026-04-30,13:00,2026-04-30 13:00,23935.75,23943.6,23926.15,23927.75,3320804
2026-04-30,13:05,2026-04-30 13:05,23926.65,23941.35,23908.05,23940.45,5611774
2026-04-30,13:10,2026-04-30 13:10,23940.3,23956.3,23933.85,23950.15,4131737
2026-04-30,13:15,2026-04-30 13:15,23948.85,23953.7,23938.35,23940.1,5320643
2026-04-30,13:20,2026-04-30 13:20,23938.95,23978.15,23938.75,23968.0,5733756
2026-04-30,13:25,2026-04-30 13:25,23967.5,23982.45,23955.45,23971.15,5111501
2026-04-30,13:30,2026-04-30 13:30,23970.55,23981.75,23962.6,23973.85,4620267
2026-04-30,13:35,2026-04-30 13:35,23975.4,23998.45,23974.05,23977.8,6817946
2026-04-30,13:40,2026-04-30 13:40,23977.8,24031.7,23977.05,24029.8,6336717
2026-04-30,13:45,2026-04-30 13:45,24029.05,24044.45,24022.85,24039.2,5067597
2026-04-30,13:50,2026-04-30 13:50,24039.1,24040.6,24011.6,24033.95,4757729
2026-04-30,13:55,2026-04-30 13:55,24033.6,24061.1,24033.6,24055.05,4489703
2026-04-30,14:00,2026-04-30 14:00,24054.9,24057.6,24036.0,24038.2,4458066
2026-04-30,14:05,2026-04-30 14:05,24037.85,24044.9,24015.5,24043.9,4867579
2026-04-30,14:10,2026-04-30 14:10,24042.7,24047.7,24019.85,24022.85,4889357
2026-04-30,14:15,2026-04-30 14:15,24021.5,24032.8,23995.3,23997.0,4308128
2026-04-30,14:20,2026-04-30 14:20,23996.2,24018.85,23989.3,24011.9,5739121
2026-04-30,14:25,2026-04-30 14:25,24011.85,24016.35,23984.45,24007.15,5709502
2026-04-30,14:30,2026-04-30 14:30,24006.15,24035.9,24004.8,24034.6,4533189
2026-04-30,14:35,2026-04-30 14:35,24034.25,24063.4,24031.2,24062.25,5501182
2026-04-30,14:40,2026-04-30 14:40,24062.75,24087.45,24054.35,24075.1,6183650
2026-04-30,14:45,2026-04-30 14:45,24074.75,24081.25,24036.75,24036.75,5242857
2026-04-30,14:50,2026-04-30 14:50,24037.3,24040.1,24013.0,24024.8,7484773
2026-04-30,14:55,2026-04-30 14:55,24024.6,24054.6,24021.8,24050.2,6072953
2026-04-30,15:00,2026-04-30 15:00,24051.95,24051.95,23996.45,24001.65,19082693
2026-04-30,15:05,2026-04-30 15:05,24001.9,24003.2,23966.15,23970.95,16158028
2026-04-30,15:10,2026-04-30 15:10,23973.1,23991.3,23962.95,23991.3,14263965
2026-04-30,15:15,2026-04-30 15:15,23992.1,24009.2,23984.65,24004.1,14886688
2026-04-30,15:20,2026-04-30 15:20,24004.1,24010.05,23986.6,24010.0,17181335
2026-04-30,15:25,2026-04-30 15:25,24011.15,24051.8,24005.15,24043.7,17391469
2026-05-04,09:15,2026-05-04 09:15,24063.55,24245.85,24061.85,24177.05,30618122
2026-05-04,09:20,2026-05-04 09:20,24178.9,24214.7,24164.1,24179.65,13312314
2026-05-04,09:25,2026-05-04 09:25,24181.85,24220.4,24181.85,24214.55,8109234
2026-05-04,09:30,2026-05-04 09:30,24215.6,24235.0,24181.05,24229.5,8362564
2026-05-04,09:35,2026-05-04 09:35,24229.2,24269.45,24229.2,24261.0,7590452
2026-05-04,09:40,2026-05-04 09:40,24262.05,24290.2,24259.95,24276.65,8273360
2026-05-04,09:45,2026-05-04 09:45,24279.25,24283.8,24265.95,24269.35,6013982
2026-05-04,09:50,2026-05-04 09:50,24270.15,24272.6,24225.25,24232.15,6688072
2026-05-04,09:55,2026-05-04 09:55,24234.15,24248.1,24229.55,24246.2,4875365
2026-05-04,10:00,2026-05-04 10:00,24247.25,24259.75,24215.05,24223.95,5465201
2026-05-04,10:05,2026-05-04 10:05,24224.0,24246.25,24221.9,24223.6,6554749
2026-05-04,10:10,2026-05-04 10:10,24224.55,24230.05,24172.45,24175.2,5561611
2026-05-04,10:15,2026-05-04 10:15,24175.3,24190.4,24164.65,24174.7,4729728
2026-05-04,10:20,2026-05-04 10:20,24172.6,24180.85,24142.8,24151.4,5045240
2026-05-04,10:25,2026-05-04 10:25,24151.4,24196.85,24150.2,24196.65,3953366
2026-05-04,10:30,2026-05-04 10:30,24197.5,24223.35,24172.2,24186.7,4893950
2026-05-04,10:35,2026-05-04 10:35,24186.8,24217.35,24184.2,24213.5,3646605
2026-05-04,10:40,2026-05-04 10:40,24213.65,24222.2,24206.65,24219.15,3438256
2026-05-04,10:45,2026-05-04 10:45,24219.3,24240.65,24213.45,24232.35,3570619
2026-05-04,10:50,2026-05-04 10:50,24231.9,24237.1,24215.45,24220.3,3133125
2026-05-04,10:55,2026-05-04 10:55,24220.05,24221.65,24186.2,24187.25,3465736
2026-05-04,11:00,2026-05-04 11:00,24188.3,24205.9,24175.65,24202.65,4130635
2026-05-04,11:05,2026-05-04 11:05,24203.2,24216.1,24194.35,24206.55,3700443
2026-05-04,11:10,2026-05-04 11:10,24207.05,24227.8,24204.65,24227.25,4539047
2026-05-04,11:15,2026-05-04 11:15,24227.5,24242.25,24226.45,24229.85,16084835
2026-05-04,11:20,2026-05-04 11:20,24230.2,24238.6,24224.8,24233.2,4975355
2026-05-04,11:25,2026-05-04 11:25,24233.4,24239.05,24224.1,24237.4,4611246
2026-05-04,11:30,2026-05-04 11:30,24237.3,24241.2,24225.05,24231.0,4776044
2026-05-04,11:35,2026-05-04 11:35,24231.0,24242.8,24218.55,24237.7,4817192
2026-05-04,11:40,2026-05-04 11:40,24237.95,24238.4,24221.75,24228.45,4825483
2026-05-04,11:45,2026-05-04 11:45,24229.0,24249.15,24229.0,24239.25,3924633
2026-05-04,11:50,2026-05-04 11:50,24239.35,24244.05,24220.65,24223.3,4435539
2026-05-04,11:55,2026-05-04 11:55,24224.9,24227.45,24212.9,24221.05,3880150
2026-05-04,12:00,2026-05-04 12:00,24222.5,24229.9,24210.3,24213.15,3752913
2026-05-04,12:05,2026-05-04 12:05,24212.45,24219.45,24190.85,24199.6,4079310
2026-05-04,12:10,2026-05-04 12:10,24200.0,24200.95,24115.8,24117.0,6803897
2026-05-04,12:15,2026-05-04 12:15,24117.35,24144.7,24106.5,24144.1,5011716
2026-05-04,12:20,2026-05-04 12:20,24144.35,24154.1,24121.8,24135.75,3910952
2026-05-04,12:25,2026-05-04 12:25,24136.1,24145.65,24127.2,24132.8,4590901
2026-05-04,12:30,2026-05-04 12:30,24132.65,24134.65,24106.95,24107.95,3654376
2026-05-04,12:35,2026-05-04 12:35,24108.65,24127.15,24106.05,24125.4,3817434
2026-05-04,12:40,2026-05-04 12:40,24126.15,24133.55,24098.55,24100.55,4690157
2026-05-04,12:45,2026-05-04 12:45,24100.95,24119.05,24083.6,24092.85,4410294
2026-05-04,12:50,2026-05-04 12:50,24094.05,24118.65,24092.0,24108.25,3735194
2026-05-04,12:55,2026-05-04 12:55,24108.7,24118.85,24101.55,24103.8,4926008
2026-05-04,13:00,2026-05-04 13:00,24104.2,24106.35,24090.55,24101.75,3008177
2026-05-04,13:05,2026-05-04 13:05,24101.55,24114.4,24096.85,24113.9,3103963
2026-05-04,13:10,2026-05-04 13:10,24113.8,24121.35,24107.15,24109.1,2943697
2026-05-04,13:15,2026-05-04 13:15,24109.05,24111.75,24079.45,24101.45,3426066
2026-05-04,13:20,2026-05-04 13:20,24100.85,24102.6,24058.8,24070.75,4641894
2026-05-04,13:25,2026-05-04 13:25,24070.75,24085.85,24024.7,24025.25,4106871
2026-05-04,13:30,2026-05-04 13:30,24023.35,24038.75,24004.75,24019.8,4511432
2026-05-04,13:35,2026-05-04 13:35,24019.0,24039.7,24007.55,24039.15,4445739
2026-05-04,13:40,2026-05-04 13:40,24038.65,24090.65,24038.65,24086.8,3558783
2026-05-04,13:45,2026-05-04 13:45,24087.0,24099.4,24080.4,24094.95,2947055
2026-05-04,13:50,2026-05-04 13:50,24095.0,24108.9,24081.45,24086.0,2986775
2026-05-04,13:55,2026-05-04 13:55,24086.45,24089.85,24050.4,24072.25,3377992
2026-05-04,14:00,2026-05-04 14:00,24072.25,24080.3,24053.8,24068.85,3232019
2026-05-04,14:05,2026-05-04 14:05,24069.15,24077.5,24060.05,24073.45,2751908
2026-05-04,14:10,2026-05-04 14:10,24075.1,24111.6,24075.1,24103.75,4467988
2026-05-04,14:15,2026-05-04 14:15,24105.0,24147.95,24102.7,24139.0,4837214
2026-05-04,14:20,2026-05-04 14:20,24138.75,24149.7,24121.05,24126.55,3241630
2026-05-04,14:25,2026-05-04 14:25,24126.0,24134.35,24113.25,24122.7,3357933
2026-05-04,14:30,2026-05-04 14:30,24123.75,24131.95,24103.8,24112.15,4494803
2026-05-04,14:35,2026-05-04 14:35,24110.9,24119.4,24101.65,24111.6,3963721
2026-05-04,14:40,2026-05-04 14:40,24111.3,24113.6,24072.15,24096.0,5119268
2026-05-04,14:45,2026-05-04 14:45,24096.15,24097.8,24072.15,24077.7,4319513
2026-05-04,14:50,2026-05-04 14:50,24078.35,24099.55,24071.0,24096.7,4960329
2026-05-04,14:55,2026-05-04 14:55,24098.05,24111.5,24078.4,24089.25,4158961
2026-05-04,15:00,2026-05-04 15:00,24091.0,24106.35,24074.95,24098.0,7207103
2026-05-04,15:05,2026-05-04 15:05,24100.6,24124.2,24096.25,24117.25,6234652
2026-05-04,15:10,2026-05-04 15:10,24118.8,24135.05,24108.35,24123.25,8445031
2026-05-04,15:15,2026-05-04 15:15,24125.05,24135.45,24115.0,24125.45,10265291
2026-05-04,15:20,2026-05-04 15:20,24127.45,24134.6,24110.7,24111.7,12911440
2026-05-04,15:25,2026-05-04 15:25,24116.85,24128.7,24110.2,24123.8,10980518
2026-05-05,09:15,2026-05-05 09:15,24052.6,24072.1,23949.4,24064.2,12506769
2026-05-05,09:20,2026-05-05 09:20,24062.05,24067.8,24024.15,24026.55,7020812
2026-05-05,09:25,2026-05-05 09:25,24027.9,24031.6,23977.65,23992.05,5923387
2026-05-05,09:30,2026-05-05 09:30,23990.6,24043.6,23988.1,24042.75,4169457
2026-05-05,09:35,2026-05-05 09:35,24042.05,24060.55,24020.6,24022.15,4129755
2026-05-05,09:40,2026-05-05 09:40,24022.0,24027.8,24000.9,24013.75,4691253
2026-05-05,09:45,2026-05-05 09:45,24013.55,24041.55,24005.85,24036.05,4671396
2026-05-05,09:50,2026-05-05 09:50,24036.55,24055.45,24023.75,24047.9,4296054
2026-05-05,09:55,2026-05-05 09:55,24047.2,24054.85,24032.3,24043.05,4403242
2026-05-05,10:00,2026-05-05 10:00,24042.55,24053.9,24001.75,24012.45,3990105
2026-05-05,10:05,2026-05-05 10:05,24011.45,24015.0,23987.15,23994.6,3436768
2026-05-05,10:10,2026-05-05 10:10,23994.6,24002.95,23978.5,23986.0,3925724
2026-05-05,10:15,2026-05-05 10:15,23986.1,23987.25,23970.1,23986.95,4302995
2026-05-05,10:20,2026-05-05 10:20,23987.3,23994.45,23967.15,23979.05,3170175
2026-05-05,10:25,2026-05-05 10:25,23978.5,23980.3,23944.65,23954.4,3930131
2026-05-05,10:30,2026-05-05 10:30,23952.2,23966.8,23938.1,23941.35,3749055
2026-05-05,10:35,2026-05-05 10:35,23941.4,23947.45,23922.9,23941.35,3567281
2026-05-05,10:40,2026-05-05 10:40,23941.2,23947.25,23932.0,23937.95,3583797
2026-05-05,10:45,2026-05-05 10:45,23937.25,23950.3,23935.5,23947.0,4038245
2026-05-05,10:50,2026-05-05 10:50,23946.0,23949.75,23920.1,23928.7,3055551
2026-05-05,10:55,2026-05-05 10:55,23929.7,23930.8,23914.35,23925.95,3205484
2026-05-05,11:00,2026-05-05 11:00,23925.15,23952.75,23913.55,23951.9,6902225
2026-05-05,11:05,2026-05-05 11:05,23949.2,23950.85,23921.45,23926.8,5846764
2026-05-05,11:10,2026-05-05 11:10,23927.45,23949.55,23926.15,23939.0,4632376
2026-05-05,11:15,2026-05-05 11:15,23937.8,23961.55,23934.2,23935.05,3540246
2026-05-05,11:20,2026-05-05 11:20,23934.25,23938.6,23924.35,23931.95,3566127
2026-05-05,11:25,2026-05-05 11:25,23932.0,23940.15,23929.45,23935.15,3209573
2026-05-05,11:30,2026-05-05 11:30,23935.3,23958.95,23933.75,23950.85,3327275
2026-05-05,11:35,2026-05-05 11:35,23950.25,23966.75,23938.45,23939.95,4234268
2026-05-05,11:40,2026-05-05 11:40,23940.25,23941.0,23916.05,23916.05,4265321
2026-05-05,11:45,2026-05-05 11:45,23915.4,23919.2,23891.15,23904.4,3354010
2026-05-05,11:50,2026-05-05 11:50,23902.7,23916.6,23886.2,23891.6,3319123
2026-05-05,11:55,2026-05-05 11:55,23890.45,23899.25,23882.05,23888.95,2656790
2026-05-05,12:00,2026-05-05 12:00,23888.15,23905.55,23888.15,23899.55,3960873
2026-05-05,12:05,2026-05-05 12:05,23900.3,23926.25,23899.45,23919.6,4141320
2026-05-05,12:10,2026-05-05 12:10,23919.0,23949.3,23919.0,23946.45,3149420
2026-05-05,12:15,2026-05-05 12:15,23945.95,23956.5,23943.6,23954.75,2899881
2026-05-05,12:20,2026-05-05 12:20,23954.6,23977.95,23950.15,23967.25,3289692
2026-05-05,12:25,2026-05-05 12:25,23967.8,23974.25,23940.85,23943.2,3563878
2026-05-05,12:30,2026-05-05 12:30,23943.9,23958.7,23933.8,23955.4,4556211
2026-05-05,12:35,2026-05-05 12:35,23954.5,23973.2,23949.4,23961.95,5971837
2026-05-05,12:40,2026-05-05 12:40,23962.5,23974.45,23951.25,23952.85,5517187
2026-05-05,12:45,2026-05-05 12:45,23952.55,23983.7,23952.55,23978.1,4020319
2026-05-05,12:50,2026-05-05 12:50,23977.6,23996.55,23977.6,23983.15,4328239
2026-05-05,12:55,2026-05-05 12:55,23983.6,24014.25,23978.6,24011.9,3825055
2026-05-05,13:00,2026-05-05 13:00,24012.6,24025.85,24010.65,24019.8,4829832
2026-05-05,13:05,2026-05-05 13:05,24018.95,24075.45,24014.8,24065.8,6462398
2026-05-05,13:10,2026-05-05 13:10,24066.35,24080.75,24052.45,24068.8,5884517
2026-05-05,13:15,2026-05-05 13:15,24067.35,24081.7,24037.0,24040.4,8220231
2026-05-05,13:20,2026-05-05 13:20,24041.7,24059.45,24031.95,24041.4,5138308
2026-05-05,13:25,2026-05-05 13:25,24039.75,24048.4,24030.6,24039.95,3867256
2026-05-05,13:30,2026-05-05 13:30,24041.4,24041.6,24016.65,24024.65,4697725
2026-05-05,13:35,2026-05-05 13:35,24025.9,24047.55,24022.1,24037.75,3579153
2026-05-05,13:40,2026-05-05 13:40,24037.1,24056.7,24033.1,24050.45,4566942
2026-05-05,13:45,2026-05-05 13:45,24051.15,24062.15,24037.8,24045.8,3863856
2026-05-05,13:50,2026-05-05 13:50,24045.55,24050.3,24020.5,24030.25,5197070
2026-05-05,13:55,2026-05-05 13:55,24030.55,24054.5,24029.25,24038.1,5590735
2026-05-05,14:00,2026-05-05 14:00,24035.85,24047.8,24022.35,24029.15,3316116
2026-05-05,14:05,2026-05-05 14:05,24028.7,24033.25,24009.1,24016.3,3251573
2026-05-05,14:10,2026-05-05 14:10,24016.0,24029.5,24002.15,24016.8,4004293
2026-05-05,14:15,2026-05-05 14:15,24017.2,24042.15,24013.1,24037.15,3728722
2026-05-05,14:20,2026-05-05 14:20,24037.2,24048.55,24026.3,24035.3,4357072
2026-05-05,14:25,2026-05-05 14:25,24036.1,24061.0,24031.75,24058.3,3859031
2026-05-05,14:30,2026-05-05 14:30,24059.3,24060.65,24028.3,24036.15,4632918
2026-05-05,14:35,2026-05-05 14:35,24034.85,24045.9,24019.4,24034.65,5594149
2026-05-05,14:40,2026-05-05 14:40,24034.55,24047.25,24023.7,24042.1,3454836
2026-05-05,14:45,2026-05-05 14:45,24041.55,24045.8,24017.05,24024.3,4400215
2026-05-05,14:50,2026-05-05 14:50,24024.15,24033.55,23999.6,24020.7,4837673
2026-05-05,14:55,2026-05-05 14:55,24020.35,24028.9,24008.4,24010.8,3956199
2026-05-05,15:00,2026-05-05 15:00,24011.9,24025.3,23999.8,24013.2,8182100
2026-05-05,15:05,2026-05-05 15:05,24015.65,24036.45,23997.85,24031.6,10924723
2026-05-05,15:10,2026-05-05 15:10,24033.2,24043.85,24019.5,24041.65,8519618
2026-05-05,15:15,2026-05-05 15:15,24044.0,24052.8,24040.8,24050.45,8314351
2026-05-05,15:20,2026-05-05 15:20,24051.6,24055.35,24039.35,24041.85,10348011
2026-05-05,15:25,2026-05-05 15:25,24042.0,24059.7,24037.05,24052.15,9702995
2026-05-05,15:30,2026-05-05 15:30,24052.15,24052.15,24052.15,24052.15,1819745
2026-05-06,09:15,2026-05-06 09:15,24171.0,24250.85,24164.55,24175.8,18986851
2026-05-06,09:20,2026-05-06 09:20,24179.2,24201.95,24156.95,24185.2,8595561
2026-05-06,09:25,2026-05-06 09:25,24186.15,24195.3,24164.95,24171.6,6184442
2026-05-06,09:30,2026-05-06 09:30,24174.6,24185.25,24161.55,24162.75,6207446
2026-05-06,09:35,2026-05-06 09:35,24163.75,24167.05,24150.75,24154.0,5421620
2026-05-06,09:40,2026-05-06 09:40,24154.5,24155.4,24131.75,24138.45,4419918
2026-05-06,09:45,2026-05-06 09:45,24139.85,24144.9,24133.45,24136.9,3953677
2026-05-06,09:50,2026-05-06 09:50,24137.55,24152.3,24121.1,24152.1,4615180
2026-05-06,09:55,2026-05-06 09:55,24152.75,24165.85,24138.9,24140.3,4182154
2026-05-06,10:00,2026-05-06 10:00,24140.6,24140.6,24107.35,24110.15,3698678
2026-05-06,10:05,2026-05-06 10:05,24110.45,24112.0,24096.5,24107.0,3089339
2026-05-06,10:10,2026-05-06 10:10,24107.1,24141.6,24103.1,24137.3,3958464
2026-05-06,10:15,2026-05-06 10:15,24137.0,24139.4,24121.75,24137.5,4779897
2026-05-06,10:20,2026-05-06 10:20,24137.05,24155.4,24134.55,24141.85,4302786
2026-05-06,10:25,2026-05-06 10:25,24141.5,24148.65,24136.15,24136.4,3779416
2026-05-06,10:30,2026-05-06 10:30,24135.5,24144.0,24126.65,24128.8,4058892
2026-05-06,10:35,2026-05-06 10:35,24126.65,24126.65,24111.9,24124.45,2723903
2026-05-06,10:40,2026-05-06 10:40,24123.7,24150.15,24122.5,24142.85,2420218
2026-05-06,10:45,2026-05-06 10:45,24142.75,24143.15,24126.25,24129.8,2533424
2026-05-06,10:50,2026-05-06 10:50,24129.35,24130.5,24091.15,24095.8,4502069
2026-05-06,10:55,2026-05-06 10:55,24095.7,24110.25,24092.4,24095.75,4043084
2026-05-06,11:00,2026-05-06 11:00,24095.95,24104.65,24074.45,24074.5,3421119
2026-05-06,11:05,2026-05-06 11:05,24075.55,24099.15,24073.2,24098.3,3262533
2026-05-06,11:10,2026-05-06 11:10,24098.9,24098.9,24081.65,24089.3,2951312
2026-05-06,11:15,2026-05-06 11:15,24089.15,24102.55,24085.1,24087.05,3491660
2026-05-06,11:20,2026-05-06 11:20,24084.8,24101.6,24081.55,24089.2,2678056
2026-05-06,11:25,2026-05-06 11:25,24089.0,24112.5,24086.6,24112.5,3242709
2026-05-06,11:30,2026-05-06 11:30,24111.95,24117.35,24106.3,24107.7,4111206
2026-05-06,11:35,2026-05-06 11:35,24108.2,24108.2,24069.45,24078.5,4467627
2026-05-06,11:40,2026-05-06 11:40,24076.8,24100.3,24076.7,24096.8,3264171
2026-05-06,11:45,2026-05-06 11:45,24097.1,24108.8,24090.6,24108.05,2277435
2026-05-06,11:50,2026-05-06 11:50,24107.75,24109.35,24096.9,24108.8,3587852
2026-05-06,11:55,2026-05-06 11:55,24108.55,24114.15,24095.5,24097.35,2847441
2026-05-06,12:00,2026-05-06 12:00,24097.2,24099.75,24081.45,24090.9,2445311
2026-05-06,12:05,2026-05-06 12:05,24091.05,24091.1,24075.35,24084.4,2486295
2026-05-06,12:10,2026-05-06 12:10,24084.7,24086.95,24075.95,24082.8,2641007
2026-05-06,12:15,2026-05-06 12:15,24081.75,24081.75,24061.0,24074.25,3562533
2026-05-06,12:20,2026-05-06 12:20,24072.6,24073.45,24029.75,24043.95,8939354
2026-05-06,12:25,2026-05-06 12:25,24043.55,24059.9,24039.35,24054.65,6597964
2026-05-06,12:30,2026-05-06 12:30,24054.15,24055.5,24045.15,24049.9,2900918
2026-05-06,12:35,2026-05-06 12:35,24050.2,24050.95,24033.2,24036.65,3378983
2026-05-06,12:40,2026-05-06 12:40,24036.05,24043.45,24019.7,24022.3,3950793
2026-05-06,12:45,2026-05-06 12:45,24022.0,24025.35,24005.95,24018.3,3887440
2026-05-06,12:50,2026-05-06 12:50,24017.55,24023.45,23997.9,24011.6,3468172
2026-05-06,12:55,2026-05-06 12:55,24011.0,24024.1,24009.8,24023.1,2949626
2026-05-06,13:00,2026-05-06 13:00,24022.65,24023.5,23999.95,24002.1,3356432
2026-05-06,13:05,2026-05-06 13:05,24000.95,24039.4,23999.65,24038.9,3340790
2026-05-06,13:10,2026-05-06 13:10,24038.7,24044.15,24031.0,24040.65,3409084
2026-05-06,13:15,2026-05-06 13:15,24039.9,24068.55,24036.3,24063.45,3590625
2026-05-06,13:20,2026-05-06 13:20,24063.8,24085.8,24062.35,24081.1,3838775
2026-05-06,13:25,2026-05-06 13:25,24078.95,24082.7,24070.6,24075.35,3579474
2026-05-06,13:30,2026-05-06 13:30,24076.6,24093.0,24074.65,24086.35,4413505
2026-05-06,13:35,2026-05-06 13:35,24086.9,24109.95,24084.15,24103.55,5822120
2026-05-06,13:40,2026-05-06 13:40,24102.45,24108.1,24094.9,24100.9,3283530
2026-05-06,13:45,2026-05-06 13:45,24099.25,24110.4,24094.15,24102.75,3164690
2026-05-06,13:50,2026-05-06 13:50,24102.45,24115.95,24101.8,24111.25,5144005
2026-05-06,13:55,2026-05-06 13:55,24112.05,24120.25,24101.9,24106.95,3452006
2026-05-06,14:00,2026-05-06 14:00,24106.8,24117.1,24096.4,24109.5,3631957
2026-05-06,14:05,2026-05-06 14:05,24108.3,24115.0,24103.75,24109.35,3261365
2026-05-06,14:10,2026-05-06 14:10,24108.0,24133.35,24107.4,24133.35,3801900
2026-05-06,14:15,2026-05-06 14:15,24134.05,24151.1,24133.4,24141.15,4156063
2026-05-06,14:20,2026-05-06 14:20,24140.4,24255.65,24139.15,24250.5,14414877
2026-05-06,14:25,2026-05-06 14:25,24252.05,24332.05,24252.05,24311.65,12948953
2026-05-06,14:30,2026-05-06 14:30,24314.7,24334.4,24280.1,24306.75,9269986
2026-05-06,14:35,2026-05-06 14:35,24306.8,24308.7,24277.9,24300.45,8845263
2026-05-06,14:40,2026-05-06 14:40,24300.4,24337.8,24299.4,24334.35,8520866
2026-05-06,14:45,2026-05-06 14:45,24334.65,24354.55,24320.8,24349.3,12304732
2026-05-06,14:50,2026-05-06 14:50,24348.85,24356.5,24328.75,24332.1,10112360
2026-05-06,14:55,2026-05-06 14:55,24333.4,24349.65,24324.65,24348.25,8413955
2026-05-06,15:00,2026-05-06 15:00,24349.0,24353.8,24313.85,24342.15,14360286
2026-05-06,15:05,2026-05-06 15:05,24342.7,24344.75,24314.05,24315.5,12585762
2026-05-06,15:10,2026-05-06 15:10,24316.55,24330.95,24314.95,24321.35,14022969
2026-05-06,15:15,2026-05-06 15:15,24321.75,24335.6,24317.05,24330.65,15186392
2026-05-06,15:20,2026-05-06 15:20,24331.15,24331.15,24317.4,24329.05,16179580
2026-05-06,15:25,2026-05-06 15:25,24330.7,24346.6,24325.6,24339.3,14139513
2026-05-07,09:15,2026-05-07 09:15,24398.5,24423.35,24317.7,24318.25,20440391
2026-05-07,09:20,2026-05-07 09:20,24318.25,24337.05,24300.7,24335.35,9577300
2026-05-07,09:25,2026-05-07 09:25,24334.9,24346.75,24312.2,24334.15,8385678
2026-05-07,09:30,2026-05-07 09:30,24334.8,24367.95,24320.15,24356.7,7324435
2026-05-07,09:35,2026-05-07 09:35,24356.15,24372.55,24346.9,24354.15,6043728
2026-05-07,09:40,2026-05-07 09:40,24354.8,24402.15,24354.8,24397.35,6092271
2026-05-07,09:45,2026-05-07 09:45,24396.9,24401.4,24352.25,24352.25,5434549
2026-05-07,09:50,2026-05-07 09:50,24352.65,24363.55,24325.65,24335.2,5774329
2026-05-07,09:55,2026-05-07 09:55,24337.35,24354.15,24331.2,24342.95,7313852
2026-05-07,10:00,2026-05-07 10:00,24343.0,24378.7,24340.15,24370.25,11031281
2026-05-07,10:05,2026-05-07 10:05,24370.75,24374.45,24315.25,24328.3,5511538
2026-05-07,10:10,2026-05-07 10:10,24328.3,24337.45,24310.0,24323.65,4618172
2026-05-07,10:15,2026-05-07 10:15,24324.65,24350.8,24321.6,24349.05,5472904
2026-05-07,10:20,2026-05-07 10:20,24349.4,24355.95,24344.95,24353.15,5804294
2026-05-07,10:25,2026-05-07 10:25,24353.2,24368.9,24348.75,24360.3,4494112
2026-05-07,10:30,2026-05-07 10:30,24360.3,24375.55,24360.3,24367.3,5019106
2026-05-07,10:35,2026-05-07 10:35,24367.25,24368.25,24352.85,24364.6,3511960
2026-05-07,10:40,2026-05-07 10:40,24364.75,24374.85,24358.7,24373.45,3249748
2026-05-07,10:45,2026-05-07 10:45,24372.5,24379.05,24356.3,24360.45,3873454
2026-05-07,10:50,2026-05-07 10:50,24359.95,24360.8,24332.45,24351.6,3712062
2026-05-07,10:55,2026-05-07 10:55,24351.4,24353.05,24334.4,24340.85,3536623
2026-05-07,11:00,2026-05-07 11:00,24341.0,24343.75,24330.1,24332.85,3090339
2026-05-07,11:05,2026-05-07 11:05,24332.35,24336.5,24316.15,24320.0,2923647
2026-05-07,11:10,2026-05-07 11:10,24320.2,24322.15,24310.05,24317.75,3744850
2026-05-07,11:15,2026-05-07 11:15,24318.2,24332.25,24314.0,24318.4,3128451
2026-05-07,11:20,2026-05-07 11:20,24318.35,24319.7,24293.05,24309.15,3333085
2026-05-07,11:25,2026-05-07 11:25,24309.35,24309.9,24289.45,24306.45,3020742
2026-05-07,11:30,2026-05-07 11:30,24306.95,24349.8,24306.35,24323.4,4290917
2026-05-07,11:35,2026-05-07 11:35,24323.55,24324.5,24311.9,24313.85,3290065
2026-05-07,11:40,2026-05-07 11:40,24314.8,24316.05,24288.1,24288.5,4028139
2026-05-07,11:45,2026-05-07 11:45,24287.8,24308.3,24284.0,24305.65,4249268
2026-05-07,11:50,2026-05-07 11:50,24305.8,24331.6,24305.7,24321.3,3536743
2026-05-07,11:55,2026-05-07 11:55,24321.15,24346.85,24320.35,24340.55,3911329
2026-05-07,12:00,2026-05-07 12:00,24339.7,24369.9,24339.7,24355.0,3994159
2026-05-07,12:05,2026-05-07 12:05,24355.3,24367.65,24352.9,24360.25,3307438
2026-05-07,12:10,2026-05-07 12:10,24360.1,24369.2,24350.15,24361.55,3082522
2026-05-07,12:15,2026-05-07 12:15,24362.45,24383.65,24362.4,24365.9,3681508
2026-05-07,12:20,2026-05-07 12:20,24366.3,24381.6,24364.1,24377.2,3207727
2026-05-07,12:25,2026-05-07 12:25,24377.65,24381.4,24355.15,24355.15,3100449
2026-05-07,12:30,2026-05-07 12:30,24355.25,24358.85,24329.7,24344.95,3472009
2026-05-07,12:35,2026-05-07 12:35,24345.1,24438.4,24338.95,24436.65,8376382
2026-05-07,12:40,2026-05-07 12:40,24436.8,24482.1,24436.8,24463.15,7873929
2026-05-07,12:45,2026-05-07 12:45,24462.85,24471.6,24437.6,24442.8,6078153
2026-05-07,12:50,2026-05-07 12:50,24442.1,24446.15,24394.55,24409.15,5007141
2026-05-07,12:55,2026-05-07 12:55,24409.1,24414.75,24377.7,24388.25,3914727
2026-05-07,13:00,2026-05-07 13:00,24387.65,24411.05,24386.45,24402.4,3485745
2026-05-07,13:05,2026-05-07 13:05,24402.0,24420.55,24392.25,24396.35,6469262
2026-05-07,13:10,2026-05-07 13:10,24395.85,24397.15,24376.9,24389.7,3793779
2026-05-07,13:15,2026-05-07 13:15,24388.65,24399.5,24324.55,24350.7,4292881
2026-05-07,13:20,2026-05-07 13:20,24351.05,24373.45,24339.5,24345.3,3414746
2026-05-07,13:25,2026-05-07 13:25,24345.05,24359.9,24341.9,24353.35,2762598
2026-05-07,13:30,2026-05-07 13:30,24353.55,24364.2,24344.0,24357.8,2900892
2026-05-07,13:35,2026-05-07 13:35,24358.6,24364.15,24334.75,24334.75,5242519
2026-05-07,13:40,2026-05-07 13:40,24335.3,24360.95,24331.65,24349.75,5373221
2026-05-07,13:45,2026-05-07 13:45,24348.6,24359.1,24337.9,24356.55,3234893
2026-05-07,13:50,2026-05-07 13:50,24355.8,24365.4,24344.1,24364.7,3469666
2026-05-07,13:55,2026-05-07 13:55,24364.9,24374.8,24354.4,24368.65,3047550
2026-05-07,14:00,2026-05-07 14:00,24368.05,24375.3,24344.6,24353.5,2942919
2026-05-07,14:05,2026-05-07 14:05,24352.9,24374.0,24337.1,24372.65,4999316
2026-05-07,14:10,2026-05-07 14:10,24372.15,24375.65,24360.15,24361.65,3443777
2026-05-07,14:15,2026-05-07 14:15,24361.25,24364.5,24338.8,24342.65,3526875
2026-05-07,14:20,2026-05-07 14:20,24342.65,24365.65,24333.35,24364.3,4175489
2026-05-07,14:25,2026-05-07 14:25,24364.25,24381.1,24357.8,24376.9,6392044
2026-05-07,14:30,2026-05-07 14:30,24376.5,24385.3,24357.85,24367.95,7066455
2026-05-07,14:35,2026-05-07 14:35,24366.1,24371.75,24351.95,24351.95,3846349
2026-05-07,14:40,2026-05-07 14:40,24351.6,24362.1,24334.1,24339.45,5126302
2026-05-07,14:45,2026-05-07 14:45,24339.55,24351.5,24323.05,24330.25,4928942
2026-05-07,14:50,2026-05-07 14:50,24330.0,24353.85,24330.0,24348.2,3110756
2026-05-07,14:55,2026-05-07 14:55,24348.2,24362.7,24340.8,24352.65,4069751
2026-05-07,15:00,2026-05-07 15:00,24353.1,24363.1,24323.05,24337.85,33501829
2026-05-07,15:05,2026-05-07 15:05,24337.9,24345.5,24308.35,24318.55,18543441
2026-05-07,15:10,2026-05-07 15:10,24317.85,24318.4,24293.4,24303.1,12386826
2026-05-07,15:15,2026-05-07 15:15,24303.25,24329.7,24299.4,24328.65,12769604
2026-05-07,15:20,2026-05-07 15:20,24329.0,24329.0,24315.35,24318.85,12217877
2026-05-07,15:25,2026-05-07 15:25,24319.7,24339.05,24318.25,24336.4,11003239
2026-05-07,15:30,2026-05-07 15:30,24336.4,24336.4,24336.4,24336.4,1525801
2026-05-08,09:15,2026-05-08 09:15,24233.65,24246.05,24158.15,24219.3,17764796
2026-05-08,09:20,2026-05-08 09:20,24218.4,24253.8,24209.0,24215.0,8466168
2026-05-08,09:25,2026-05-08 09:25,24216.4,24245.75,24210.5,24244.15,6215638
2026-05-08,09:30,2026-05-08 09:30,24244.3,24244.95,24184.6,24207.15,6829168
2026-05-08,09:35,2026-05-08 09:35,24209.1,24209.1,24187.55,24191.2,5230727
2026-05-08,09:40,2026-05-08 09:40,24192.0,24192.3,24167.75,24167.75,5113920
2026-05-08,09:45,2026-05-08 09:45,24169.05,24175.05,24138.4,24168.55,6017546
2026-05-08,09:50,2026-05-08 09:50,24170.05,24183.7,24161.8,24182.25,3891853
2026-05-08,09:55,2026-05-08 09:55,24183.35,24199.65,24181.15,24198.45,3594159
2026-05-08,10:00,2026-05-08 10:00,24199.15,24202.85,24187.6,24194.25,3478152
2026-05-08,10:05,2026-05-08 10:05,24195.8,24199.1,24193.0,24196.1,2531630
2026-05-08,10:10,2026-05-08 10:10,24197.0,24213.7,24175.1,24211.3,2941488
2026-05-08,10:15,2026-05-08 10:15,24213.8,24214.3,24181.25,24206.8,3324421
2026-05-08,10:20,2026-05-08 10:20,24208.75,24232.25,24204.55,24231.5,3725008
2026-05-08,10:25,2026-05-08 10:25,24232.5,24243.95,24226.0,24238.05,3442321
2026-05-08,10:30,2026-05-08 10:30,24238.85,24242.55,24229.85,24232.3,3435539
2026-05-08,10:35,2026-05-08 10:35,24232.65,24237.1,24226.35,24230.75,2526291
2026-05-08,10:40,2026-05-08 10:40,24232.05,24241.3,24226.9,24232.25,2392852
2026-05-08,10:45,2026-05-08 10:45,24233.65,24239.85,24222.4,24222.4,2030899
2026-05-08,10:50,2026-05-08 10:50,24223.75,24223.75,24204.1,24206.35,2708464
2026-05-08,10:55,2026-05-08 10:55,24207.55,24208.6,24195.95,24195.95,2429392
2026-05-08,11:00,2026-05-08 11:00,24197.8,24230.7,24193.85,24225.25,3216963
2026-05-08,11:05,2026-05-08 11:05,24226.6,24237.05,24221.6,24225.15,3783354
2026-05-08,11:10,2026-05-08 11:10,24226.35,24233.5,24221.5,24233.0,2268263
2026-05-08,11:15,2026-05-08 11:15,24234.8,24241.65,24212.45,24212.5,2514887
2026-05-08,11:20,2026-05-08 11:20,24214.3,24224.15,24197.4,24205.0,2421491
2026-05-08,11:25,2026-05-08 11:25,24205.95,24209.2,24195.95,24198.35,2220458
2026-05-08,11:30,2026-05-08 11:30,24199.9,24210.9,24185.6,24207.5,2466699
2026-05-08,11:35,2026-05-08 11:35,24209.15,24209.15,24199.5,24206.05,3127487
2026-05-08,11:40,2026-05-08 11:40,24207.15,24212.95,24199.45,24199.45,2448969
2026-05-08,11:45,2026-05-08 11:45,24200.6,24208.4,24195.75,24199.85,2944598
2026-05-08,11:50,2026-05-08 11:50,24200.85,24209.8,24197.85,24204.3,3538275
2026-05-08,11:55,2026-05-08 11:55,24205.15,24207.35,24190.2,24205.85,2425928
2026-05-08,12:00,2026-05-08 12:00,24206.0,24212.0,24187.45,24200.9,2607023
2026-05-08,12:05,2026-05-08 12:05,24202.0,24203.65,24177.25,24178.95,2799028
2026-05-08,12:10,2026-05-08 12:10,24179.5,24188.2,24172.2,24184.2,2651597
2026-05-08,12:15,2026-05-08 12:15,24185.2,24189.4,24170.05,24188.6,2735371
2026-05-08,12:20,2026-05-08 12:20,24190.05,24198.2,24178.25,24185.8,4664425
2026-05-08,12:25,2026-05-08 12:25,24187.05,24198.45,24185.45,24196.1,1795260
2026-05-08,12:30,2026-05-08 12:30,24195.25,24196.6,24169.4,24177.6,3010797
2026-05-08,12:35,2026-05-08 12:35,24178.65,24181.65,24168.85,24171.55,2658670
2026-05-08,12:40,2026-05-08 12:40,24173.15,24177.65,24164.1,24164.3,1895330
2026-05-08,12:45,2026-05-08 12:45,24166.0,24171.3,24150.95,24170.45,3036182
2026-05-08,12:50,2026-05-08 12:50,24171.3,24175.05,24159.7,24170.9,2295063
2026-05-08,12:55,2026-05-08 12:55,24172.95,24175.7,24160.45,24163.4,2279815
2026-05-08,13:00,2026-05-08 13:00,24165.55,24167.9,24157.4,24158.7,4421127
2026-05-08,13:05,2026-05-08 13:05,24159.45,24177.45,24157.9,24175.4,2659968
2026-05-08,13:10,2026-05-08 13:10,24176.25,24178.05,24164.55,24167.0,2863824
2026-05-08,13:15,2026-05-08 13:15,24169.55,24170.7,24156.9,24162.95,1898893
2026-05-08,13:20,2026-05-08 13:20,24164.25,24170.7,24157.45,24166.7,2819714
2026-05-08,13:25,2026-05-08 13:25,24168.7,24198.4,24165.25,24195.45,3062826
2026-05-08,13:30,2026-05-08 13:30,24196.65,24202.65,24180.3,24184.4,3032064
2026-05-08,13:35,2026-05-08 13:35,24186.05,24188.05,24166.5,24172.15,2000386
2026-05-08,13:40,2026-05-08 13:40,24174.35,24182.25,24169.65,24170.95,2235692
2026-05-08,13:45,2026-05-08 13:45,24173.35,24178.65,24170.1,24173.65,1878106
2026-05-08,13:50,2026-05-08 13:50,24176.05,24176.5,24150.75,24174.7,3454731
2026-05-08,13:55,2026-05-08 13:55,24174.95,24181.25,24128.35,24137.2,7045839
2026-05-08,14:00,2026-05-08 14:00,24139.15,24155.25,24126.65,24145.6,6692657
2026-05-08,14:05,2026-05-08 14:05,24148.45,24178.3,24145.95,24177.95,6758724
2026-05-08,14:10,2026-05-08 14:10,24179.1,24179.5,24145.85,24145.85,6866910
2026-05-08,14:15,2026-05-08 14:15,24147.35,24166.75,24143.5,24147.2,5854004
2026-05-08,14:20,2026-05-08 14:20,24148.1,24164.2,24141.75,24147.85,6660881
2026-05-08,14:25,2026-05-08 14:25,24150.4,24170.75,24149.05,24169.65,5384641
2026-05-08,14:30,2026-05-08 14:30,24170.1,24207.05,24168.55,24195.45,6459692
2026-05-08,14:35,2026-05-08 14:35,24196.35,24223.75,24193.5,24218.65,7188822
2026-05-08,14:40,2026-05-08 14:40,24220.55,24235.85,24219.25,24231.7,6293450
2026-05-08,14:45,2026-05-08 14:45,24233.55,24236.9,24220.1,24232.2,5324407
2026-05-08,14:50,2026-05-08 14:50,24234.05,24240.25,24228.8,24231.0,4168627
2026-05-08,14:55,2026-05-08 14:55,24232.75,24235.3,24206.6,24213.65,5962956
2026-05-08,15:00,2026-05-08 15:00,24215.1,24215.1,24168.35,24170.3,8515653
2026-05-08,15:05,2026-05-08 15:05,24171.1,24185.5,24169.75,24179.7,7663311
2026-05-08,15:10,2026-05-08 15:10,24180.35,24189.0,24172.4,24180.85,7760990
2026-05-08,15:15,2026-05-08 15:15,24180.6,24196.9,24170.5,24175.6,10289743
2026-05-08,15:20,2026-05-08 15:20,24174.05,24174.95,24163.5,24170.7,11355042
2026-05-08,15:25,2026-05-08 15:25,24170.55,24180.65,24169.7,24179.8,9738311
2026-05-11,09:15,2026-05-11 09:15,23970.1,23986.8,23897.2,23918.75,19323916
2026-05-11,09:20,2026-05-11 09:20,23919.05,23942.6,23895.55,23937.45,10202909
2026-05-11,09:25,2026-05-11 09:25,23936.8,23956.3,23918.7,23953.25,7629155
2026-05-11,09:30,2026-05-11 09:30,23952.2,23959.55,23917.05,23930.7,7431654
2026-05-11,09:35,2026-05-11 09:35,23930.6,23931.3,23874.7,23881.8,6682698
2026-05-11,09:40,2026-05-11 09:40,23881.35,23898.15,23864.1,23865.65,6264739
2026-05-11,09:45,2026-05-11 09:45,23866.15,23889.85,23864.2,23885.0,6864320
2026-05-11,09:50,2026-05-11 09:50,23885.35,23893.5,23870.5,23892.75,4757421
2026-05-11,09:55,2026-05-11 09:55,23893.7,23899.95,23868.2,23874.25,4873135
2026-05-11,10:00,2026-05-11 10:00,23874.6,23897.4,23873.25,23893.15,4345690
2026-05-11,10:05,2026-05-11 10:05,23892.9,23903.7,23887.1,23899.15,3587648
2026-05-11,10:10,2026-05-11 10:10,23899.6,23902.8,23887.3,23893.4,4504638
2026-05-11,10:15,2026-05-11 10:15,23894.75,23896.25,23850.25,23851.25,4777228
2026-05-11,10:20,2026-05-11 10:20,23850.85,23877.5,23845.3,23871.7,4328159
2026-05-11,10:25,2026-05-11 10:25,23871.2,23878.3,23864.3,23869.2,4338613
2026-05-11,10:30,2026-05-11 10:30,23868.45,23874.5,23860.15,23870.05,3744566
2026-05-11,10:35,2026-05-11 10:35,23870.3,23874.8,23847.45,23863.15,4346686
2026-05-11,10:40,2026-05-11 10:40,23862.65,23865.15,23851.6,23860.1,3029639
2026-05-11,10:45,2026-05-11 10:45,23859.95,23863.35,23850.85,23860.4,3248884
2026-05-11,10:50,2026-05-11 10:50,23860.15,23890.65,23859.2,23889.85,5377337
2026-05-11,10:55,2026-05-11 10:55,23890.1,23892.5,23882.1,23886.95,3597311
2026-05-11,11:00,2026-05-11 11:00,23887.0,23897.35,23878.55,23896.2,3861494
2026-05-11,11:05,2026-05-11 11:05,23895.8,23907.3,23893.35,23903.25,3296000
2026-05-11,11:10,2026-05-11 11:10,23902.9,23922.55,23902.9,23914.6,4225658
2026-05-11,11:15,2026-05-11 11:15,23914.6,23921.7,23910.4,23918.3,4597554
2026-05-11,11:20,2026-05-11 11:20,23918.65,23942.95,23918.2,23926.2,4545315
2026-05-11,11:25,2026-05-11 11:25,23926.2,23934.95,23913.25,23927.8,4466996
2026-05-11,11:30,2026-05-11 11:30,23928.2,23930.85,23907.25,23924.6,3926989
2026-05-11,11:35,2026-05-11 11:35,23925.1,23936.1,23916.95,23936.1,3255232
2026-05-11,11:40,2026-05-11 11:40,23936.05,23952.7,23932.9,23949.4,4004327
2026-05-11,11:45,2026-05-11 11:45,23949.55,23956.9,23920.35,23921.25,4263965
2026-05-11,11:50,2026-05-11 11:50,23922.1,23941.0,23921.4,23937.75,3414798
2026-05-11,11:55,2026-05-11 11:55,23937.7,23939.0,23923.65,23930.9,3164071
2026-05-11,12:00,2026-05-11 12:00,23931.25,23937.8,23922.5,23923.7,3120865
2026-05-11,12:05,2026-05-11 12:05,23923.7,23943.95,23920.3,23939.3,4166449
2026-05-11,12:10,2026-05-11 12:10,23939.45,23942.4,23930.4,23935.55,3251273
2026-05-11,12:15,2026-05-11 12:15,23935.2,23942.55,23926.65,23938.0,4611748
2026-05-11,12:20,2026-05-11 12:20,23938.2,23943.95,23928.85,23942.5,3255682
2026-05-11,12:25,2026-05-11 12:25,23942.2,23945.05,23928.05,23929.05,3984298
2026-05-11,12:30,2026-05-11 12:30,23928.9,23930.2,23908.45,23924.3,4238442
2026-05-11,12:35,2026-05-11 12:35,23924.7,23933.9,23902.45,23913.1,3975641
2026-05-11,12:40,2026-05-11 12:40,23913.8,23954.95,23913.7,23950.35,4193095
2026-05-11,12:45,2026-05-11 12:45,23949.7,23954.65,23936.55,23940.9,2580230
2026-05-11,12:50,2026-05-11 12:50,23940.95,23951.9,23932.0,23938.3,3487877
2026-05-11,12:55,2026-05-11 12:55,23938.25,23951.75,23937.4,23945.55,3470096
2026-05-11,13:00,2026-05-11 13:00,23945.4,23946.2,23918.3,23918.7,4071317
2026-05-11,13:05,2026-05-11 13:05,23918.55,23939.2,23905.05,23939.15,4476579
2026-05-11,13:10,2026-05-11 13:10,23939.2,23949.8,23932.5,23949.8,3966745
2026-05-11,13:15,2026-05-11 13:15,23949.9,23950.9,23934.5,23934.95,3443510
2026-05-11,13:20,2026-05-11 13:20,23935.35,23950.7,23935.35,23949.5,2669952
2026-05-11,13:25,2026-05-11 13:25,23950.65,23953.3,23940.4,23946.35,2346587
2026-05-11,13:30,2026-05-11 13:30,23946.1,23955.15,23943.35,23950.7,3157472
2026-05-11,13:35,2026-05-11 13:35,23950.6,23988.25,23949.8,23952.1,5025214
2026-05-11,13:40,2026-05-11 13:40,23952.05,23973.75,23946.35,23965.45,3092823
2026-05-11,13:45,2026-05-11 13:45,23966.55,23987.55,23965.7,23979.8,3441936
2026-05-11,13:50,2026-05-11 13:50,23978.85,23997.45,23975.75,23993.95,4835981
2026-05-11,13:55,2026-05-11 13:55,23994.3,23997.0,23966.25,23966.45,2998462
2026-05-11,14:00,2026-05-11 14:00,23966.45,23973.25,23957.95,23963.55,5127101
2026-05-11,14:05,2026-05-11 14:05,23963.35,23973.5,23958.05,23958.95,2965188
2026-05-11,14:10,2026-05-11 14:10,23958.95,23967.15,23943.1,23946.3,3069373
2026-05-11,14:15,2026-05-11 14:15,23945.25,23954.1,23933.95,23939.75,5462440
2026-05-11,14:20,2026-05-11 14:20,23939.55,23949.5,23939.15,23941.7,4658208
2026-05-11,14:25,2026-05-11 14:25,23941.6,23942.9,23922.15,23931.9,4472995
2026-05-11,14:30,2026-05-11 14:30,23931.95,23953.55,23926.15,23953.0,4754249
2026-05-11,14:35,2026-05-11 14:35,23952.9,23957.85,23921.75,23926.1,4665425
2026-05-11,14:40,2026-05-11 14:40,23925.95,23931.3,23904.2,23916.35,4154456
2026-05-11,14:45,2026-05-11 14:45,23916.6,23924.35,23883.1,23889.9,8501581
2026-05-11,14:50,2026-05-11 14:50,23889.95,23914.15,23888.25,23894.15,5052472
2026-05-11,14:55,2026-05-11 14:55,23894.05,23896.85,23875.9,23875.9,5276613
2026-05-11,15:00,2026-05-11 15:00,23878.55,23879.7,23820.9,23830.7,11223911
2026-05-11,15:05,2026-05-11 15:05,23830.45,23832.7,23809.75,23817.45,10232099
2026-05-11,15:10,2026-05-11 15:10,23817.7,23824.05,23801.4,23805.75,12009345
2026-05-11,15:15,2026-05-11 15:15,23806.2,23820.25,23802.85,23803.8,12082016
2026-05-11,15:20,2026-05-11 15:20,23804.6,23813.25,23799.1,23810.15,12533458
2026-05-11,15:25,2026-05-11 15:25,23810.5,23820.35,23802.4,23820.35,11929521
2026-05-11,15:30,2026-05-11 15:30,23820.35,23820.35,23820.35,23820.35,1876616
2026-05-12,09:15,2026-05-12 09:15,23722.6,23757.55,23689.1,23736.9,20154312
2026-05-12,09:20,2026-05-12 09:20,23737.8,23737.8,23684.0,23684.2,12399161
2026-05-12,09:25,2026-05-12 09:25,23685.45,23685.45,23633.1,23638.3,9730725
2026-05-12,09:30,2026-05-12 09:30,23638.95,23643.75,23617.7,23634.05,8461259
2026-05-12,09:35,2026-05-12 09:35,23634.65,23649.15,23620.5,23626.15,7693349
2026-05-12,09:40,2026-05-12 09:40,23626.35,23657.85,23624.45,23640.65,5367833
2026-05-12,09:45,2026-05-12 09:45,23640.75,23650.15,23628.85,23638.2,6033114
2026-05-12,09:50,2026-05-12 09:50,23638.4,23646.7,23632.1,23638.25,6454306
2026-05-12,09:55,2026-05-12 09:55,23638.55,23652.2,23624.55,23625.85,6747168
2026-05-12,10:00,2026-05-12 10:00,23627.0,23635.25,23619.8,23630.2,5111572
2026-05-12,10:05,2026-05-12 10:05,23630.45,23642.55,23613.55,23636.1,5177429
2026-05-12,10:10,2026-05-12 10:10,23636.4,23655.4,23629.15,23651.4,5244135
2026-05-12,10:15,2026-05-12 10:15,23652.05,23668.25,23647.75,23668.25,4795357
2026-05-12,10:20,2026-05-12 10:20,23669.25,23675.2,23627.85,23630.3,4770535
2026-05-12,10:25,2026-05-12 10:25,23631.8,23634.15,23605.05,23613.25,4073932
2026-05-12,10:30,2026-05-12 10:30,23613.55,23617.05,23603.7,23607.65,5796487
2026-05-12,10:35,2026-05-12 10:35,23609.2,23620.2,23596.35,23605.3,5767236
2026-05-12,10:40,2026-05-12 10:40,23606.6,23638.65,23602.55,23627.55,5799441
2026-05-12,10:45,2026-05-12 10:45,23628.05,23629.6,23599.3,23603.25,4434265
2026-05-12,10:50,2026-05-12 10:50,23603.75,23611.15,23600.8,23605.25,3696787
2026-05-12,10:55,2026-05-12 10:55,23605.85,23623.45,23602.65,23614.7,4166495
2026-05-12,11:00,2026-05-12 11:00,23615.1,23615.65,23584.35,23590.6,5126482
2026-05-12,11:05,2026-05-12 11:05,23590.6,23597.7,23577.85,23590.4,4937300
2026-05-12,11:10,2026-05-12 11:10,23590.95,23595.1,23585.65,23589.35,4328464
2026-05-12,11:15,2026-05-12 11:15,23589.6,23612.25,23585.85,23608.05,5210930
2026-05-12,11:20,2026-05-12 11:20,23608.55,23613.4,23589.4,23589.6,5459481
2026-05-12,11:25,2026-05-12 11:25,23590.95,23604.55,23588.7,23588.9,4563039
2026-05-12,11:30,2026-05-12 11:30,23589.5,23600.2,23578.65,23597.25,4666189
2026-05-12,11:35,2026-05-12 11:35,23597.4,23601.85,23579.9,23598.0,3220525
2026-05-12,11:40,2026-05-12 11:40,23599.15,23607.65,23591.95,23602.7,2902426
2026-05-12,11:45,2026-05-12 11:45,23603.95,23604.55,23584.35,23594.7,3907055
2026-05-12,11:50,2026-05-12 11:50,23596.15,23605.8,23584.75,23600.05,3209933
2026-05-12,11:55,2026-05-12 11:55,23601.8,23612.85,23595.85,23597.5,3776376
2026-05-12,12:00,2026-05-12 12:00,23598.45,23599.55,23581.9,23586.3,4141095
2026-05-12,12:05,2026-05-12 12:05,23587.25,23589.25,23556.15,23558.1,3071258
2026-05-12,12:10,2026-05-12 12:10,23559.95,23570.0,23551.3,23557.8,3433342
2026-05-12,12:15,2026-05-12 12:15,23559.5,23580.05,23555.1,23572.9,3521557
2026-05-12,12:20,2026-05-12 12:20,23573.75,23575.9,23559.0,23566.5,4375787
2026-05-12,12:25,2026-05-12 12:25,23567.6,23568.75,23554.7,23557.3,3185762
2026-05-12,12:30,2026-05-12 12:30,23557.8,23558.95,23521.8,23522.3,4785706
2026-05-12,12:35,2026-05-12 12:35,23523.4,23526.8,23508.35,23516.2,3477499
2026-05-12,12:40,2026-05-12 12:40,23517.35,23532.7,23513.1,23526.15,2989576
2026-05-12,12:45,2026-05-12 12:45,23527.25,23540.1,23516.4,23526.85,3822789
2026-05-12,12:50,2026-05-12 12:50,23527.3,23535.0,23513.3,23513.35,2890110
2026-05-12,12:55,2026-05-12 12:55,23515.2,23532.85,23514.75,23524.55,3153041
2026-05-12,13:00,2026-05-12 13:00,23525.15,23533.65,23519.55,23530.6,3228455
2026-05-12,13:05,2026-05-12 13:05,23531.7,23532.2,23510.85,23510.85,3706186
2026-05-12,13:10,2026-05-12 13:10,23511.95,23536.8,23506.0,23536.8,4810652
2026-05-12,13:15,2026-05-12 13:15,23538.05,23564.05,23536.25,23542.8,5257771
2026-05-12,13:20,2026-05-12 13:20,23544.0,23545.2,23526.45,23527.55,3999569
2026-05-12,13:25,2026-05-12 13:25,23528.35,23539.5,23524.25,23531.05,4737133
2026-05-12,13:30,2026-05-12 13:30,23532.45,23550.2,23528.75,23529.45,3502298
2026-05-12,13:35,2026-05-12 13:35,23530.45,23535.3,23511.0,23514.0,4467153
2026-05-12,13:40,2026-05-12 13:40,23515.5,23518.4,23496.55,23506.8,4218747
2026-05-12,13:45,2026-05-12 13:45,23510.05,23519.35,23493.45,23513.4,3841274
2026-05-12,13:50,2026-05-12 13:50,23515.05,23530.85,23495.85,23495.85,4466212
2026-05-12,13:55,2026-05-12 13:55,23500.05,23502.45,23489.4,23491.5,3955680
2026-05-12,14:00,2026-05-12 14:00,23492.8,23496.9,23477.5,23481.5,5471165
2026-05-12,14:05,2026-05-12 14:05,23484.05,23490.7,23461.4,23465.0,5012468
2026-05-12,14:10,2026-05-12 14:10,23466.25,23467.95,23447.85,23457.5,4139255
2026-05-12,14:15,2026-05-12 14:15,23458.75,23472.75,23452.1,23460.15,4421988
2026-05-12,14:20,2026-05-12 14:20,23460.5,23492.7,23453.1,23486.25,5308233
2026-05-12,14:25,2026-05-12 14:25,23487.3,23487.3,23459.25,23468.6,4182074
2026-05-12,14:30,2026-05-12 14:30,23469.35,23471.3,23437.3,23438.35,5574757
2026-05-12,14:35,2026-05-12 14:35,23439.2,23470.95,23434.45,23462.95,4880669
2026-05-12,14:40,2026-05-12 14:40,23463.95,23472.25,23456.25,23463.6,5215092
2026-05-12,14:45,2026-05-12 14:45,23464.9,23474.6,23458.45,23463.8,8566992
2026-05-12,14:50,2026-05-12 14:50,23464.95,23466.4,23428.35,23433.75,8125280
2026-05-12,14:55,2026-05-12 14:55,23435.35,23435.65,23413.5,23421.25,5345651
2026-05-12,15:00,2026-05-12 15:00,23422.5,23423.65,23366.4,23390.9,19515010
2026-05-12,15:05,2026-05-12 15:05,23393.25,23393.7,23357.25,23363.55,16240298
2026-05-12,15:10,2026-05-12 15:10,23363.95,23375.7,23348.4,23354.8,15452181
2026-05-12,15:15,2026-05-12 15:15,23356.0,23386.55,23355.6,23386.55,14299249
2026-05-12,15:20,2026-05-12 15:20,23386.75,23391.8,23377.55,23389.75,13657581
2026-05-12,15:25,2026-05-12 15:25,23391.25,23434.85,23383.55,23430.55,12238356
2026-05-12,15:30,2026-05-12 15:30,23429.55,23429.55,23429.55,23429.55,1527037
2026-05-13,09:15,2026-05-13 09:15,23362.45,23503.8,23362.45,23405.4,18995787
2026-05-13,09:20,2026-05-13 09:20,23405.45,23441.15,23379.9,23437.9,9697112
2026-05-13,09:25,2026-05-13 09:25,23438.4,23439.95,23367.05,23367.05,8950386
2026-05-13,09:30,2026-05-13 09:30,23367.7,23387.65,23335.7,23337.95,6578906
2026-05-13,09:35,2026-05-13 09:35,23337.3,23339.35,23262.55,23276.5,7911384
2026-05-13,09:40,2026-05-13 09:40,23275.5,23314.2,23264.45,23308.5,5595743
2026-05-13,09:45,2026-05-13 09:45,23308.9,23327.0,23287.1,23298.75,5242556
2026-05-13,09:50,2026-05-13 09:50,23299.05,23372.45,23298.6,23367.6,6753838
2026-05-13,09:55,2026-05-13 09:55,23367.25,23389.7,23344.7,23372.45,5307248
2026-05-13,10:00,2026-05-13 10:00,23371.15,23392.45,23354.15,23392.45,5767232
2026-05-13,10:05,2026-05-13 10:05,23392.6,23426.25,23392.2,23407.4,5021685
2026-05-13,10:10,2026-05-13 10:10,23407.5,23411.4,23381.25,23403.05,4440439
2026-05-13,10:15,2026-05-13 10:15,23403.2,23440.55,23398.45,23436.05,5091285
2026-05-13,10:20,2026-05-13 10:20,23435.8,23463.95,23435.8,23460.85,6329492
2026-05-13,10:25,2026-05-13 10:25,23460.85,23477.8,23452.1,23452.45,6900955
2026-05-13,10:30,2026-05-13 10:30,23452.25,23478.6,23443.35,23475.9,5411411
2026-05-13,10:35,2026-05-13 10:35,23475.5,23476.55,23423.6,23429.1,4592596
2026-05-13,10:40,2026-05-13 10:40,23429.85,23466.1,23429.25,23464.0,5301544
2026-05-13,10:45,2026-05-13 10:45,23464.05,23472.45,23445.4,23445.6,3824608
2026-05-13,10:50,2026-05-13 10:50,23445.65,23459.0,23437.3,23440.75,4478463
2026-05-13,10:55,2026-05-13 10:55,23441.15,23443.15,23374.8,23374.8,4376214
2026-05-13,11:00,2026-05-13 11:00,23374.8,23409.4,23368.05,23402.05,3963991
2026-05-13,11:05,2026-05-13 11:05,23401.45,23404.3,23382.6,23400.45,4650874
2026-05-13,11:10,2026-05-13 11:10,23400.3,23405.2,23382.95,23403.95,5445117
2026-05-13,11:15,2026-05-13 11:15,23403.8,23416.45,23392.85,23409.4,3396331
2026-05-13,11:20,2026-05-13 11:20,23409.25,23416.0,23392.75,23409.6,2941675
2026-05-13,11:25,2026-05-13 11:25,23409.45,23410.7,23393.0,23399.0,3197483
2026-05-13,11:30,2026-05-13 11:30,23399.85,23410.8,23395.7,23406.95,3108947
2026-05-13,11:35,2026-05-13 11:35,23405.75,23468.5,23405.15,23468.5,4248200
2026-05-13,11:40,2026-05-13 11:40,23468.6,23498.85,23466.6,23498.6,5655419
2026-05-13,11:45,2026-05-13 11:45,23499.0,23509.9,23480.55,23482.55,4824862
2026-05-13,11:50,2026-05-13 11:50,23481.95,23500.25,23472.85,23474.5,3346905
2026-05-13,11:55,2026-05-13 11:55,23473.15,23488.9,23466.0,23466.1,3819296
2026-05-13,12:00,2026-05-13 12:00,23465.45,23488.75,23465.45,23486.65,4099491
2026-05-13,12:05,2026-05-13 12:05,23486.3,23499.3,23481.7,23497.7,4132874
2026-05-13,12:10,2026-05-13 12:10,23496.85,23514.15,23492.6,23512.75,4244302
2026-05-13,12:15,2026-05-13 12:15,23511.95,23518.7,23479.05,23497.95,4627294
2026-05-13,12:20,2026-05-13 12:20,23497.15,23497.65,23483.65,23488.5,4619711
2026-05-13,12:25,2026-05-13 12:25,23488.2,23495.9,23481.75,23491.0,3493927
2026-05-13,12:30,2026-05-13 12:30,23489.5,23497.05,23474.4,23478.95,3394779
2026-05-13,12:35,2026-05-13 12:35,23478.95,23484.25,23449.5,23465.25,5061279
2026-05-13,12:40,2026-05-13 12:40,23465.0,23466.0,23423.3,23453.9,5481960
2026-05-13,12:45,2026-05-13 12:45,23453.55,23469.75,23449.65,23468.45,2916651
2026-05-13,12:50,2026-05-13 12:50,23468.2,23526.85,23467.65,23525.85,5541598
2026-05-13,12:55,2026-05-13 12:55,23525.85,23579.6,23525.85,23577.95,6688179
2026-05-13,13:00,2026-05-13 13:00,23578.1,23582.95,23549.35,23559.35,5865545
2026-05-13,13:05,2026-05-13 13:05,23558.65,23561.95,23528.3,23532.45,3915021
2026-05-13,13:10,2026-05-13 13:10,23531.5,23553.6,23530.1,23538.5,3960341
2026-05-13,13:15,2026-05-13 13:15,23538.0,23538.95,23494.4,23505.1,3345827
2026-05-13,13:20,2026-05-13 13:20,23505.15,23514.55,23495.1,23508.3,3298884
2026-05-13,13:25,2026-05-13 13:25,23508.5,23512.7,23490.55,23496.75,3448223
2026-05-13,13:30,2026-05-13 13:30,23492.05,23540.5,23492.05,23533.55,3575513
2026-05-13,13:35,2026-05-13 13:35,23532.85,23539.15,23516.95,23535.55,2662337
2026-05-13,13:40,2026-05-13 13:40,23535.9,23538.75,23520.8,23523.35,2759329
2026-05-13,13:45,2026-05-13 13:45,23522.05,23535.0,23504.55,23511.75,3417051
2026-05-13,13:50,2026-05-13 13:50,23510.75,23522.0,23507.1,23508.0,2672094
2026-05-13,13:55,2026-05-13 13:55,23508.0,23509.6,23480.25,23499.8,3908494
2026-05-13,14:00,2026-05-13 14:00,23499.85,23512.3,23481.8,23490.15,5601770
2026-05-13,14:05,2026-05-13 14:05,23489.85,23513.45,23489.85,23513.0,3776139
2026-05-13,14:10,2026-05-13 14:10,23512.9,23525.0,23507.65,23516.8,3230471
2026-05-13,14:15,2026-05-13 14:15,23516.5,23522.4,23483.25,23483.45,3187679
2026-05-13,14:20,2026-05-13 14:20,23482.35,23514.3,23469.8,23510.55,5479026
2026-05-13,14:25,2026-05-13 14:25,23509.5,23516.35,23481.4,23491.35,4905764
2026-05-13,14:30,2026-05-13 14:30,23491.05,23502.95,23490.2,23498.15,6911236
2026-05-13,14:35,2026-05-13 14:35,23497.4,23504.4,23487.7,23500.15,5134772
2026-05-13,14:40,2026-05-13 14:40,23499.7,23501.5,23465.2,23467.5,5914523
2026-05-13,14:45,2026-05-13 14:45,23468.2,23484.35,23446.65,23482.85,7028462
2026-05-13,14:50,2026-05-13 14:50,23482.7,23490.85,23469.55,23485.1,4303584
2026-05-13,14:55,2026-05-13 14:55,23483.95,23486.65,23474.25,23479.2,4585854
2026-05-13,15:00,2026-05-13 15:00,23476.75,23478.7,23416.25,23418.3,11537841
2026-05-13,15:05,2026-05-13 15:05,23418.8,23425.7,23402.85,23423.95,10420084
2026-05-13,15:10,2026-05-13 15:10,23423.35,23426.25,23405.0,23425.7,9901830
2026-05-13,15:15,2026-05-13 15:15,23425.4,23428.25,23411.75,23412.7,10310366
2026-05-13,15:20,2026-05-13 15:20,23412.55,23414.85,23394.35,23398.25,13746359
2026-05-13,15:25,2026-05-13 15:25,23397.35,23436.95,23397.35,23428.7,12241721
2026-05-14,09:15,2026-05-14 09:15,23530.25,23581.5,23515.6,23550.05,20720448
2026-05-14,09:20,2026-05-14 09:20,23549.9,23575.65,23548.9,23569.45,11143041
2026-05-14,09:25,2026-05-14 09:25,23569.7,23589.2,23564.3,23581.3,6377162
2026-05-14,09:30,2026-05-14 09:30,23581.35,23586.2,23562.8,23564.3,6704507
2026-05-14,09:35,2026-05-14 09:35,23565.5,23569.95,23523.85,23524.5,7103011
2026-05-14,09:40,2026-05-14 09:40,23525.75,23526.3,23493.8,23496.8,7035474
2026-05-14,09:45,2026-05-14 09:45,23499.0,23532.95,23490.2,23492.65,6816649
2026-05-14,09:50,2026-05-14 09:50,23494.05,23502.8,23468.65,23471.45,6480568
2026-05-14,09:55,2026-05-14 09:55,23473.2,23479.35,23446.7,23464.45,5733854
2026-05-14,10:00,2026-05-14 10:00,23466.1,23492.6,23455.45,23482.55,4615640
2026-05-14,10:05,2026-05-14 10:05,23483.8,23490.35,23459.65,23484.95,4402201
2026-05-14,10:10,2026-05-14 10:10,23483.85,23496.35,23472.2,23495.8,3391879
2026-05-14,10:15,2026-05-14 10:15,23496.8,23513.7,23481.35,23513.7,5461058
2026-05-14,10:20,2026-05-14 10:20,23515.35,23516.25,23473.25,23494.55,4138624
2026-05-14,10:25,2026-05-14 10:25,23495.95,23517.5,23491.9,23506.4,3194401
2026-05-14,10:30,2026-05-14 10:30,23507.65,23519.4,23504.05,23519.05,3228888
2026-05-14,10:35,2026-05-14 10:35,23520.2,23537.5,23519.4,23529.4,3923188
2026-05-14,10:40,2026-05-14 10:40,23530.55,23533.25,23496.8,23497.25,3643607
2026-05-14,10:45,2026-05-14 10:45,23495.6,23495.6,23436.05,23437.2,5556806
2026-05-14,10:50,2026-05-14 10:50,23439.0,23480.6,23426.55,23473.0,6027768
2026-05-14,10:55,2026-05-14 10:55,23473.3,23473.75,23430.45,23430.45,4086132
2026-05-14,11:00,2026-05-14 11:00,23432.9,23444.15,23431.65,23435.25,3630019
2026-05-14,11:05,2026-05-14 11:05,23435.95,23446.4,23427.85,23432.1,4373224
2026-05-14,11:10,2026-05-14 11:10,23433.45,23461.35,23429.7,23459.15,3673421
2026-05-14,11:15,2026-05-14 11:15,23459.85,23502.95,23459.0,23502.95,5800523
2026-05-14,11:20,2026-05-14 11:20,23503.85,23549.25,23500.7,23543.15,5584285
2026-05-14,11:25,2026-05-14 11:25,23545.7,23577.8,23514.05,23567.4,5708897
2026-05-14,11:30,2026-05-14 11:30,23568.5,23610.35,23566.6,23604.65,5568903
2026-05-14,11:35,2026-05-14 11:35,23605.3,23634.2,23600.9,23628.05,6053151
2026-05-14,11:40,2026-05-14 11:40,23629.15,23669.45,23612.25,23668.6,7668387
2026-05-14,11:45,2026-05-14 11:45,23670.7,23683.55,23645.05,23681.25,8875385
2026-05-14,11:50,2026-05-14 11:50,23683.35,23702.5,23669.4,23673.75,6185867
2026-05-14,11:55,2026-05-14 11:55,23675.45,23689.3,23666.9,23684.6,5245260
2026-05-14,12:00,2026-05-14 12:00,23685.55,23685.55,23645.95,23650.6,5630925
2026-05-14,12:05,2026-05-14 12:05,23653.45,23669.3,23645.85,23650.65,4172477
2026-05-14,12:10,2026-05-14 12:10,23651.95,23668.25,23636.45,23667.4,3454940
2026-05-14,12:15,2026-05-14 12:15,23667.95,23708.1,23667.2,23681.65,4804381
2026-05-14,12:20,2026-05-14 12:20,23682.6,23699.1,23680.2,23696.25,3491129
2026-05-14,12:25,2026-05-14 12:25,23697.9,23708.3,23688.2,23692.65,4112621
2026-05-14,12:30,2026-05-14 12:30,23695.2,23701.25,23679.2,23682.7,3950837
2026-05-14,12:35,2026-05-14 12:35,23682.4,23690.15,23667.45,23677.35,3646932
2026-05-14,12:40,2026-05-14 12:40,23679.45,23702.9,23673.1,23701.7,4169163
2026-05-14,12:45,2026-05-14 12:45,23703.35,23713.0,23684.15,23710.55,5174843
2026-05-14,12:50,2026-05-14 12:50,23711.75,23711.75,23675.8,23684.95,4396546
2026-05-14,12:55,2026-05-14 12:55,23686.15,23697.1,23676.65,23689.0,3139410
2026-05-14,13:00,2026-05-14 13:00,23690.2,23739.65,23689.3,23738.45,4435512
2026-05-14,13:05,2026-05-14 13:05,23739.45,23747.8,23721.55,23722.75,3606755
2026-05-14,13:10,2026-05-14 13:10,23723.4,23726.7,23695.9,23713.55,4223972
2026-05-14,13:15,2026-05-14 13:15,23715.25,23732.85,23709.65,23721.15,4333674
2026-05-14,13:20,2026-05-14 13:20,23722.15,23727.3,23710.65,23710.75,5751410
2026-05-14,13:25,2026-05-14 13:25,23711.9,23729.5,23709.9,23715.15,6816661
2026-05-14,13:30,2026-05-14 13:30,23718.1,23739.55,23709.3,23737.85,3385901
2026-05-14,13:35,2026-05-14 13:35,23741.3,23760.45,23735.75,23739.25,4571392
2026-05-14,13:40,2026-05-14 13:40,23740.55,23758.6,23738.05,23752.55,4867075
2026-05-14,13:45,2026-05-14 13:45,23753.8,23763.65,23735.45,23740.9,6503972
2026-05-14,13:50,2026-05-14 13:50,23742.5,23753.5,23725.95,23747.85,4422424
2026-05-14,13:55,2026-05-14 13:55,23749.95,23756.15,23738.2,23751.35,5351839
2026-05-14,14:00,2026-05-14 14:00,23751.85,23758.5,23740.0,23751.05,3459112
2026-05-14,14:05,2026-05-14 14:05,23753.7,23768.75,23745.35,23758.05,4819024
2026-05-14,14:10,2026-05-14 14:10,23759.6,23765.2,23741.45,23744.55,3864833
2026-05-14,14:15,2026-05-14 14:15,23746.45,23757.6,23724.4,23724.9,4027089
2026-05-14,14:20,2026-05-14 14:20,23727.35,23743.45,23719.8,23740.2,3535784
2026-05-14,14:25,2026-05-14 14:25,23741.5,23757.8,23740.9,23755.35,3994933
2026-05-14,14:30,2026-05-14 14:30,23756.1,23777.2,23750.15,23758.85,5843130
2026-05-14,14:35,2026-05-14 14:35,23760.7,23761.05,23725.95,23737.75,6382569
2026-05-14,14:40,2026-05-14 14:40,23739.75,23742.6,23722.3,23730.1,5575758
2026-05-14,14:45,2026-05-14 14:45,23729.85,23733.0,23693.2,23694.7,6671242
2026-05-14,14:50,2026-05-14 14:50,23695.5,23716.75,23692.35,23702.4,5405556
2026-05-14,14:55,2026-05-14 14:55,23702.85,23722.9,23688.25,23710.15,5401226
2026-05-14,15:00,2026-05-14 15:00,23711.65,23713.25,23690.2,23706.2,9783611
2026-05-14,15:05,2026-05-14 15:05,23707.65,23707.65,23670.2,23672.9,10577779
2026-05-14,15:10,2026-05-14 15:10,23673.8,23691.95,23670.9,23683.8,10188838
2026-05-14,15:15,2026-05-14 15:15,23684.1,23691.0,23668.15,23687.3,9706649
2026-05-14,15:20,2026-05-14 15:20,23687.25,23697.25,23679.35,23696.6,9922811
2026-05-14,15:25,2026-05-14 15:25,23695.75,23719.55,23688.1,23713.75,9751898
2026-05-15,09:15,2026-05-15 09:15,23731.4,23774.95,23663.35,23719.1,25938788
2026-05-15,09:20,2026-05-15 09:20,23719.1,23765.7,23707.3,23764.9,13191942
2026-05-15,09:25,2026-05-15 09:25,23764.95,23796.95,23751.85,23787.9,10067103
2026-05-15,09:30,2026-05-15 09:30,23787.3,23790.25,23748.5,23749.6,9858479
2026-05-15,09:35,2026-05-15 09:35,23748.8,23772.9,23734.1,23770.8,7434415
2026-05-15,09:40,2026-05-15 09:40,23770.65,23803.15,23769.6,23802.1,7251691
2026-05-15,09:45,2026-05-15 09:45,23802.5,23818.0,23792.55,23795.6,6941844
2026-05-15,09:50,2026-05-15 09:50,23795.15,23824.75,23791.0,23823.15,5552099
2026-05-15,09:55,2026-05-15 09:55,23823.0,23837.0,23817.95,23817.95,4568076
2026-05-15,10:00,2026-05-15 10:00,23819.1,23821.35,23787.7,23818.35,5374204
2026-05-15,10:05,2026-05-15 10:05,23818.55,23819.25,23785.25,23787.6,4542150
2026-05-15,10:10,2026-05-15 10:10,23787.5,23801.45,23781.25,23800.25,3737027
2026-05-15,10:15,2026-05-15 10:15,23800.3,23815.5,23792.5,23796.4,3870751
2026-05-15,10:20,2026-05-15 10:20,23796.5,23821.0,23788.75,23820.5,5096814
2026-05-15,10:25,2026-05-15 10:25,23820.6,23834.15,23820.2,23828.15,5580948
2026-05-15,10:30,2026-05-15 10:30,23827.85,23829.25,23805.15,23815.15,5423060
2026-05-15,10:35,2026-05-15 10:35,23815.15,23822.1,23802.85,23805.75,3216966
2026-05-15,10:40,2026-05-15 10:40,23806.1,23823.2,23800.95,23817.05,3678911
2026-05-15,10:45,2026-05-15 10:45,23816.9,23832.05,23816.9,23827.0,3139289
2026-05-15,10:50,2026-05-15 10:50,23827.4,23839.3,23822.05,23830.45,3239780
2026-05-15,10:55,2026-05-15 10:55,23830.5,23834.85,23820.25,23829.55,3685148
2026-05-15,11:00,2026-05-15 11:00,23829.25,23830.75,23780.75,23782.35,4969631
2026-05-15,11:05,2026-05-15 11:05,23782.0,23784.45,23741.8,23742.8,4857664
2026-05-15,11:10,2026-05-15 11:10,23743.05,23757.2,23732.25,23743.55,3582624
2026-05-15,11:15,2026-05-15 11:15,23743.55,23751.7,23713.55,23742.65,4347522
2026-05-15,11:20,2026-05-15 11:20,23742.75,23747.65,23725.25,23726.35,2980156
2026-05-15,11:25,2026-05-15 11:25,23727.35,23732.85,23712.4,23712.7,3253069
2026-05-15,11:30,2026-05-15 11:30,23711.4,23720.1,23677.65,23716.85,4225924
2026-05-15,11:35,2026-05-15 11:35,23717.6,23728.3,23704.95,23727.0,3423116
2026-05-15,11:40,2026-05-15 11:40,23727.25,23730.45,23711.8,23721.75,2842835
2026-05-15,11:45,2026-05-15 11:45,23721.55,23734.45,23717.2,23726.2,4676628
2026-05-15,11:50,2026-05-15 11:50,23725.75,23735.3,23718.8,23720.95,4641917
2026-05-15,11:55,2026-05-15 11:55,23720.9,23727.4,23713.4,23725.55,3177878
2026-05-15,12:00,2026-05-15 12:00,23725.9,23755.85,23718.75,23754.05,4409971
2026-05-15,12:05,2026-05-15 12:05,23754.15,23769.6,23752.25,23755.25,3241129
2026-05-15,12:10,2026-05-15 12:10,23755.25,23765.6,23747.3,23751.15,2854043
2026-05-15,12:15,2026-05-15 12:15,23751.0,23755.3,23731.15,23740.05,4218375
2026-05-15,12:20,2026-05-15 12:20,23740.25,23741.7,23720.7,23725.5,2334388
2026-05-15,12:25,2026-05-15 12:25,23725.45,23743.2,23718.7,23720.5,3253672
2026-05-15,12:30,2026-05-15 12:30,23720.7,23736.45,23715.55,23736.35,3118482
2026-05-15,12:35,2026-05-15 12:35,23736.45,23747.8,23734.1,23744.3,2273964
2026-05-15,12:40,2026-05-15 12:40,23743.8,23769.7,23743.8,23767.5,3187683
2026-05-15,12:45,2026-05-15 12:45,23768.65,23786.95,23766.05,23783.6,4428616
2026-05-15,12:50,2026-05-15 12:50,23783.85,23797.5,23777.6,23782.35,4228251
2026-05-15,12:55,2026-05-15 12:55,23782.3,23790.05,23774.65,23784.65,2966614
2026-05-15,13:00,2026-05-15 13:00,23784.6,23787.35,23773.15,23775.45,2612055
2026-05-15,13:05,2026-05-15 13:05,23775.65,23784.4,23766.65,23775.4,3631399
2026-05-15,13:10,2026-05-15 13:10,23775.15,23786.2,23775.1,23780.65,2599183
2026-05-15,13:15,2026-05-15 13:15,23780.95,23785.85,23770.45,23785.85,3189334
2026-05-15,13:20,2026-05-15 13:20,23785.9,23787.8,23774.05,23776.05,4013637
2026-05-15,13:25,2026-05-15 13:25,23777.0,23785.2,23765.7,23776.1,2774886
2026-05-15,13:30,2026-05-15 13:30,23776.05,23779.6,23758.5,23761.55,3433496
2026-05-15,13:35,2026-05-15 13:35,23761.7,23770.8,23737.0,23739.7,6616259
2026-05-15,13:40,2026-05-15 13:40,23740.0,23742.65,23728.0,23739.2,5065546
2026-05-15,13:45,2026-05-15 13:45,23738.8,23750.65,23702.3,23711.0,5222097
2026-05-15,13:50,2026-05-15 13:50,23711.5,23733.85,23699.55,23728.7,4012804
2026-05-15,13:55,2026-05-15 13:55,23728.45,23734.75,23705.25,23713.55,3620941
2026-05-15,14:00,2026-05-15 14:00,23712.95,23714.65,23694.45,23694.95,3729626
2026-05-15,14:05,2026-05-15 14:05,23694.4,23715.0,23693.7,23713.8,3914130
2026-05-15,14:10,2026-05-15 14:10,23713.55,23722.35,23704.45,23722.35,3545545
2026-05-15,14:15,2026-05-15 14:15,23722.3,23726.65,23704.7,23718.1,4597646
2026-05-15,14:20,2026-05-15 14:20,23717.2,23720.2,23701.6,23706.75,3726757
2026-05-15,14:25,2026-05-15 14:25,23707.1,23708.5,23685.3,23695.7,3907016
2026-05-15,14:30,2026-05-15 14:30,23696.95,23702.95,23676.6,23695.05,6459243
2026-05-15,14:35,2026-05-15 14:35,23695.6,23703.2,23685.1,23692.55,6553293
2026-05-15,14:40,2026-05-15 14:40,23693.1,23705.3,23689.65,23690.75,3891662
2026-05-15,14:45,2026-05-15 14:45,23690.6,23692.25,23625.5,23625.95,7290308
2026-05-15,14:50,2026-05-15 14:50,23626.05,23633.3,23610.3,23618.7,8647395
2026-05-15,14:55,2026-05-15 14:55,23618.8,23658.15,23611.5,23646.85,6241037
2026-05-15,15:00,2026-05-15 15:00,23646.1,23674.75,23633.8,23674.2,10522703
2026-05-15,15:05,2026-05-15 15:05,23675.25,23678.35,23644.0,23647.85,10079958
2026-05-15,15:10,2026-05-15 15:10,23647.2,23653.2,23640.1,23644.1,9981617
2026-05-15,15:15,2026-05-15 15:15,23643.6,23645.85,23616.5,23637.15,12775627
2026-05-15,15:20,2026-05-15 15:20,23638.65,23646.85,23626.0,23632.85,13070009
2026-05-15,15:25,2026-05-15 15:25,23633.45,23660.75,23625.3,23659.35,10538664
2026-05-15,15:30,2026-05-15 15:30,23659.35,23659.35,23659.35,23659.35,1430505
2026-05-18,09:15,2026-05-18 09:15,23482.2,23494.6,23371.8,23400.5,22260262
2026-05-18,09:20,2026-05-18 09:20,23399.5,23413.35,23383.35,23401.5,11825873
2026-05-18,09:25,2026-05-18 09:25,23402.4,23405.45,23363.05,23373.1,7414955
2026-05-18,09:30,2026-05-18 09:30,23373.15,23394.95,23359.65,23388.2,7411504
2026-05-18,09:35,2026-05-18 09:35,23387.9,23394.8,23347.35,23358.4,5878771
2026-05-18,09:40,2026-05-18 09:40,23358.5,23383.5,23349.7,23371.05,6502869
2026-05-18,09:45,2026-05-18 09:45,23370.75,23372.2,23341.25,23342.4,5476012
2026-05-18,09:50,2026-05-18 09:50,23342.6,23345.1,23322.3,23325.05,5659057
2026-05-18,09:55,2026-05-18 09:55,23325.35,23342.05,23317.1,23341.15,5123785
2026-05-18,10:00,2026-05-18 10:00,23340.8,23364.05,23339.5,23361.05,4763213
2026-05-18,10:05,2026-05-18 10:05,23361.1,23366.5,23340.3,23350.9,5489097
2026-05-18,10:10,2026-05-18 10:10,23350.75,23366.4,23348.7,23362.4,5253718
2026-05-18,10:15,2026-05-18 10:15,23362.3,23389.45,23353.9,23384.9,6132622
2026-05-18,10:20,2026-05-18 10:20,23385.0,23389.05,23373.5,23381.9,4351628
2026-05-18,10:25,2026-05-18 10:25,23382.2,23385.95,23375.5,23379.85,3385077
2026-05-18,10:30,2026-05-18 10:30,23379.75,23414.4,23355.55,23413.65,4518682
2026-05-18,10:35,2026-05-18 10:35,23414.05,23439.7,23412.55,23429.0,4233172
2026-05-18,10:40,2026-05-18 10:40,23429.0,23433.5,23403.95,23417.2,3247360
2026-05-18,10:45,2026-05-18 10:45,23417.8,23418.1,23389.6,23408.65,3373524
2026-05-18,10:50,2026-05-18 10:50,23408.15,23445.3,23408.15,23443.7,3801376
2026-05-18,10:55,2026-05-18 10:55,23443.55,23465.95,23442.7,23465.1,3149355
2026-05-18,11:00,2026-05-18 11:00,23464.9,23471.45,23452.6,23455.25,3758012
2026-05-18,11:05,2026-05-18 11:05,23455.15,23477.75,23454.75,23476.4,2987524
2026-05-18,11:10,2026-05-18 11:10,23477.1,23477.75,23460.6,23470.1,3649225
2026-05-18,11:15,2026-05-18 11:15,23470.2,23495.15,23465.85,23494.05,3892736
2026-05-18,11:20,2026-05-18 11:20,23494.3,23518.6,23476.05,23516.2,4042558
2026-05-18,11:25,2026-05-18 11:25,23516.4,23519.9,23494.2,23495.8,3151252
2026-05-18,11:30,2026-05-18 11:30,23495.8,23532.8,23494.4,23528.55,3892766
2026-05-18,11:35,2026-05-18 11:35,23529.25,23562.75,23524.55,23560.65,4460867
2026-05-18,11:40,2026-05-18 11:40,23560.7,23561.1,23525.15,23534.25,3336380
2026-05-18,11:45,2026-05-18 11:45,23534.55,23538.25,23502.8,23512.7,4184006
2026-05-18,11:50,2026-05-18 11:50,23512.55,23512.9,23499.3,23499.7,2828457
2026-05-18,11:55,2026-05-18 11:55,23500.1,23509.65,23473.7,23474.7,2773349
2026-05-18,12:00,2026-05-18 12:00,23474.75,23485.5,23468.35,23477.9,4470058
2026-05-18,12:05,2026-05-18 12:05,23477.7,23500.15,23477.7,23492.5,3657740
2026-05-18,12:10,2026-05-18 12:10,23492.45,23525.65,23492.0,23524.75,4333361
2026-05-18,12:15,2026-05-18 12:15,23524.15,23535.15,23513.15,23520.7,5903613
2026-05-18,12:20,2026-05-18 12:20,23521.2,23537.15,23518.45,23535.95,3193193
2026-05-18,12:25,2026-05-18 12:25,23536.0,23558.15,23536.0,23553.45,5055966
2026-05-18,12:30,2026-05-18 12:30,23553.5,23601.2,23553.5,23593.95,5622885
2026-05-18,12:35,2026-05-18 12:35,23593.1,23610.0,23591.7,23604.4,5116172
2026-05-18,12:40,2026-05-18 12:40,23604.25,23608.05,23578.75,23584.75,3998197
2026-05-18,12:45,2026-05-18 12:45,23585.0,23588.75,23572.65,23578.75,3544924
2026-05-18,12:50,2026-05-18 12:50,23579.2,23592.1,23577.0,23589.25,3228297
2026-05-18,12:55,2026-05-18 12:55,23589.5,23637.9,23589.05,23636.9,6128204
2026-05-18,13:00,2026-05-18 13:00,23637.15,23661.65,23634.5,23646.35,4858399
2026-05-18,13:05,2026-05-18 13:05,23645.9,23647.25,23605.25,23610.35,5175345
2026-05-18,13:10,2026-05-18 13:10,23610.65,23616.45,23592.25,23615.9,4760619
2026-05-18,13:15,2026-05-18 13:15,23615.5,23628.75,23613.9,23620.35,3288264
2026-05-18,13:20,2026-05-18 13:20,23620.5,23627.75,23596.45,23627.7,3558681
2026-05-18,13:25,2026-05-18 13:25,23628.0,23634.25,23610.1,23618.95,4042035
2026-05-18,13:30,2026-05-18 13:30,23618.35,23633.5,23611.8,23621.5,3826207
2026-05-18,13:35,2026-05-18 13:35,23622.15,23628.4,23606.2,23607.05,3612272
2026-05-18,13:40,2026-05-18 13:40,23607.0,23630.8,23599.15,23622.4,3538842
2026-05-18,13:45,2026-05-18 13:45,23622.05,23625.5,23604.05,23624.45,3848635
2026-05-18,13:50,2026-05-18 13:50,23625.05,23646.35,23623.1,23642.85,3646951
2026-05-18,13:55,2026-05-18 13:55,23642.5,23659.4,23634.05,23640.9,4076842
2026-05-18,14:00,2026-05-18 14:00,23641.25,23652.0,23627.4,23641.3,3271667
2026-05-18,14:05,2026-05-18 14:05,23642.25,23644.2,23612.65,23615.15,3350114
2026-05-18,14:10,2026-05-18 14:10,23615.15,23638.1,23606.7,23624.85,4906481
2026-05-18,14:15,2026-05-18 14:15,23624.9,23624.9,23599.0,23612.15,2973872
2026-05-18,14:20,2026-05-18 14:20,23612.4,23619.45,23591.05,23591.05,3520944
2026-05-18,14:25,2026-05-18 14:25,23590.75,23620.7,23583.85,23614.35,4935773
2026-05-18,14:30,2026-05-18 14:30,23613.5,23624.25,23595.9,23597.4,4388190
2026-05-18,14:35,2026-05-18 14:35,23597.8,23603.75,23586.05,23587.1,3656672
2026-05-18,14:40,2026-05-18 14:40,23586.6,23611.3,23582.0,23602.95,3867853
2026-05-18,14:45,2026-05-18 14:45,23603.35,23607.9,23585.75,23585.75,3495806
2026-05-18,14:50,2026-05-18 14:50,23586.05,23595.5,23583.5,23592.1,3468380
2026-05-18,14:55,2026-05-18 14:55,23592.65,23598.0,23581.95,23591.5,6369083
2026-05-18,15:00,2026-05-18 15:00,23591.0,23695.65,23590.25,23662.7,14558742
2026-05-18,15:05,2026-05-18 15:05,23662.45,23674.25,23629.1,23637.7,10375457
2026-05-18,15:10,2026-05-18 15:10,23638.05,23649.8,23631.65,23634.6,8794167
2026-05-18,15:15,2026-05-18 15:15,23634.25,23635.6,23619.3,23626.9,9930848
2026-05-18,15:20,2026-05-18 15:20,23626.95,23658.35,23626.2,23657.3,11614987
2026-05-18,15:25,2026-05-18 15:25,23657.0,23658.4,23640.05,23644.45,9167668
2026-05-18,15:30,2026-05-18 15:30,23645.65,23645.65,23645.65,23645.65,1225956
2026-05-19,09:15,2026-05-19 09:15,23675.3,23741.0,23675.25,23734.8,18799557
2026-05-19,09:20,2026-05-19 09:20,23736.45,23758.45,23719.8,23748.95,11934996
2026-05-19,09:25,2026-05-19 09:25,23749.05,23765.65,23746.15,23756.9,8240106
2026-05-19,09:30,2026-05-19 09:30,23759.6,23768.95,23683.55,23684.0,8375715
2026-05-19,09:35,2026-05-19 09:35,23684.0,23707.7,23647.4,23706.15,7392565
2026-05-19,09:40,2026-05-19 09:40,23706.75,23757.9,23706.75,23749.2,6113529
2026-05-19,09:45,2026-05-19 09:45,23751.2,23751.7,23706.1,23714.15,5344085
2026-05-19,09:50,2026-05-19 09:50,23716.05,23722.15,23689.35,23696.0,27236930
2026-05-19,09:55,2026-05-19 09:55,23695.05,23703.8,23677.6,23678.15,4615908
2026-05-19,10:00,2026-05-19 10:00,23679.0,23721.0,23678.15,23699.25,8551892
2026-05-19,10:05,2026-05-19 10:05,23699.85,23730.2,23696.5,23722.8,5544842
2026-05-19,10:10,2026-05-19 10:10,23723.9,23762.9,23720.9,23753.45,4923051
2026-05-19,10:15,2026-05-19 10:15,23753.75,23762.6,23724.9,23725.7,4269089
2026-05-19,10:20,2026-05-19 10:20,23726.5,23743.3,23724.0,23739.2,3082399
2026-05-19,10:25,2026-05-19 10:25,23740.75,23756.75,23739.1,23751.05,3458635
2026-05-19,10:30,2026-05-19 10:30,23751.05,23757.85,23735.75,23744.85,4748647
2026-05-19,10:35,2026-05-19 10:35,23745.95,23754.05,23734.2,23753.15,4537113
2026-05-19,10:40,2026-05-19 10:40,23754.0,23765.15,23743.15,23764.75,4762570
2026-05-19,10:45,2026-05-19 10:45,23765.3,23774.75,23750.4,23757.05,4645180
2026-05-19,10:50,2026-05-19 10:50,23757.45,23767.55,23724.9,23742.1,4637048
2026-05-19,10:55,2026-05-19 10:55,23742.3,23782.3,23741.15,23771.65,4470994
2026-05-19,11:00,2026-05-19 11:00,23771.95,23774.95,23744.1,23751.55,4946261
2026-05-19,11:05,2026-05-19 11:05,23752.65,23752.65,23738.45,23743.85,4550333
2026-05-19,11:10,2026-05-19 11:10,23745.25,23754.0,23718.1,23720.1,6572526
2026-05-19,11:15,2026-05-19 11:15,23719.75,23721.55,23695.35,23708.0,5443320
2026-05-19,11:20,2026-05-19 11:20,23709.25,23721.4,23698.45,23713.75,3629370
2026-05-19,11:25,2026-05-19 11:25,23714.35,23728.35,23707.05,23727.85,4523827
2026-05-19,11:30,2026-05-19 11:30,23728.15,23728.15,23705.05,23718.2,5206189
2026-05-19,11:35,2026-05-19 11:35,23720.7,23728.5,23704.85,23724.15,4547036
2026-05-19,11:40,2026-05-19 11:40,23725.25,23754.75,23721.7,23750.05,4021971
2026-05-19,11:45,2026-05-19 11:45,23752.2,23763.75,23745.7,23754.35,3250560
2026-05-19,11:50,2026-05-19 11:50,23754.4,23763.85,23754.2,23760.15,3811925
2026-05-19,11:55,2026-05-19 11:55,23760.95,23772.75,23752.9,23754.95,4319440
2026-05-19,12:00,2026-05-19 12:00,23754.65,23755.6,23733.75,23741.4,4137854
2026-05-19,12:05,2026-05-19 12:05,23742.8,23747.95,23734.65,23741.45,3562122
2026-05-19,12:10,2026-05-19 12:10,23742.2,23749.7,23739.8,23743.05,3616154
2026-05-19,12:15,2026-05-19 12:15,23744.55,23747.55,23730.7,23744.55,3053157
2026-05-19,12:20,2026-05-19 12:20,23746.3,23753.8,23727.45,23733.75,3176162
2026-05-19,12:25,2026-05-19 12:25,23733.6,23755.5,23724.25,23752.55,4257105
2026-05-19,12:30,2026-05-19 12:30,23752.4,23753.75,23729.55,23736.0,3753858
2026-05-19,12:35,2026-05-19 12:35,23737.1,23743.2,23722.15,23740.7,3416665
2026-05-19,12:40,2026-05-19 12:40,23741.65,23741.8,23726.9,23738.05,3359576
2026-05-19,12:45,2026-05-19 12:45,23738.65,23743.2,23721.0,23727.6,4246919
2026-05-19,12:50,2026-05-19 12:50,23729.65,23731.7,23719.3,23728.45,4825362
2026-05-19,12:55,2026-05-19 12:55,23729.4,23732.15,23721.85,23723.9,2707791
2026-05-19,13:00,2026-05-19 13:00,23725.25,23735.75,23711.65,23713.55,2721640
2026-05-19,13:05,2026-05-19 13:05,23713.35,23729.45,23707.05,23724.75,3081994
2026-05-19,13:10,2026-05-19 13:10,23724.8,23724.9,23706.1,23709.2,3011236
2026-05-19,13:15,2026-05-19 13:15,23708.35,23738.85,23701.45,23728.9,3007588
2026-05-19,13:20,2026-05-19 13:20,23730.1,23732.85,23721.5,23732.85,2621200
2026-05-19,13:25,2026-05-19 13:25,23733.75,23733.75,23720.85,23724.6,3035300
2026-05-19,13:30,2026-05-19 13:30,23724.85,23743.3,23723.65,23730.9,3747878
2026-05-19,13:35,2026-05-19 13:35,23731.8,23731.8,23685.85,23709.15,5117499
2026-05-19,13:40,2026-05-19 13:40,23710.35,23710.35,23694.35,23696.85,3070124
2026-05-19,13:45,2026-05-19 13:45,23697.3,23716.0,23695.9,23704.5,5224526
2026-05-19,13:50,2026-05-19 13:50,23705.65,23711.4,23697.35,23699.55,4032430
2026-05-19,13:55,2026-05-19 13:55,23700.6,23700.6,23674.0,23689.1,4622493
2026-05-19,14:00,2026-05-19 14:00,23691.35,23719.45,23684.55,23715.05,5061065
2026-05-19,14:05,2026-05-19 14:05,23714.9,23719.5,23704.6,23705.35,3138125
2026-05-19,14:10,2026-05-19 14:10,23706.5,23725.35,23700.7,23717.5,5134533
2026-05-19,14:15,2026-05-19 14:15,23717.35,23736.55,23715.4,23715.85,4535332
2026-05-19,14:20,2026-05-19 14:20,23716.2,23726.95,23699.7,23710.15,4761678
2026-05-19,14:25,2026-05-19 14:25,23711.35,23718.45,23701.35,23703.15,4962013
2026-05-19,14:30,2026-05-19 14:30,23704.45,23705.3,23690.2,23701.2,5341515
2026-05-19,14:35,2026-05-19 14:35,23701.1,23701.65,23672.25,23682.0,5588856
2026-05-19,14:40,2026-05-19 14:40,23682.05,23691.35,23649.0,23657.2,5648076
2026-05-19,14:45,2026-05-19 14:45,23657.4,23657.75,23632.35,23653.0,5783320
2026-05-19,14:50,2026-05-19 14:50,23653.45,23666.9,23644.55,23647.25,5821302
2026-05-19,14:55,2026-05-19 14:55,23648.5,23665.45,23646.25,23655.75,6076754
2026-05-19,15:00,2026-05-19 15:00,23655.15,23659.3,23623.1,23632.35,13963098
2026-05-19,15:05,2026-05-19 15:05,23630.55,23642.65,23624.5,23625.6,12734354
2026-05-19,15:10,2026-05-19 15:10,23625.95,23628.2,23608.0,23624.55,13499709
2026-05-19,15:15,2026-05-19 15:15,23624.4,23629.2,23600.9,23609.05,13378684
2026-05-19,15:20,2026-05-19 15:20,23608.2,23612.5,23592.4,23597.0,14013069
2026-05-19,15:25,2026-05-19 15:25,23596.85,23607.15,23587.2,23606.2,11124850
2026-05-19,15:30,2026-05-19 15:30,23606.2,23606.2,23606.2,23606.2,1560220
2026-05-20,09:15,2026-05-20 09:15,23457.25,23469.9,23397.3,23459.9,17601177
2026-05-20,09:20,2026-05-20 09:20,23461.45,23464.85,23442.45,23458.7,9900675
2026-05-20,09:25,2026-05-20 09:25,23458.4,23481.95,23453.75,23476.95,6254195
2026-05-20,09:30,2026-05-20 09:30,23477.55,23524.9,23473.5,23520.15,6039848
2026-05-20,09:35,2026-05-20 09:35,23521.65,23535.75,23506.1,23533.2,5820156
2026-05-20,09:40,2026-05-20 09:40,23534.8,23536.9,23498.55,23524.25,5975906
2026-05-20,09:45,2026-05-20 09:45,23523.25,23536.45,23511.95,23522.25,4560440
2026-05-20,09:50,2026-05-20 09:50,23521.25,23541.45,23520.9,23526.55,4078108
2026-05-20,09:55,2026-05-20 09:55,23526.5,23548.6,23516.5,23541.9,4171503
2026-05-20,10:00,2026-05-20 10:00,23541.8,23546.65,23495.75,23503.9,5816084
2026-05-20,10:05,2026-05-20 10:05,23504.6,23505.2,23486.1,23500.4,4639530
2026-05-20,10:10,2026-05-20 10:10,23500.45,23512.0,23491.65,23500.55,3840287
2026-05-20,10:15,2026-05-20 10:15,23500.3,23512.1,23494.6,23500.0,2932493
2026-05-20,10:20,2026-05-20 10:20,23498.9,23505.1,23476.75,23478.05,3478238
2026-05-20,10:25,2026-05-20 10:25,23477.95,23519.9,23475.65,23519.9,3765308
2026-05-20,10:30,2026-05-20 10:30,23519.9,23567.45,23519.9,23562.1,5706621
2026-05-20,10:35,2026-05-20 10:35,23562.55,23576.15,23561.65,23562.65,4124040
2026-05-20,10:40,2026-05-20 10:40,23562.1,23564.8,23530.65,23532.7,3915010
2026-05-20,10:45,2026-05-20 10:45,23532.95,23535.25,23503.65,23506.45,3328957
2026-05-20,10:50,2026-05-20 10:50,23506.8,23546.9,23506.8,23546.3,3245504
2026-05-20,10:55,2026-05-20 10:55,23546.1,23549.35,23538.6,23546.4,6398471
2026-05-20,11:00,2026-05-20 11:00,23546.75,23573.2,23546.75,23564.45,4852100
2026-05-20,11:05,2026-05-20 11:05,23564.15,23580.75,23562.4,23575.6,5221271
2026-05-20,11:10,2026-05-20 11:10,23574.95,23582.6,23562.2,23562.2,3775670
2026-05-20,11:15,2026-05-20 11:15,23561.75,23573.35,23558.3,23564.95,3623508
2026-05-20,11:20,2026-05-20 11:20,23565.4,23598.15,23564.0,23582.05,3186725
2026-05-20,11:25,2026-05-20 11:25,23582.4,23602.75,23582.4,23599.85,3145397
2026-05-20,11:30,2026-05-20 11:30,23599.95,23608.3,23588.55,23594.5,3019688
2026-05-20,11:35,2026-05-20 11:35,23594.5,23618.15,23588.5,23609.35,4404217
2026-05-20,11:40,2026-05-20 11:40,23609.6,23610.8,23594.8,23605.05,3608224
2026-05-20,11:45,2026-05-20 11:45,23605.3,23639.45,23604.9,23635.55,3119499
2026-05-20,11:50,2026-05-20 11:50,23635.3,23640.25,23615.15,23626.9,3430927
2026-05-20,11:55,2026-05-20 11:55,23626.85,23629.75,23608.15,23608.15,2782084
2026-05-20,12:00,2026-05-20 12:00,23609.1,23613.65,23591.25,23592.35,2804550
2026-05-20,12:05,2026-05-20 12:05,23592.65,23594.1,23577.0,23580.05,4506127
2026-05-20,12:10,2026-05-20 12:10,23579.95,23587.45,23577.3,23579.95,2864726
2026-05-20,12:15,2026-05-20 12:15,23580.0,23598.35,23579.5,23583.55,2483572
2026-05-20,12:20,2026-05-20 12:20,23583.25,23608.45,23582.8,23601.95,2716229
2026-05-20,12:25,2026-05-20 12:25,23602.55,23603.8,23581.65,23588.0,2626644
2026-05-20,12:30,2026-05-20 12:30,23588.6,23596.85,23583.05,23590.55,2465691
2026-05-20,12:35,2026-05-20 12:35,23590.7,23602.0,23586.9,23600.2,2251041
2026-05-20,12:40,2026-05-20 12:40,23600.4,23606.45,23591.75,23602.8,4508315
2026-05-20,12:45,2026-05-20 12:45,23603.4,23613.2,23598.7,23601.9,2855739
2026-05-20,12:50,2026-05-20 12:50,23602.1,23611.4,23601.25,23605.95,2354042
2026-05-20,12:55,2026-05-20 12:55,23606.15,23615.4,23604.7,23612.75,2898584
2026-05-20,13:00,2026-05-20 13:00,23612.45,23617.05,23599.95,23602.2,3290875
2026-05-20,13:05,2026-05-20 13:05,23603.25,23606.95,23588.75,23601.95,2720133
2026-05-20,13:10,2026-05-20 13:10,23602.45,23612.9,23599.05,23601.4,4632136
2026-05-20,13:15,2026-05-20 13:15,23601.5,23603.95,23579.75,23585.3,4216026
2026-05-20,13:20,2026-05-20 13:20,23585.35,23596.8,23576.3,23583.25,3204785
2026-05-20,13:25,2026-05-20 13:25,23583.5,23597.45,23561.85,23567.1,4392236
2026-05-20,13:30,2026-05-20 13:30,23567.5,23598.7,23565.8,23597.05,3506414
2026-05-20,13:35,2026-05-20 13:35,23597.15,23620.9,23592.1,23604.1,5054922
2026-05-20,13:40,2026-05-20 13:40,23604.45,23605.9,23590.15,23595.85,2499688
2026-05-20,13:45,2026-05-20 13:45,23596.4,23601.55,23590.8,23597.3,3107485
2026-05-20,13:50,2026-05-20 13:50,23597.35,23605.1,23588.55,23605.1,2489511
2026-05-20,13:55,2026-05-20 13:55,23604.9,23628.15,23603.0,23628.15,2726956
2026-05-20,14:00,2026-05-20 14:00,23628.05,23644.65,23623.25,23630.2,3729899
2026-05-20,14:05,2026-05-20 14:05,23630.1,23662.7,23626.8,23661.1,4414969
2026-05-20,14:10,2026-05-20 14:10,23661.1,23664.4,23651.3,23651.95,5868477
2026-05-20,14:15,2026-05-20 14:15,23652.25,23659.0,23643.1,23647.4,4026860
2026-05-20,14:20,2026-05-20 14:20,23646.7,23678.95,23641.95,23674.1,4074003
2026-05-20,14:25,2026-05-20 14:25,23674.15,23675.4,23655.35,23665.35,3645075
2026-05-20,14:30,2026-05-20 14:30,23665.45,23675.7,23655.9,23660.9,4200460
2026-05-20,14:35,2026-05-20 14:35,23660.8,23669.9,23652.6,23668.4,4667300
2026-05-20,14:40,2026-05-20 14:40,23668.6,23681.55,23668.6,23677.6,3975853
2026-05-20,14:45,2026-05-20 14:45,23677.75,23684.75,23673.65,23684.05,3950116
2026-05-20,14:50,2026-05-20 14:50,23684.15,23688.35,23674.75,23685.1,4129674
2026-05-20,14:55,2026-05-20 14:55,23684.95,23690.9,23679.1,23679.15,4310992
2026-05-20,15:00,2026-05-20 15:00,23680.1,23680.75,23639.6,23643.5,8896151
2026-05-20,15:05,2026-05-20 15:05,23643.75,23673.45,23641.7,23672.35,7613971
2026-05-20,15:10,2026-05-20 15:10,23672.35,23675.3,23664.85,23667.9,7539240
2026-05-20,15:15,2026-05-20 15:15,23668.05,23671.05,23658.55,23659.5,9099226
2026-05-20,15:20,2026-05-20 15:20,23659.95,23663.1,23651.4,23658.3,10296897
2026-05-20,15:25,2026-05-20 15:25,23660.65,23672.35,23654.85,23664.15,8993298
2026-05-21,09:15,2026-05-21 09:15,23830.05,23859.9,23765.1,23768.45,13458113
2026-05-21,09:20,2026-05-21 09:20,23768.0,23787.3,23752.05,23774.8,7523094
2026-05-21,09:25,2026-05-21 09:25,23775.05,23780.85,23750.85,23757.35,5287930
2026-05-21,09:30,2026-05-21 09:30,23758.1,23774.7,23728.05,23738.15,6817323
2026-05-21,09:35,2026-05-21 09:35,23738.3,23773.2,23731.3,23768.95,4689518
2026-05-21,09:40,2026-05-21 09:40,23769.5,23794.2,23755.8,23793.15,5572150
2026-05-21,09:45,2026-05-21 09:45,23793.9,23796.85,23777.2,23785.55,4406914
2026-05-21,09:50,2026-05-21 09:50,23787.4,23812.0,23781.75,23808.7,4803181
2026-05-21,09:55,2026-05-21 09:55,23807.05,23810.3,23767.9,23768.35,4028266
2026-05-21,10:00,2026-05-21 10:00,23769.55,23790.1,23768.3,23781.85,3514678
2026-05-21,10:05,2026-05-21 10:05,23782.95,23785.65,23752.95,23763.6,3283833
2026-05-21,10:10,2026-05-21 10:10,23766.55,23773.6,23759.65,23767.45,3069094
2026-05-21,10:15,2026-05-21 10:15,23768.2,23784.8,23767.45,23776.5,5088394
2026-05-21,10:20,2026-05-21 10:20,23777.7,23783.15,23766.75,23770.6,3305359
2026-05-21,10:25,2026-05-21 10:25,23771.75,23790.55,23765.35,23780.0,3592185
2026-05-21,10:30,2026-05-21 10:30,23781.75,23790.0,23761.25,23762.25,4250190
2026-05-21,10:35,2026-05-21 10:35,23762.45,23767.4,23729.55,23734.95,3924265
2026-05-21,10:40,2026-05-21 10:40,23736.35,23764.75,23734.25,23763.75,3205275
2026-05-21,10:45,2026-05-21 10:45,23764.8,23774.2,23746.6,23749.1,4352131
2026-05-21,10:50,2026-05-21 10:50,23748.95,23753.05,23733.35,23748.85,3315348
2026-05-21,10:55,2026-05-21 10:55,23750.9,23750.9,23717.85,23723.75,3521940
2026-05-21,11:00,2026-05-21 11:00,23726.15,23726.15,23706.9,23713.4,4550734
2026-05-21,11:05,2026-05-21 11:05,23715.2,23717.65,23704.75,23717.4,2680085
2026-05-21,11:10,2026-05-21 11:10,23718.9,23718.9,23695.35,23697.05,3271957
2026-05-21,11:15,2026-05-21 11:15,23698.2,23698.2,23639.9,23678.65,4914025
2026-05-21,11:20,2026-05-21 11:20,23679.35,23714.9,23675.6,23713.6,3979675
2026-05-21,11:25,2026-05-21 11:25,23715.45,23746.45,23706.75,23742.55,4088978
2026-05-21,11:30,2026-05-21 11:30,23744.2,23744.4,23725.75,23735.05,3231533
2026-05-21,11:35,2026-05-21 11:35,23736.25,23740.2,23729.15,23729.9,2670870
2026-05-21,11:40,2026-05-21 11:40,23732.4,23733.95,23721.7,23731.15,3037538
2026-05-21,11:45,2026-05-21 11:45,23731.65,23734.65,23716.45,23723.55,3436450
2026-05-21,11:50,2026-05-21 11:50,23724.1,23744.8,23721.25,23726.7,2668042
2026-05-21,11:55,2026-05-21 11:55,23727.4,23732.25,23711.65,23716.05,3527968
2026-05-21,12:00,2026-05-21 12:00,23716.75,23742.25,23716.75,23732.05,2589650
2026-05-21,12:05,2026-05-21 12:05,23731.85,23741.25,23725.75,23734.0,2749500
2026-05-21,12:10,2026-05-21 12:10,23735.75,23740.9,23704.8,23705.05,3087542
2026-05-21,12:15,2026-05-21 12:15,23706.05,23718.9,23692.95,23708.5,4109868
2026-05-21,12:20,2026-05-21 12:20,23710.3,23716.0,23691.0,23692.05,5511164
2026-05-21,12:25,2026-05-21 12:25,23692.15,23697.6,23649.5,23663.8,5837774
2026-05-21,12:30,2026-05-21 12:30,23663.4,23673.95,23652.0,23669.6,2647290
2026-05-21,12:35,2026-05-21 12:35,23669.35,23669.85,23624.1,23632.35,5028601
2026-05-21,12:40,2026-05-21 12:40,23632.1,23648.95,23607.35,23639.8,4126089
2026-05-21,12:45,2026-05-21 12:45,23640.1,23641.25,23613.85,23630.9,2894968
2026-05-21,12:50,2026-05-21 12:50,23631.2,23646.85,23630.3,23641.0,2398536
2026-05-21,12:55,2026-05-21 12:55,23641.65,23643.3,23619.35,23624.2,2597620
2026-05-21,13:00,2026-05-21 13:00,23625.2,23627.5,23596.6,23619.95,3127784
2026-05-21,13:05,2026-05-21 13:05,23620.0,23641.8,23614.75,23637.75,3485350
2026-05-21,13:10,2026-05-21 13:10,23637.8,23653.95,23632.45,23640.55,3718295
2026-05-21,13:15,2026-05-21 13:15,23640.7,23647.95,23635.9,23643.4,2570958
2026-05-21,13:20,2026-05-21 13:20,23643.4,23651.1,23635.6,23636.7,3531644
2026-05-21,13:25,2026-05-21 13:25,23637.8,23643.4,23630.65,23631.6,2567409
2026-05-21,13:30,2026-05-21 13:30,23632.4,23649.25,23622.75,23647.35,3051070
2026-05-21,13:35,2026-05-21 13:35,23648.35,23674.55,23645.25,23663.35,3694995
2026-05-21,13:40,2026-05-21 13:40,23663.5,23687.5,23662.2,23681.35,2641639
2026-05-21,13:45,2026-05-21 13:45,23681.75,23691.8,23664.4,23665.15,2999602
2026-05-21,13:50,2026-05-21 13:50,23665.0,23666.45,23645.85,23651.75,3076825
2026-05-21,13:55,2026-05-21 13:55,23650.6,23675.85,23640.3,23673.3,3058092
2026-05-21,14:00,2026-05-21 14:00,23673.35,23674.0,23644.9,23648.25,2623309
2026-05-21,14:05,2026-05-21 14:05,23648.6,23651.1,23639.9,23642.7,3623826
2026-05-21,14:10,2026-05-21 14:10,23642.55,23663.3,23638.1,23652.15,5687009
2026-05-21,14:15,2026-05-21 14:15,23652.1,23656.7,23638.4,23651.45,3577283
2026-05-21,14:20,2026-05-21 14:20,23651.55,23673.2,23651.55,23673.2,3318384
2026-05-21,14:25,2026-05-21 14:25,23672.7,23678.35,23645.35,23652.4,4355493
2026-05-21,14:30,2026-05-21 14:30,23653.6,23682.9,23650.4,23663.6,6568617
2026-05-21,14:35,2026-05-21 14:35,23661.1,23678.05,23659.0,23663.1,3491188
2026-05-21,14:40,2026-05-21 14:40,23663.7,23705.4,23660.5,23671.85,4080096
2026-05-21,14:45,2026-05-21 14:45,23671.1,23691.3,23669.5,23678.3,4513797
2026-05-21,14:50,2026-05-21 14:50,23679.1,23696.6,23673.55,23686.25,4597520
2026-05-21,14:55,2026-05-21 14:55,23686.55,23693.5,23673.05,23679.3,5335954
2026-05-21,15:00,2026-05-21 15:00,23679.55,23691.3,23649.25,23669.4,10299666
2026-05-21,15:05,2026-05-21 15:05,23670.7,23678.25,23649.45,23655.2,12604369
2026-05-21,15:10,2026-05-21 15:10,23654.8,23668.0,23637.05,23639.1,10759183
2026-05-21,15:15,2026-05-21 15:15,23639.55,23649.75,23631.1,23636.6,10983222
2026-05-21,15:20,2026-05-21 15:20,23635.9,23650.65,23633.7,23644.25,13797002
2026-05-21,15:25,2026-05-21 15:25,23644.5,23652.45,23636.05,23648.6,10804785
2026-05-21,15:30,2026-05-21 15:30,23648.6,23648.6,23648.6,23648.6,1711798
2026-05-22,09:15,2026-05-22 09:15,23671.2,23710.8,23671.0,23693.5,11507418
2026-05-22,09:20,2026-05-22 09:20,23692.85,23756.65,23692.85,23752.85,8023685
2026-05-22,09:25,2026-05-22 09:25,23753.25,23756.25,23731.2,23738.6,5152874
2026-05-22,09:30,2026-05-22 09:30,23738.6,23764.85,23733.1,23762.75,5976388
2026-05-22,09:35,2026-05-22 09:35,23763.65,23778.6,23749.55,23755.85,4638736
2026-05-22,09:40,2026-05-22 09:40,23755.5,23765.4,23729.55,23752.95,3882389
2026-05-22,09:45,2026-05-22 09:45,23753.3,23761.2,23739.2,23740.8,3526607
2026-05-22,09:50,2026-05-22 09:50,23740.95,23784.75,23740.55,23774.1,4828142
2026-05-22,09:55,2026-05-22 09:55,23774.35,23788.8,23763.85,23779.65,3157221
2026-05-22,10:00,2026-05-22 10:00,23778.6,23781.35,23767.05,23767.3,3930206
2026-05-22,10:05,2026-05-22 10:05,23766.5,23787.5,23759.4,23785.5,4693328
2026-05-22,10:10,2026-05-22 10:10,23785.15,23800.15,23785.15,23791.7,5141989
2026-05-22,10:15,2026-05-22 10:15,23791.65,23795.4,23759.9,23764.1,5257003
2026-05-22,10:20,2026-05-22 10:20,23763.5,23785.4,23762.9,23765.65,5394710
2026-05-22,10:25,2026-05-22 10:25,23765.45,23776.1,23759.65,23761.45,4647040
2026-05-22,10:30,2026-05-22 10:30,23761.35,23786.6,23761.35,23778.15,4047026
2026-05-22,10:35,2026-05-22 10:35,23778.3,23782.6,23765.4,23773.05,3824686
2026-05-22,10:40,2026-05-22 10:40,23773.75,23795.15,23773.75,23792.7,3642292
2026-05-22,10:45,2026-05-22 10:45,23793.0,23797.85,23775.1,23783.9,4155950
2026-05-22,10:50,2026-05-22 10:50,23784.3,23789.55,23775.45,23785.6,3396701
2026-05-22,10:55,2026-05-22 10:55,23785.6,23786.45,23776.45,23780.75,3411855
2026-05-22,11:00,2026-05-22 11:00,23781.2,23782.55,23771.45,23777.6,3865792
2026-05-22,11:05,2026-05-22 11:05,23777.6,23782.5,23769.5,23775.05,3328438
2026-05-22,11:10,2026-05-22 11:10,23774.7,23779.15,23765.95,23771.6,3180894
2026-05-22,11:15,2026-05-22 11:15,23772.45,23774.65,23765.45,23766.6,3363764
2026-05-22,11:20,2026-05-22 11:20,23767.0,23789.3,23756.1,23785.0,4120109
2026-05-22,11:25,2026-05-22 11:25,23785.1,23786.7,23750.7,23758.9,4540927
2026-05-22,11:30,2026-05-22 11:30,23758.2,23767.75,23750.05,23757.5,4306036
2026-05-22,11:35,2026-05-22 11:35,23757.25,23775.2,23756.05,23774.05,3185511
2026-05-22,11:40,2026-05-22 11:40,23774.2,23808.9,23771.95,23808.25,4786271
2026-05-22,11:45,2026-05-22 11:45,23807.7,23828.5,23804.1,23809.25,4543060
2026-05-22,11:50,2026-05-22 11:50,23809.25,23811.15,23801.45,23804.55,2821695
2026-05-22,11:55,2026-05-22 11:55,23804.85,23809.75,23800.7,23804.85,2315149
2026-05-22,12:00,2026-05-22 12:00,23804.9,23808.35,23793.3,23794.95,3318233
2026-05-22,12:05,2026-05-22 12:05,23795.1,23801.1,23789.8,23791.3,3851913
2026-05-22,12:10,2026-05-22 12:10,23790.7,23808.3,23790.45,23798.6,2768729
2026-05-22,12:15,2026-05-22 12:15,23798.4,23802.45,23792.2,23794.35,3146173
2026-05-22,12:20,2026-05-22 12:20,23794.75,23796.75,23775.6,23775.7,4396161
2026-05-22,12:25,2026-05-22 12:25,23776.05,23784.4,23771.45,23774.75,2619460
2026-05-22,12:30,2026-05-22 12:30,23774.85,23776.9,23758.85,23775.05,3664662
2026-05-22,12:35,2026-05-22 12:35,23775.3,23780.15,23769.25,23778.9,3702269
2026-05-22,12:40,2026-05-22 12:40,23779.5,23798.5,23777.3,23792.6,2590359
2026-05-22,12:45,2026-05-22 12:45,23792.95,23816.85,23789.25,23813.0,3067186
2026-05-22,12:50,2026-05-22 12:50,23813.0,23833.7,23813.0,23831.55,3889537
2026-05-22,12:55,2026-05-22 12:55,23831.45,23835.65,23825.0,23827.45,2910678
2026-05-22,13:00,2026-05-22 13:00,23828.25,23833.25,23819.3,23827.95,3517210
2026-05-22,13:05,2026-05-22 13:05,23828.5,23829.0,23812.95,23819.4,2666940
2026-05-22,13:10,2026-05-22 13:10,23819.55,23826.45,23816.95,23819.1,3062033
2026-05-22,13:15,2026-05-22 13:15,23819.3,23822.65,23807.55,23812.1,3883335
2026-05-22,13:20,2026-05-22 13:20,23812.5,23820.7,23804.8,23809.15,3561896
2026-05-22,13:25,2026-05-22 13:25,23808.05,23816.6,23803.6,23809.4,3096114
2026-05-22,13:30,2026-05-22 13:30,23809.1,23818.2,23805.15,23816.2,2652939
2026-05-22,13:35,2026-05-22 13:35,23816.15,23817.1,23805.4,23809.05,2453641
2026-05-22,13:40,2026-05-22 13:40,23809.2,23813.7,23800.8,23801.25,2735053
2026-05-22,13:45,2026-05-22 13:45,23801.2,23822.7,23800.5,23803.9,3838018
2026-05-22,13:50,2026-05-22 13:50,23803.9,23811.35,23796.65,23798.0,2627085
2026-05-22,13:55,2026-05-22 13:55,23796.8,23799.2,23782.5,23792.15,3805467
2026-05-22,14:00,2026-05-22 14:00,23792.2,23795.6,23758.6,23761.75,3462927
2026-05-22,14:05,2026-05-22 14:05,23761.75,23781.5,23744.8,23778.35,4427532
2026-05-22,14:10,2026-05-22 14:10,23778.25,23781.6,23767.25,23778.2,4236678
2026-05-22,14:15,2026-05-22 14:15,23778.25,23781.7,23761.35,23761.4,3370631
2026-05-22,14:20,2026-05-22 14:20,23761.4,23766.5,23748.6,23760.0,3085789
2026-05-22,14:25,2026-05-22 14:25,23759.85,23765.45,23739.1,23739.3,3666673
2026-05-22,14:30,2026-05-22 14:30,23739.4,23752.5,23721.2,23745.25,4637085
2026-05-22,14:35,2026-05-22 14:35,23745.1,23748.2,23720.65,23723.9,3755507
2026-05-22,14:40,2026-05-22 14:40,23723.3,23731.4,23707.45,23709.05,4664144
2026-05-22,14:45,2026-05-22 14:45,23709.45,23733.65,23706.9,23726.0,4678503
2026-05-22,14:50,2026-05-22 14:50,23725.8,23728.7,23717.75,23720.3,5105229
2026-05-22,14:55,2026-05-22 14:55,23720.15,23726.65,23714.55,23724.45,4689477
2026-05-22,15:00,2026-05-22 15:00,23724.65,23727.6,23698.95,23710.95,10100438
2026-05-22,15:05,2026-05-22 15:05,23710.9,23717.3,23704.7,23708.7,8816622
2026-05-22,15:10,2026-05-22 15:10,23708.35,23719.9,23703.25,23718.15,8900924
2026-05-22,15:15,2026-05-22 15:15,23718.2,23730.2,23718.2,23725.35,10641643
2026-05-22,15:20,2026-05-22 15:20,23725.35,23742.1,23721.6,23740.7,11925498
2026-05-22,15:25,2026-05-22 15:25,23741.75,23751.9,23732.15,23748.85,9807445
2026-05-25,09:15,2026-05-25 09:15,23940.25,23984.35,23922.85,23967.6,20606561
2026-05-25,09:20,2026-05-25 09:20,23968.75,23987.3,23958.4,23978.3,9444501
2026-05-25,09:25,2026-05-25 09:25,23979.5,23989.1,23971.25,23981.6,9444871
2026-05-25,09:30,2026-05-25 09:30,23981.95,23984.3,23953.65,23959.15,7758267
2026-05-25,09:35,2026-05-25 09:35,23961.6,23961.7,23938.55,23940.0,7067051
2026-05-25,09:40,2026-05-25 09:40,23943.2,23948.1,23927.75,23947.5,5570910
2026-05-25,09:45,2026-05-25 09:45,23951.45,23951.45,23924.4,23937.85,5740138
2026-05-25,09:50,2026-05-25 09:50,23938.2,23945.2,23928.15,23936.75,4422195
2026-05-25,09:55,2026-05-25 09:55,23938.35,23940.5,23927.95,23937.15,4236059
2026-05-25,10:00,2026-05-25 10:00,23938.75,23946.9,23933.45,23943.25,10662383
2026-05-25,10:05,2026-05-25 10:05,23944.95,23952.8,23940.8,23952.3,4403913
2026-05-25,10:10,2026-05-25 10:10,23954.35,23959.85,23945.2,23952.05,4124700
2026-05-25,10:15,2026-05-25 10:15,23953.85,23977.9,23952.6,23970.6,3686480
2026-05-25,10:20,2026-05-25 10:20,23972.6,23980.95,23965.55,23966.75,4428872
2026-05-25,10:25,2026-05-25 10:25,23967.3,23967.95,23954.45,23958.55,2753206
2026-05-25,10:30,2026-05-25 10:30,23960.9,23973.75,23959.2,23973.35,3641183
2026-05-25,10:35,2026-05-25 10:35,23975.05,23989.25,23972.75,23985.55,4846476
2026-05-25,10:40,2026-05-25 10:40,23986.75,23992.4,23980.9,23987.4,4783471
2026-05-25,10:45,2026-05-25 10:45,23989.0,23995.9,23984.45,23987.25,4781431
2026-05-25,10:50,2026-05-25 10:50,23988.5,23990.15,23976.9,23988.85,3829404
2026-05-25,10:55,2026-05-25 10:55,23989.65,23990.55,23972.65,23978.15,4105389
2026-05-25,11:00,2026-05-25 11:00,23979.55,23982.85,23970.65,23982.85,4923840
2026-05-25,11:05,2026-05-25 11:05,23983.75,23985.95,23975.35,23979.8,3861711
2026-05-25,11:10,2026-05-25 11:10,23980.4,23989.9,23975.1,23987.6,3490803
2026-05-25,11:15,2026-05-25 11:15,23989.0,23989.0,23977.05,23979.3,3191668
2026-05-25,11:20,2026-05-25 11:20,23980.55,23980.55,23971.1,23979.5,3429906
2026-05-25,11:25,2026-05-25 11:25,23980.95,23981.9,23972.7,23977.15,3372635
2026-05-25,11:30,2026-05-25 11:30,23978.45,23978.65,23959.9,23962.4,3238284
2026-05-25,11:35,2026-05-25 11:35,23961.45,23981.4,23960.55,23981.1,3294214
2026-05-25,11:40,2026-05-25 11:40,23981.7,23990.45,23976.7,23980.95,2444029
2026-05-25,11:45,2026-05-25 11:45,23982.15,23987.05,23978.15,23980.65,3121965
2026-05-25,11:50,2026-05-25 11:50,23982.85,23990.1,23979.6,23987.7,3250728
2026-05-25,11:55,2026-05-25 11:55,23989.9,23992.7,23984.75,23986.6,4059602
2026-05-25,12:00,2026-05-25 12:00,23988.15,23988.15,23964.5,23969.8,4321928
2026-05-25,12:05,2026-05-25 12:05,23971.75,23976.4,23960.1,23963.05,4235478
2026-05-25,12:10,2026-05-25 12:10,23964.5,23971.15,23961.65,23963.9,5941731
2026-05-25,12:15,2026-05-25 12:15,23965.75,23968.65,23957.7,23967.9,3481818
2026-05-25,12:20,2026-05-25 12:20,23968.7,23968.7,23958.35,23961.55,3371295
2026-05-25,12:25,2026-05-25 12:25,23963.4,23968.25,23955.9,23956.5,3573251
2026-05-25,12:30,2026-05-25 12:30,23957.85,23962.3,23952.6,23960.4,4473437
2026-05-25,12:35,2026-05-25 12:35,23961.35,23967.05,23959.45,23960.35,3076178
2026-05-25,12:40,2026-05-25 12:40,23960.8,23967.65,23955.4,23958.55,2980571
2026-05-25,12:45,2026-05-25 12:45,23960.05,23960.6,23936.85,23941.85,2761170
2026-05-25,12:50,2026-05-25 12:50,23943.9,23953.95,23935.6,23952.6,3188998
2026-05-25,12:55,2026-05-25 12:55,23952.7,23954.85,23943.1,23954.4,3239569
2026-05-25,13:00,2026-05-25 13:00,23955.55,23977.75,23947.3,23971.75,4564117
2026-05-25,13:05,2026-05-25 13:05,23972.7,23982.3,23969.8,23978.15,3065653
2026-05-25,13:10,2026-05-25 13:10,23979.75,23983.6,23976.45,23977.2,3272363
2026-05-25,13:15,2026-05-25 13:15,23979.1,23983.25,23975.15,23982.6,3308154
2026-05-25,13:20,2026-05-25 13:20,23983.35,23983.9,23977.2,23981.55,4404155
2026-05-25,13:25,2026-05-25 13:25,23983.0,23986.25,23979.9,23984.1,3406758
2026-05-25,13:30,2026-05-25 13:30,23986.55,23991.0,23980.5,23988.05,3675738
2026-05-25,13:35,2026-05-25 13:35,23990.1,23990.1,23977.0,23980.6,2759666
2026-05-25,13:40,2026-05-25 13:40,23981.55,23981.55,23963.8,23963.95,2714238
2026-05-25,13:45,2026-05-25 13:45,23965.65,23975.25,23962.2,23971.35,2341985
2026-05-25,13:50,2026-05-25 13:50,23973.25,23977.4,23970.6,23972.1,2826842
2026-05-25,13:55,2026-05-25 13:55,23973.65,23974.55,23963.7,23965.35,2748702
2026-05-25,14:00,2026-05-25 14:00,23966.95,23978.55,23962.5,23976.7,2861752
2026-05-25,14:05,2026-05-25 14:05,23977.75,23977.75,23960.9,23962.65,2697259
2026-05-25,14:10,2026-05-25 14:10,23964.7,23972.35,23956.7,23958.55,2800142
2026-05-25,14:15,2026-05-25 14:15,23959.95,23965.55,23955.25,23958.0,3802147
2026-05-25,14:20,2026-05-25 14:20,23960.65,23967.8,23959.0,23965.45,4896219
2026-05-25,14:25,2026-05-25 14:25,23967.3,23982.85,23964.35,23978.15,3432662
2026-05-25,14:30,2026-05-25 14:30,23979.0,23988.2,23976.45,23987.15,2930040
2026-05-25,14:35,2026-05-25 14:35,23989.3,24001.55,23983.95,23996.0,3996681
2026-05-25,14:40,2026-05-25 14:40,23997.35,24009.3,23992.1,24007.8,3602229
2026-05-25,14:45,2026-05-25 14:45,24009.55,24029.65,24007.4,24019.15,4961266
2026-05-25,14:50,2026-05-25 14:50,24020.85,24030.45,24018.7,24029.5,5351711
2026-05-25,14:55,2026-05-25 14:55,24030.15,24036.8,24027.1,24035.0,4710519
2026-05-25,15:00,2026-05-25 15:00,24035.75,24038.1,24025.25,24032.55,5667674
2026-05-25,15:05,2026-05-25 15:05,24033.25,24034.25,24021.5,24026.0,5638741
2026-05-25,15:10,2026-05-25 15:10,24026.0,24037.4,24024.25,24035.25,6879868
2026-05-25,15:15,2026-05-25 15:15,24035.85,24037.15,24023.45,24025.55,7260116
2026-05-25,15:20,2026-05-25 15:20,24025.2,24035.15,24021.1,24032.45,8735921
2026-05-25,15:25,2026-05-25 15:25,24031.8,24054.45,24026.1,24049.9,9872864
2026-05-26,09:15,2026-05-26 09:15,24004.1,24020.75,23965.7,24012.55,15674453
2026-05-26,09:20,2026-05-26 09:20,24011.55,24026.45,24011.4,24020.6,8289732
2026-05-26,09:25,2026-05-26 09:25,24020.95,24041.25,24013.75,24034.1,7501683
2026-05-26,09:30,2026-05-26 09:30,24034.4,24041.55,24029.8,24030.2,7478700
2026-05-26,09:35,2026-05-26 09:35,24030.3,24072.65,24018.95,24069.4,6555607
2026-05-26,09:40,2026-05-26 09:40,24069.2,24077.2,24052.95,24062.3,4509263
2026-05-26,09:45,2026-05-26 09:45,24062.4,24065.7,24050.6,24051.75,3820377
2026-05-26,09:50,2026-05-26 09:50,24051.8,24057.5,24035.9,24035.9,3739234
2026-05-26,09:55,2026-05-26 09:55,24034.2,24037.55,24014.55,24028.75,5369118
2026-05-26,10:00,2026-05-26 10:00,24029.75,24054.4,24021.2,24048.75,4712957
2026-05-26,10:05,2026-05-26 10:05,24049.25,24051.65,24032.9,24048.3,4267705
2026-05-26,10:10,2026-05-26 10:10,24048.1,24064.1,24048.1,24063.0,5042165
2026-05-26,10:15,2026-05-26 10:15,24063.05,24065.7,24050.45,24052.95,4901137
2026-05-26,10:20,2026-05-26 10:20,24052.9,24072.65,24045.2,24071.8,5450059
2026-05-26,10:25,2026-05-26 10:25,24072.0,24076.15,24069.45,24071.4,4634141
2026-05-26,10:30,2026-05-26 10:30,24070.0,24079.25,24066.85,24078.3,3907540
2026-05-26,10:35,2026-05-26 10:35,24078.65,24089.8,24077.25,24085.0,3376739
2026-05-26,10:40,2026-05-26 10:40,24084.85,24086.05,24071.55,24073.15,3576814
2026-05-26,10:45,2026-05-26 10:45,24073.95,24076.65,24067.65,24070.15,2383312
2026-05-26,10:50,2026-05-26 10:50,24070.0,24082.65,24065.3,24078.1,3473628
2026-05-26,10:55,2026-05-26 10:55,24077.45,24081.4,24071.35,24071.85,3358702
2026-05-26,11:00,2026-05-26 11:00,24070.7,24082.65,24070.7,24075.75,3786433
2026-05-26,11:05,2026-05-26 11:05,24075.35,24077.7,24065.45,24074.95,3565404
2026-05-26,11:10,2026-05-26 11:10,24074.8,24078.85,24067.45,24069.3,2777941
2026-05-26,11:15,2026-05-26 11:15,24068.85,24070.35,24055.05,24067.8,4478395
2026-05-26,11:20,2026-05-26 11:20,24068.0,24070.75,24048.9,24050.6,3831096
2026-05-26,11:25,2026-05-26 11:25,24050.7,24061.2,24044.8,24044.8,2908130
2026-05-26,11:30,2026-05-26 11:30,24044.95,24049.35,24026.2,24047.35,3129300
2026-05-26,11:35,2026-05-26 11:35,24047.45,24070.85,24047.45,24069.95,3428633
2026-05-26,11:40,2026-05-26 11:40,24070.15,24071.9,24060.45,24063.15,2956720
2026-05-26,11:45,2026-05-26 11:45,24062.35,24066.95,24052.25,24057.95,3252352
2026-05-26,11:50,2026-05-26 11:50,24058.05,24060.9,24051.9,24055.4,2901938
2026-05-26,11:55,2026-05-26 11:55,24055.95,24061.55,24032.6,24039.95,4112978
2026-05-26,12:00,2026-05-26 12:00,24040.2,24043.1,24018.5,24037.0,4762742
2026-05-26,12:05,2026-05-26 12:05,24037.15,24043.65,24028.05,24029.0,3720074
2026-05-26,12:10,2026-05-26 12:10,24028.95,24033.85,24019.8,24022.1,5874406
2026-05-26,12:15,2026-05-26 12:15,24022.3,24037.45,24019.0,24033.9,4169468
2026-05-26,12:20,2026-05-26 12:20,24033.95,24040.8,24028.1,24029.1,3620396
2026-05-26,12:25,2026-05-26 12:25,24029.05,24032.1,24017.45,24021.9,2806268
2026-05-26,12:30,2026-05-26 12:30,24021.85,24036.4,24020.05,24022.75,3984745
2026-05-26,12:35,2026-05-26 12:35,24021.9,24026.3,24013.55,24021.85,3410902
2026-05-26,12:40,2026-05-26 12:40,24022.65,24025.35,24006.05,24010.15,4187343
2026-05-26,12:45,2026-05-26 12:45,24010.0,24012.3,23985.3,23997.6,5450255
2026-05-26,12:50,2026-05-26 12:50,23997.7,23999.95,23971.6,23997.5,6896939
2026-05-26,12:55,2026-05-26 12:55,23997.0,24002.0,23987.7,23998.55,4736050
2026-05-26,13:00,2026-05-26 13:00,23998.65,24001.95,23966.2,23971.25,4550446
2026-05-26,13:05,2026-05-26 13:05,23971.3,23981.05,23968.2,23972.45,3294676
2026-05-26,13:10,2026-05-26 13:10,23973.2,23984.8,23970.1,23974.35,2826246
2026-05-26,13:15,2026-05-26 13:15,23974.9,23982.7,23958.55,23982.1,4804052
2026-05-26,13:20,2026-05-26 13:20,23981.45,23988.15,23974.45,23976.1,4182931
2026-05-26,13:25,2026-05-26 13:25,23974.75,23991.25,23971.6,23987.5,4518567
2026-05-26,13:30,2026-05-26 13:30,23987.45,23999.25,23978.05,23982.45,3756446
2026-05-26,13:35,2026-05-26 13:35,23982.05,23985.65,23972.2,23974.6,3294484
2026-05-26,13:40,2026-05-26 13:40,23974.55,23980.85,23957.4,23958.5,3491470
2026-05-26,13:45,2026-05-26 13:45,23957.2,23970.1,23954.95,23961.45,4050615
2026-05-26,13:50,2026-05-26 13:50,23961.4,23963.0,23939.15,23949.6,4886272
2026-05-26,13:55,2026-05-26 13:55,23949.8,23953.15,23934.1,23937.2,3023795
2026-05-26,14:00,2026-05-26 14:00,23937.35,23938.85,23911.15,23917.1,4461250
2026-05-26,14:05,2026-05-26 14:05,23916.5,23940.1,23911.4,23925.9,4520209
2026-05-26,14:10,2026-05-26 14:10,23926.45,23927.55,23909.8,23924.2,6369557
2026-05-26,14:15,2026-05-26 14:15,23924.25,23927.7,23914.45,23924.45,4296467
2026-05-26,14:20,2026-05-26 14:20,23925.15,23937.35,23921.15,23934.65,4049732
2026-05-26,14:25,2026-05-26 14:25,23934.45,23940.7,23907.1,23922.6,5401671
2026-05-26,14:30,2026-05-26 14:30,23923.0,23934.0,23918.3,23924.2,5387918
2026-05-26,14:35,2026-05-26 14:35,23924.0,23927.65,23898.35,23904.75,6001126
2026-05-26,14:40,2026-05-26 14:40,23904.7,23907.2,23895.3,23898.2,4920496
2026-05-26,14:45,2026-05-26 14:45,23898.1,23903.0,23893.2,23896.2,4039905
2026-05-26,14:50,2026-05-26 14:50,23895.9,23899.05,23885.45,23889.45,4430893
2026-05-26,14:55,2026-05-26 14:55,23888.95,23918.75,23887.85,23913.05,5091516
2026-05-26,15:00,2026-05-26 15:00,23913.5,23923.25,23896.4,23909.75,11434627
2026-05-26,15:05,2026-05-26 15:05,23907.6,23931.05,23897.1,23928.65,15281137
2026-05-26,15:10,2026-05-26 15:10,23925.75,23929.65,23903.6,23908.8,10983629
2026-05-26,15:15,2026-05-26 15:15,23907.7,23917.2,23907.15,23911.05,11007266
2026-05-26,15:20,2026-05-26 15:20,23911.7,23920.1,23910.4,23918.0,11604631
2026-05-26,15:25,2026-05-26 15:25,23917.3,23940.05,23913.6,23933.75,13067096
2026-05-27,09:15,2026-05-27 09:15,23880.35,23937.8,23869.65,23926.35,29888268
2026-05-27,09:20,2026-05-27 09:20,23926.0,23950.15,23920.5,23932.75,15753631
2026-05-27,09:25,2026-05-27 09:25,23933.7,23934.45,23896.45,23903.95,10603990
2026-05-27,09:30,2026-05-27 09:30,23899.9,23901.55,23869.75,23883.1,8442573
2026-05-27,09:35,2026-05-27 09:35,23883.9,23896.8,23874.95,23885.25,9006957
2026-05-27,09:40,2026-05-27 09:40,23886.25,23919.05,23884.85,23908.6,7878341
2026-05-27,09:45,2026-05-27 09:45,23909.65,23909.65,23871.3,23890.45,9414517
2026-05-27,09:50,2026-05-27 09:50,23891.8,23895.65,23878.85,23883.9,6575835
2026-05-27,09:55,2026-05-27 09:55,23885.8,23894.45,23873.9,23874.75,7124415
2026-05-27,10:00,2026-05-27 10:00,23875.45,23912.95,23868.5,23912.95,8788590
2026-05-27,10:05,2026-05-27 10:05,23912.1,23941.05,23908.05,23933.85,7872082
2026-05-27,10:10,2026-05-27 10:10,23933.55,23946.4,23927.35,23943.25,6084776
2026-05-27,10:15,2026-05-27 10:15,23942.8,23955.6,23934.7,23951.95,6471804
2026-05-27,10:20,2026-05-27 10:20,23953.1,23959.05,23942.45,23953.0,7757736
2026-05-27,10:25,2026-05-27 10:25,23953.65,23971.0,23952.95,23963.4,9054805
2026-05-27,10:30,2026-05-27 10:30,23964.8,23965.05,23947.45,23958.05,8252670
2026-05-27,10:35,2026-05-27 10:35,23959.05,23971.05,23952.15,23953.85,5748340
2026-05-27,10:40,2026-05-27 10:40,23956.0,23959.5,23934.45,23935.95,4213584
2026-05-27,10:45,2026-05-27 10:45,23936.2,23942.4,23918.9,23942.2,5110661
2026-05-27,10:50,2026-05-27 10:50,23941.75,23967.7,23937.7,23966.95,4841215
2026-05-27,10:55,2026-05-27 10:55,23968.0,23976.4,23958.95,23966.95,4692390
2026-05-27,11:00,2026-05-27 11:00,23968.25,23968.25,23950.7,23954.4,3544203
2026-05-27,11:05,2026-05-27 11:05,23954.85,23973.2,23952.35,23965.6,4384680
2026-05-27,11:10,2026-05-27 11:10,23966.5,23968.55,23955.05,23961.9,4067509
2026-05-27,11:15,2026-05-27 11:15,23962.2,23976.4,23959.0,23972.5,3856692
2026-05-27,11:20,2026-05-27 11:20,23972.45,23981.25,23970.2,23973.6,3739513
2026-05-27,11:25,2026-05-27 11:25,23973.5,23977.35,23967.0,23974.9,3635660
2026-05-27,11:30,2026-05-27 11:30,23974.65,23983.2,23969.35,23970.3,5954877
2026-05-27,11:35,2026-05-27 11:35,23970.55,23972.3,23947.0,23949.8,4324467
2026-05-27,11:40,2026-05-27 11:40,23950.2,23967.65,23950.15,23953.5,3471976
2026-05-27,11:45,2026-05-27 11:45,23954.3,23963.6,23945.95,23947.15,4751612
2026-05-27,11:50,2026-05-27 11:50,23947.3,23951.1,23937.05,23939.0,3377060
2026-05-27,11:55,2026-05-27 11:55,23939.2,23950.25,23928.75,23933.5,3777422
2026-05-27,12:00,2026-05-27 12:00,23933.5,23941.75,23918.35,23928.05,4068501
2026-05-27,12:05,2026-05-27 12:05,23928.5,23933.3,23919.85,23929.95,3882459
2026-05-27,12:10,2026-05-27 12:10,23929.55,23934.25,23920.25,23922.55,3498004
2026-05-27,12:15,2026-05-27 12:15,23921.95,23939.0,23921.85,23936.85,4950479
2026-05-27,12:20,2026-05-27 12:20,23936.7,23940.85,23928.95,23932.15,3501282
2026-05-27,12:25,2026-05-27 12:25,23931.65,23935.0,23905.15,23906.45,4282685
2026-05-27,12:30,2026-05-27 12:30,23906.3,23918.1,23902.45,23914.45,3771956
2026-05-27,12:35,2026-05-27 12:35,23914.35,23938.0,23911.65,23929.2,3546339
2026-05-27,12:40,2026-05-27 12:40,23929.8,23938.3,23925.95,23936.1,2947590
2026-05-27,12:45,2026-05-27 12:45,23935.75,23936.35,23925.25,23930.75,2624971
2026-05-27,12:50,2026-05-27 12:50,23930.5,23931.75,23911.75,23911.75,2927157
2026-05-27,12:55,2026-05-27 12:55,23912.5,23920.3,23904.05,23905.25,3238552
2026-05-27,13:00,2026-05-27 13:00,23905.6,23916.3,23895.0,23914.35,3706192
2026-05-27,13:05,2026-05-27 13:05,23913.9,23923.45,23902.7,23902.85,4388164
2026-05-27,13:10,2026-05-27 13:10,23902.2,23918.6,23895.55,23897.15,7008456
2026-05-27,13:15,2026-05-27 13:15,23898.3,23898.7,23888.4,23888.4,3364041
2026-05-27,13:20,2026-05-27 13:20,23888.4,23900.5,23884.15,23899.25,3064482
2026-05-27,13:25,2026-05-27 13:25,23899.75,23905.3,23888.3,23892.05,4511000
2026-05-27,13:30,2026-05-27 13:30,23891.45,23902.35,23890.95,23900.4,6032766
2026-05-27,13:35,2026-05-27 13:35,23900.45,23913.3,23899.55,23910.4,4347876
2026-05-27,13:40,2026-05-27 13:40,23910.55,23915.15,23890.15,23891.25,6843720
2026-05-27,13:45,2026-05-27 13:45,23889.95,23901.15,23882.05,23893.15,4454689
2026-05-27,13:50,2026-05-27 13:50,23893.2,23913.35,23890.05,23911.3,2879348
2026-05-27,13:55,2026-05-27 13:55,23911.35,23916.35,23906.95,23912.5,3249697
2026-05-27,14:00,2026-05-27 14:00,23912.3,23924.1,23911.75,23917.9,5190946
2026-05-27,14:05,2026-05-27 14:05,23917.7,23922.35,23912.95,23914.3,8298544
2026-05-27,14:10,2026-05-27 14:10,23913.75,23915.5,23894.45,23896.0,5387428
2026-05-27,14:15,2026-05-27 14:15,23895.95,23908.05,23891.85,23902.25,6056084
2026-05-27,14:20,2026-05-27 14:20,23901.15,23922.25,23899.0,23920.25,6263190
2026-05-27,14:25,2026-05-27 14:25,23920.4,23921.2,23884.5,23890.35,7737020
2026-05-27,14:30,2026-05-27 14:30,23890.25,23890.25,23870.7,23873.95,5520288
2026-05-27,14:35,2026-05-27 14:35,23873.65,23886.5,23858.25,23881.75,8947158
2026-05-27,14:40,2026-05-27 14:40,23881.4,23887.3,23868.8,23875.05,12141142
2026-05-27,14:45,2026-05-27 14:45,23875.4,23879.6,23866.95,23878.9,9656585
2026-05-27,14:50,2026-05-27 14:50,23879.05,23886.0,23870.4,23881.35,11932118
2026-05-27,14:55,2026-05-27 14:55,23882.15,23901.05,23881.15,23896.55,8662100
2026-05-27,15:00,2026-05-27 15:00,23896.75,23897.4,23879.15,23888.2,13268747
2026-05-27,15:05,2026-05-27 15:05,23888.4,23901.8,23880.7,23900.45,12584050
2026-05-27,15:10,2026-05-27 15:10,23900.6,23906.45,23892.1,23902.8,14200615
2026-05-27,15:15,2026-05-27 15:15,23903.8,23926.85,23902.5,23919.85,18537816
2026-05-27,15:20,2026-05-27 15:20,23920.25,23926.6,23914.3,23916.4,16764726
2026-05-27,15:25,2026-05-27 15:25,23916.25,23926.7,23914.55,23921.6,19593492
2026-05-27,15:30,2026-05-27 15:30,23920.65,23920.65,23920.65,23920.65,2820528
2026-05-29,09:15,2026-05-29 09:15,23902.15,24002.8,23902.0,23963.3,56598343
2026-05-29,09:20,2026-05-29 09:20,23962.05,23976.15,23932.4,23933.1,18764028
2026-05-29,09:25,2026-05-29 09:25,23932.3,23938.35,23889.15,23893.4,21592418
2026-05-29,09:30,2026-05-29 09:30,23892.2,23915.55,23885.4,23898.1,17329090
2026-05-29,09:35,2026-05-29 09:35,23898.65,23933.85,23898.3,23922.65,15645475
2026-05-29,09:40,2026-05-29 09:40,23923.4,23933.0,23872.6,23875.75,10629465
2026-05-29,09:45,2026-05-29 09:45,23875.8,23913.6,23871.1,23912.0,8187722
2026-05-29,09:50,2026-05-29 09:50,23911.2,23922.8,23903.05,23904.05,6880007
2026-05-29,09:55,2026-05-29 09:55,23903.85,23907.7,23887.4,23907.45,7488167
2026-05-29,10:00,2026-05-29 10:00,23907.45,23931.35,23894.75,23928.45,6611719
2026-05-29,10:05,2026-05-29 10:05,23928.2,23954.5,23928.1,23943.2,5325776
2026-05-29,10:10,2026-05-29 10:10,23942.5,23950.15,23933.4,23945.7,6888940
2026-05-29,10:15,2026-05-29 10:15,23946.1,23951.9,23931.45,23933.95,5918949
2026-05-29,10:20,2026-05-29 10:20,23934.4,23947.35,23929.6,23936.9,6594312
2026-05-29,10:25,2026-05-29 10:25,23936.95,23941.55,23908.95,23911.65,4698166
2026-05-29,10:30,2026-05-29 10:30,23911.2,23920.65,23902.4,23918.95,4918477
2026-05-29,10:35,2026-05-29 10:35,23918.65,23929.65,23916.4,23916.55,4315406
2026-05-29,10:40,2026-05-29 10:40,23915.2,23921.0,23900.45,23900.65,5311188
2026-05-29,10:45,2026-05-29 10:45,23900.9,23901.25,23889.35,23896.2,5496707
2026-05-29,10:50,2026-05-29 10:50,23896.0,23896.35,23877.65,23883.4,4197265
2026-05-29,10:55,2026-05-29 10:55,23884.45,23907.8,23879.65,23903.1,4601627
2026-05-29,11:00,2026-05-29 11:00,23902.8,23911.2,23898.7,23908.85,3695318
2026-05-29,11:05,2026-05-29 11:05,23908.85,23911.55,23904.75,23908.3,4263224
2026-05-29,11:10,2026-05-29 11:10,23907.9,23912.7,23892.75,23896.85,3582908
2026-05-29,11:15,2026-05-29 11:15,23897.2,23910.15,23895.25,23903.9,4071934
2026-05-29,11:20,2026-05-29 11:20,23903.55,23905.2,23895.25,23902.95,3443136
2026-05-29,11:25,2026-05-29 11:25,23902.95,23903.55,23888.95,23889.55,3697402
2026-05-29,11:30,2026-05-29 11:30,23889.2,23893.55,23875.45,23876.8,4360284
2026-05-29,11:35,2026-05-29 11:35,23877.3,23894.5,23875.35,23886.75,5903390
2026-05-29,11:40,2026-05-29 11:40,23886.05,23888.9,23876.2,23885.9,4265013
2026-05-29,11:45,2026-05-29 11:45,23885.55,23897.0,23883.35,23892.95,4292414
2026-05-29,11:50,2026-05-29 11:50,23892.55,23914.0,23891.85,23907.8,5112357
2026-05-29,11:55,2026-05-29 11:55,23908.0,23908.15,23888.05,23890.8,4383000
2026-05-29,12:00,2026-05-29 12:00,23890.3,23891.65,23865.2,23870.5,3340152
2026-05-29,12:05,2026-05-29 12:05,23870.3,23874.55,23865.85,23867.4,2960177
2026-05-29,12:10,2026-05-29 12:10,23866.85,23867.1,23825.35,23835.7,4745512
2026-05-29,12:15,2026-05-29 12:15,23835.95,23841.15,23815.1,23839.0,4184038
2026-05-29,12:20,2026-05-29 12:20,23838.55,23850.5,23833.15,23849.1,3527824
2026-05-29,12:25,2026-05-29 12:25,23849.1,23857.75,23848.1,23855.8,3292792
2026-05-29,12:30,2026-05-29 12:30,23856.2,23858.2,23844.9,23845.6,3889906
2026-05-29,12:35,2026-05-29 12:35,23846.15,23859.05,23840.95,23856.85,3716460
2026-05-29,12:40,2026-05-29 12:40,23856.25,23857.5,23846.3,23849.9,3083051
2026-05-29,12:45,2026-05-29 12:45,23849.85,23855.25,23844.5,23851.2,3181967
2026-05-29,12:50,2026-05-29 12:50,23850.7,23851.9,23837.5,23838.55,3166717
2026-05-29,12:55,2026-05-29 12:55,23837.35,23839.45,23821.95,23837.55,4564721
2026-05-29,13:00,2026-05-29 13:00,23837.05,23838.3,23817.45,23818.25,4674831
2026-05-29,13:05,2026-05-29 13:05,23818.35,23818.4,23798.4,23798.4,4062912
2026-05-29,13:10,2026-05-29 13:10,23798.45,23802.8,23769.15,23769.25,7093234
2026-05-29,13:15,2026-05-29 13:15,23769.65,23789.5,23759.55,23780.7,5742593
2026-05-29,13:20,2026-05-29 13:20,23780.45,23782.65,23760.8,23772.5,5623481
2026-05-29,13:25,2026-05-29 13:25,23772.6,23781.05,23765.5,23775.6,4847981
2026-05-29,13:30,2026-05-29 13:30,23775.35,23786.05,23771.9,23772.75,5158571
2026-05-29,13:35,2026-05-29 13:35,23773.05,23779.4,23765.95,23769.4,4239268
2026-05-29,13:40,2026-05-29 13:40,23769.35,23780.3,23767.2,23773.4,5705300
2026-05-29,13:45,2026-05-29 13:45,23773.15,23775.1,23751.65,23754.1,5202047
2026-05-29,13:50,2026-05-29 13:50,23753.9,23762.95,23739.7,23746.05,4662039
2026-05-29,13:55,2026-05-29 13:55,23746.35,23765.35,23743.55,23757.65,3598646
2026-05-29,14:00,2026-05-29 14:00,23758.05,23759.5,23742.5,23747.15,3479952
2026-05-29,14:05,2026-05-29 14:05,23747.5,23751.9,23731.25,23744.2,4886791
2026-05-29,14:10,2026-05-29 14:10,23744.6,23751.4,23742.0,23744.45,3585152
2026-05-29,14:15,2026-05-29 14:15,23743.8,23747.85,23734.55,23736.8,4655203
2026-05-29,14:20,2026-05-29 14:20,23736.0,23753.2,23731.55,23749.35,4390917
2026-05-29,14:25,2026-05-29 14:25,23749.15,23762.25,23742.8,23760.1,4264667
2026-05-29,14:30,2026-05-29 14:30,23759.55,23802.05,23759.55,23792.55,4676089
2026-05-29,14:35,2026-05-29 14:35,23792.65,23800.05,23782.3,23789.6,4707565
2026-05-29,14:40,2026-05-29 14:40,23789.25,23795.05,23781.2,23786.1,5210658
2026-05-29,14:45,2026-05-29 14:45,23786.75,23795.3,23778.05,23785.45,6068668
2026-05-29,14:50,2026-05-29 14:50,23785.75,23787.9,23768.3,23776.6,7503303
2026-05-29,14:55,2026-05-29 14:55,23775.65,23787.25,23752.25,23773.35,7574986
2026-05-29,15:00,2026-05-29 15:00,23773.3,23773.3,23566.1,23569.4,147630527
2026-05-29,15:05,2026-05-29 15:05,23570.6,23571.15,23511.05,23512.75,130196636
2026-05-29,15:10,2026-05-29 15:10,23512.85,23529.35,23505.6,23528.7,128011933
2026-05-29,15:15,2026-05-29 15:15,23527.2,23560.8,23525.4,23538.35,121665919
2026-05-29,15:20,2026-05-29 15:20,23539.7,23540.8,23486.85,23490.5,117816561
2026-05-29,15:25,2026-05-29 15:25,23490.8,23618.0,23484.75,23609.3,95219492
2026-06-01,09:15,2026-06-01 09:15,23654.5,23733.7,23614.5,23633.0,20440914
2026-06-01,09:20,2026-06-01 09:20,23633.4,23646.05,23588.55,23598.9,9773278
2026-06-01,09:25,2026-06-01 09:25,23597.95,23612.4,23587.75,23592.95,7200833
2026-06-01,09:30,2026-06-01 09:30,23591.95,23618.7,23587.7,23609.6,8410800
2026-06-01,09:35,2026-06-01 09:35,23609.7,23611.1,23565.8,23608.75,7899746
2026-06-01,09:40,2026-06-01 09:40,23608.4,23623.8,23572.35,23576.7,6666459
2026-06-01,09:45,2026-06-01 09:45,23575.35,23594.5,23567.45,23580.2,6071428
2026-06-01,09:50,2026-06-01 09:50,23579.1,23595.4,23572.05,23585.55,6367363
2026-06-01,09:55,2026-06-01 09:55,23584.95,23588.8,23556.75,23561.8,4920399
2026-06-01,10:00,2026-06-01 10:00,23561.05,23567.55,23537.0,23538.7,5737392
2026-06-01,10:05,2026-06-01 10:05,23539.35,23569.95,23537.95,23569.85,4254691
2026-06-01,10:10,2026-06-01 10:10,23569.25,23572.35,23553.15,23553.15,3842593
2026-06-01,10:15,2026-06-01 10:15,23552.7,23564.1,23539.05,23558.65,3702065
2026-06-01,10:20,2026-06-01 10:20,23558.15,23566.4,23548.95,23549.6,4998507
2026-06-01,10:25,2026-06-01 10:25,23549.15,23561.15,23536.8,23539.85,4063401
2026-06-01,10:30,2026-06-01 10:30,23539.35,23550.2,23517.7,23530.0,3863874
2026-06-01,10:35,2026-06-01 10:35,23529.2,23553.95,23518.75,23543.05,3245005
2026-06-01,10:40,2026-06-01 10:40,23542.3,23555.15,23535.75,23538.25,6536983
2026-06-01,10:45,2026-06-01 10:45,23538.2,23578.6,23537.0,23570.7,4540412
2026-06-01,10:50,2026-06-01 10:50,23570.2,23593.85,23564.75,23593.65,3850647
2026-06-01,10:55,2026-06-01 10:55,23592.45,23597.2,23567.65,23569.75,3663711
2026-06-01,11:00,2026-06-01 11:00,23569.95,23596.2,23569.95,23593.25,3216786
2026-06-01,11:05,2026-06-01 11:05,23592.2,23613.4,23586.15,23610.05,2895251
2026-06-01,11:10,2026-06-01 11:10,23609.45,23615.5,23601.15,23606.2,5734912
2026-06-01,11:15,2026-06-01 11:15,23605.4,23619.25,23597.45,23607.9,3454684
2026-06-01,11:20,2026-06-01 11:20,23607.05,23607.6,23580.85,23581.05,2822698
2026-06-01,11:25,2026-06-01 11:25,23580.3,23584.0,23558.45,23559.15,3944497
2026-06-01,11:30,2026-06-01 11:30,23558.6,23561.85,23539.0,23545.0,5639877
2026-06-01,11:35,2026-06-01 11:35,23544.85,23570.1,23542.85,23567.5,4389961
2026-06-01,11:40,2026-06-01 11:40,23567.3,23568.75,23548.9,23550.0,3023639
2026-06-01,11:45,2026-06-01 11:45,23549.75,23555.8,23534.7,23554.35,3042672
2026-06-01,11:50,2026-06-01 11:50,23553.4,23562.2,23548.7,23554.75,2716685
2026-06-01,11:55,2026-06-01 11:55,23554.8,23555.2,23491.85,23493.75,4085045
2026-06-01,12:00,2026-06-01 12:00,23493.65,23504.9,23486.0,23499.25,5407573
2026-06-01,12:05,2026-06-01 12:05,23498.3,23520.25,23498.3,23506.05,4389458
2026-06-01,12:10,2026-06-01 12:10,23506.9,23533.35,23499.75,23530.0,4334539
2026-06-01,12:15,2026-06-01 12:15,23529.35,23533.15,23514.65,23528.75,3409647
2026-06-01,12:20,2026-06-01 12:20,23527.85,23530.85,23510.65,23518.85,3483037
2026-06-01,12:25,2026-06-01 12:25,23518.1,23525.4,23514.45,23516.95,3014371
2026-06-01,12:30,2026-06-01 12:30,23516.4,23522.7,23509.1,23513.4,2677039
2026-06-01,12:35,2026-06-01 12:35,23512.95,23526.0,23511.1,23514.65,2679656
2026-06-01,12:40,2026-06-01 12:40,23514.35,23515.9,23502.95,23515.85,2740310
2026-06-01,12:45,2026-06-01 12:45,23515.05,23536.95,23514.05,23532.8,2474123
2026-06-01,12:50,2026-06-01 12:50,23532.3,23535.85,23522.05,23528.2,2930498
2026-06-01,12:55,2026-06-01 12:55,23528.0,23531.45,23499.25,23513.45,3005378
2026-06-01,13:00,2026-06-01 13:00,23513.05,23520.75,23491.8,23496.5,3691201
2026-06-01,13:05,2026-06-01 13:05,23495.7,23501.4,23473.5,23478.65,3454377
2026-06-01,13:10,2026-06-01 13:10,23477.35,23479.05,23453.25,23460.65,4119694
2026-06-01,13:15,2026-06-01 13:15,23459.95,23478.35,23458.15,23474.25,2514412
2026-06-01,13:20,2026-06-01 13:20,23473.05,23479.1,23467.6,23469.0,2821383
2026-06-01,13:25,2026-06-01 13:25,23469.0,23486.45,23464.2,23483.5,2490902
2026-06-01,13:30,2026-06-01 13:30,23482.3,23500.4,23476.0,23485.7,3085399
2026-06-01,13:35,2026-06-01 13:35,23484.95,23492.3,23475.2,23488.15,3577967
2026-06-01,13:40,2026-06-01 13:40,23487.35,23491.1,23477.25,23482.95,2840912
2026-06-01,13:45,2026-06-01 13:45,23481.85,23483.55,23457.6,23462.1,2999037
2026-06-01,13:50,2026-06-01 13:50,23461.95,23465.4,23447.7,23452.95,3723196
2026-06-01,13:55,2026-06-01 13:55,23452.65,23464.2,23450.5,23456.1,2802510
2026-06-01,14:00,2026-06-01 14:00,23456.35,23459.6,23429.05,23442.65,3773234
2026-06-01,14:05,2026-06-01 14:05,23442.9,23445.25,23423.5,23425.05,3308341
2026-06-01,14:10,2026-06-01 14:10,23425.55,23434.2,23413.0,23416.95,3343545
2026-06-01,14:15,2026-06-01 14:15,23417.05,23428.3,23401.55,23425.1,4221546
2026-06-01,14:20,2026-06-01 14:20,23422.55,23422.85,23390.75,23393.05,3823113
2026-06-01,14:25,2026-06-01 14:25,23392.4,23407.25,23389.6,23395.0,3805736
2026-06-01,14:30,2026-06-01 14:30,23394.1,23406.05,23379.95,23394.6,4118373
2026-06-01,14:35,2026-06-01 14:35,23394.75,23421.85,23394.75,23419.95,4249716
2026-06-01,14:40,2026-06-01 14:40,23419.75,23422.65,23411.6,23417.3,3759264
2026-06-01,14:45,2026-06-01 14:45,23416.75,23427.35,23392.95,23403.45,5380084
2026-06-01,14:50,2026-06-01 14:50,23403.95,23405.35,23371.6,23381.35,4705111
2026-06-01,14:55,2026-06-01 14:55,23381.3,23383.4,23360.15,23373.7,5782358
2026-06-01,15:00,2026-06-01 15:00,23373.95,23393.15,23357.95,23391.65,21477587
2026-06-01,15:05,2026-06-01 15:05,23392.5,23410.9,23376.4,23404.35,19722225
2026-06-01,15:10,2026-06-01 15:10,23406.05,23412.1,23388.05,23389.25,17893235
2026-06-01,15:15,2026-06-01 15:15,23389.4,23402.8,23375.6,23376.85,17666606
2026-06-01,15:20,2026-06-01 15:20,23378.2,23382.15,23362.8,23370.9,18697901
2026-06-01,15:25,2026-06-01 15:25,23371.3,23389.2,23365.75,23379.2,18500884
2026-06-02,09:15,2026-06-02 09:15,23229.15,23287.4,23229.15,23286.5,24577938
2026-06-02,09:20,2026-06-02 09:20,23286.5,23290.95,23261.65,23281.6,13503059
2026-06-02,09:25,2026-06-02 09:25,23281.5,23297.75,23270.8,23282.1,8958288
2026-06-02,09:30,2026-06-02 09:30,23281.3,23288.25,23261.2,23283.7,8335932
2026-06-02,09:35,2026-06-02 09:35,23282.8,23304.5,23281.35,23295.7,7861725
2026-06-02,09:40,2026-06-02 09:40,23295.05,23307.15,23268.35,23301.95,9404959
2026-06-02,09:45,2026-06-02 09:45,23301.7,23304.95,23270.95,23283.35,8172485
2026-06-02,09:50,2026-06-02 09:50,23283.0,23313.55,23277.65,23309.3,6291614
2026-06-02,09:55,2026-06-02 09:55,23309.85,23322.75,23298.95,23316.2,6099711
2026-06-02,10:00,2026-06-02 10:00,23317.0,23320.9,23306.35,23318.55,6799413
2026-06-02,10:05,2026-06-02 10:05,23318.4,23325.15,23291.05,23295.45,7214932
2026-06-02,10:10,2026-06-02 10:10,23295.95,23298.0,23280.95,23281.45,6042526
2026-06-02,10:15,2026-06-02 10:15,23281.4,23309.5,23265.65,23308.4,6776812
2026-06-02,10:20,2026-06-02 10:20,23308.65,23361.45,23305.65,23349.75,7700457
2026-06-02,10:25,2026-06-02 10:25,23349.25,23375.95,23344.85,23371.0,7500111
2026-06-02,10:30,2026-06-02 10:30,23371.2,23373.2,23334.75,23343.85,6389674
2026-06-02,10:35,2026-06-02 10:35,23343.6,23353.8,23327.75,23349.75,6701327
2026-06-02,10:40,2026-06-02 10:40,23351.2,23358.8,23344.95,23352.35,6437297
2026-06-02,10:45,2026-06-02 10:45,23350.45,23352.15,23327.8,23330.7,5709786
2026-06-02,10:50,2026-06-02 10:50,23330.85,23337.6,23298.15,23302.6,5754095
2026-06-02,10:55,2026-06-02 10:55,23301.7,23308.95,23281.55,23301.15,7941681
2026-06-02,11:00,2026-06-02 11:00,23300.6,23310.8,23293.95,23298.85,4765271
2026-06-02,11:05,2026-06-02 11:05,23299.4,23308.8,23293.05,23293.35,3514061
2026-06-02,11:10,2026-06-02 11:10,23293.4,23314.65,23293.0,23309.65,4610893
2026-06-02,11:15,2026-06-02 11:15,23309.45,23313.25,23295.85,23309.45,4532588
2026-06-02,11:20,2026-06-02 11:20,23309.4,23363.95,23309.4,23361.35,4830766
2026-06-02,11:25,2026-06-02 11:25,23361.2,23362.85,23328.15,23340.45,4262829
2026-06-02,11:30,2026-06-02 11:30,23340.2,23344.5,23329.85,23334.55,4082454
2026-06-02,11:35,2026-06-02 11:35,23333.45,23335.55,23290.7,23292.25,4000680
2026-06-02,11:40,2026-06-02 11:40,23292.3,23315.65,23290.5,23298.3,5154169
2026-06-02,11:45,2026-06-02 11:45,23298.3,23307.05,23291.2,23302.8,5601935
2026-06-02,11:50,2026-06-02 11:50,23302.85,23310.7,23299.8,23300.3,4239306
2026-06-02,11:55,2026-06-02 11:55,23300.35,23304.9,23280.75,23284.1,5180594
2026-06-02,12:00,2026-06-02 12:00,23283.45,23300.65,23276.6,23287.65,5907476
2026-06-02,12:05,2026-06-02 12:05,23287.4,23304.4,23278.25,23302.55,3793978
2026-06-02,12:10,2026-06-02 12:10,23301.85,23302.65,23276.6,23279.3,4215590
2026-06-02,12:15,2026-06-02 12:15,23279.7,23296.6,23278.6,23287.8,4051962
2026-06-02,12:20,2026-06-02 12:20,23287.95,23294.45,23283.7,23286.65,4273959
2026-06-02,12:25,2026-06-02 12:25,23286.85,23297.35,23270.95,23274.75,5989615
2026-06-02,12:30,2026-06-02 12:30,23274.85,23350.0,23271.45,23332.0,7178976
2026-06-02,12:35,2026-06-02 12:35,23331.25,23343.35,23319.4,23337.75,6290779
2026-06-02,12:40,2026-06-02 12:40,23338.0,23374.6,23335.9,23371.3,4775863
2026-06-02,12:45,2026-06-02 12:45,23371.4,23434.5,23370.6,23426.15,9446947
2026-06-02,12:50,2026-06-02 12:50,23425.1,23449.75,23419.25,23434.35,7367443
2026-06-02,12:55,2026-06-02 12:55,23432.95,23470.8,23429.6,23456.9,5483825
2026-06-02,13:00,2026-06-02 13:00,23458.8,23459.8,23438.4,23452.85,4830704
2026-06-02,13:05,2026-06-02 13:05,23452.6,23470.4,23448.1,23457.4,4550702
2026-06-02,13:10,2026-06-02 13:10,23457.2,23499.25,23451.85,23474.25,5370992
2026-06-02,13:15,2026-06-02 13:15,23474.25,23483.6,23466.05,23467.1,4303294
2026-06-02,13:20,2026-06-02 13:20,23466.9,23483.55,23456.8,23483.4,5424045
2026-06-02,13:25,2026-06-02 13:25,23486.9,23503.65,23479.75,23502.95,4947342
2026-06-02,13:30,2026-06-02 13:30,23502.7,23535.05,23502.7,23529.85,5315012
2026-06-02,13:35,2026-06-02 13:35,23529.6,23531.05,23502.3,23507.5,4833421
2026-06-02,13:40,2026-06-02 13:40,23507.85,23510.95,23492.6,23500.5,3792561
2026-06-02,13:45,2026-06-02 13:45,23500.7,23523.75,23500.25,23520.6,5399387
2026-06-02,13:50,2026-06-02 13:50,23520.8,23530.05,23506.45,23517.85,4568631
2026-06-02,13:55,2026-06-02 13:55,23517.75,23522.55,23504.95,23515.15,4606588
2026-06-02,14:00,2026-06-02 14:00,23514.3,23528.25,23512.45,23527.8,4671486
2026-06-02,14:05,2026-06-02 14:05,23527.8,23546.2,23523.1,23544.7,4516279
2026-06-02,14:10,2026-06-02 14:10,23544.5,23546.8,23534.0,23539.65,5266539
2026-06-02,14:15,2026-06-02 14:15,23540.1,23545.2,23512.15,23514.6,4260061
2026-06-02,14:20,2026-06-02 14:20,23514.15,23556.95,23510.45,23541.95,6535205
2026-06-02,14:25,2026-06-02 14:25,23541.1,23543.85,23514.85,23516.75,10365195
2026-06-02,14:30,2026-06-02 14:30,23517.0,23535.3,23508.3,23527.65,6181412
2026-06-02,14:35,2026-06-02 14:35,23527.35,23529.6,23478.45,23478.45,5169267
2026-06-02,14:40,2026-06-02 14:40,23478.35,23480.35,23443.95,23453.0,6857927
2026-06-02,14:45,2026-06-02 14:45,23452.35,23466.1,23432.8,23464.55,6150007
2026-06-02,14:50,2026-06-02 14:50,23465.35,23480.3,23458.25,23469.1,4957389
2026-06-02,14:55,2026-06-02 14:55,23469.35,23470.3,23440.7,23441.55,4974025
2026-06-02,15:00,2026-06-02 15:00,23443.55,23468.25,23422.65,23464.15,14384290
2026-06-02,15:05,2026-06-02 15:05,23464.1,23492.25,23463.8,23486.95,14973591
2026-06-02,15:10,2026-06-02 15:10,23487.35,23500.15,23483.05,23490.0,10394183
2026-06-02,15:15,2026-06-02 15:15,23489.8,23520.35,23488.55,23510.85,13145027
2026-06-02,15:20,2026-06-02 15:20,23511.4,23514.45,23499.6,23511.75,15139208
2026-06-02,15:25,2026-06-02 15:25,23512.05,23525.7,23500.75,23523.3,13076264
2026-06-03,09:15,2026-06-03 09:15,23415.95,23447.65,23288.2,23299.3,21632872
2026-06-03,09:20,2026-06-03 09:20,23299.9,23311.85,23285.95,23304.25,11416714
2026-06-03,09:25,2026-06-03 09:25,23305.8,23307.8,23265.25,23292.7,8517625
2026-06-03,09:30,2026-06-03 09:30,23293.5,23299.8,23247.0,23248.45,8722799
2026-06-03,09:35,2026-06-03 09:35,23248.85,23279.8,23244.45,23270.9,6403407
2026-06-03,09:40,2026-06-03 09:40,23272.45,23277.55,23255.25,23268.95,6473013
2026-06-03,09:45,2026-06-03 09:45,23269.05,23280.95,23259.35,23274.6,6640888
2026-06-03,09:50,2026-06-03 09:50,23275.15,23299.55,23242.25,23244.0,6025513
2026-06-03,09:55,2026-06-03 09:55,23245.0,23268.85,23225.5,23252.65,6396567
2026-06-03,10:00,2026-06-03 10:00,23253.15,23281.25,23246.7,23281.25,5687440
2026-06-03,10:05,2026-06-03 10:05,23281.6,23287.4,23257.45,23258.0,5674740
2026-06-03,10:10,2026-06-03 10:10,23256.35,23257.5,23232.75,23240.5,4769439
2026-06-03,10:15,2026-06-03 10:15,23240.45,23269.8,23228.95,23265.25,5290392
2026-06-03,10:20,2026-06-03 10:20,23265.95,23283.2,23260.9,23261.45,4961043
2026-06-03,10:25,2026-06-03 10:25,23261.85,23272.25,23240.25,23246.3,7654926
2026-06-03,10:30,2026-06-03 10:30,23247.0,23255.3,23212.1,23215.0,4241533
2026-06-03,10:35,2026-06-03 10:35,23216.1,23240.65,23213.65,23232.85,3272944
2026-06-03,10:40,2026-06-03 10:40,23233.3,23245.0,23225.15,23227.15,4455930
2026-06-03,10:45,2026-06-03 10:45,23227.55,23241.55,23217.1,23241.2,4151751
2026-06-03,10:50,2026-06-03 10:50,23242.15,23243.35,23228.6,23242.95,5619521
2026-06-03,10:55,2026-06-03 10:55,23243.65,23244.25,23218.25,23226.05,4418693
2026-06-03,11:00,2026-06-03 11:00,23227.25,23233.0,23211.5,23219.15,3596178
2026-06-03,11:05,2026-06-03 11:05,23219.5,23220.15,23194.8,23195.45,4746972
2026-06-03,11:10,2026-06-03 11:10,23195.9,23211.25,23195.9,23202.85,4921866
2026-06-03,11:15,2026-06-03 11:15,23203.6,23227.15,23198.8,23220.1,6030809
2026-06-03,11:20,2026-06-03 11:20,23220.45,23244.85,23214.4,23224.8,5236227
2026-06-03,11:25,2026-06-03 11:25,23225.65,23236.15,23208.2,23215.85,3869537
2026-06-03,11:30,2026-06-03 11:30,23216.95,23234.75,23211.1,23221.7,3836054
2026-06-03,11:35,2026-06-03 11:35,23222.8,23223.95,23202.85,23211.5,5215935
2026-06-03,11:40,2026-06-03 11:40,23212.6,23222.1,23202.6,23214.2,3628020
2026-06-03,11:45,2026-06-03 11:45,23215.05,23224.2,23213.65,23217.6,3795920
2026-06-03,11:50,2026-06-03 11:50,23217.5,23225.9,23206.7,23219.4,4771666
2026-06-03,11:55,2026-06-03 11:55,23220.1,23220.1,23191.4,23192.25,4798661
2026-06-03,12:00,2026-06-03 12:00,23193.25,23202.75,23151.5,23170.4,5469051
2026-06-03,12:05,2026-06-03 12:05,23172.0,23186.8,23168.6,23184.3,4425596
2026-06-03,12:10,2026-06-03 12:10,23185.0,23188.75,23171.75,23180.7,4306608
2026-06-03,12:15,2026-06-03 12:15,23181.25,23187.55,23176.55,23184.9,3937458
2026-06-03,12:20,2026-06-03 12:20,23185.25,23201.35,23181.9,23187.95,4813978
2026-06-03,12:25,2026-06-03 12:25,23188.1,23241.65,23185.15,23235.45,6426966
2026-06-03,12:30,2026-06-03 12:30,23236.35,23290.8,23236.2,23289.9,7906750
2026-06-03,12:35,2026-06-03 12:35,23290.55,23335.9,23283.85,23324.5,14757530
2026-06-03,12:40,2026-06-03 12:40,23325.8,23347.55,23320.7,23323.0,5341269
2026-06-03,12:45,2026-06-03 12:45,23325.15,23331.55,23291.85,23300.45,4783052
2026-06-03,12:50,2026-06-03 12:50,23301.15,23315.15,23274.6,23275.2,4380453
2026-06-03,12:55,2026-06-03 12:55,23275.7,23298.75,23271.95,23283.3,3750330
2026-06-03,13:00,2026-06-03 13:00,23284.2,23305.95,23279.95,23292.2,3601635
2026-06-03,13:05,2026-06-03 13:05,23293.3,23296.75,23275.05,23286.95,3246186
2026-06-03,13:10,2026-06-03 13:10,23287.0,23298.35,23275.7,23298.35,3259185
2026-06-03,13:15,2026-06-03 13:15,23302.95,23326.3,23300.3,23307.8,4570726
2026-06-03,13:20,2026-06-03 13:20,23309.95,23345.25,23308.65,23338.1,4425740
2026-06-03,13:25,2026-06-03 13:25,23339.1,23349.75,23335.0,23345.0,3381217
2026-06-03,13:30,2026-06-03 13:30,23345.95,23351.5,23323.1,23344.6,3404782
2026-06-03,13:35,2026-06-03 13:35,23344.65,23348.5,23333.65,23336.05,3797940
2026-06-03,13:40,2026-06-03 13:40,23336.8,23352.8,23316.4,23320.6,4127438
2026-06-03,13:45,2026-06-03 13:45,23322.25,23427.05,23321.35,23392.55,7478398
2026-06-03,13:50,2026-06-03 13:50,23393.0,23397.8,23360.35,23375.8,4082664
2026-06-03,13:55,2026-06-03 13:55,23376.8,23377.1,23346.85,23361.1,6719854
2026-06-03,14:00,2026-06-03 14:00,23363.55,23395.3,23363.1,23394.95,3437316
2026-06-03,14:05,2026-06-03 14:05,23394.95,23404.1,23375.35,23383.3,4903636
2026-06-03,14:10,2026-06-03 14:10,23384.6,23391.6,23371.25,23388.2,4313058
2026-06-03,14:15,2026-06-03 14:15,23388.3,23415.65,23387.5,23406.05,3824881
2026-06-03,14:20,2026-06-03 14:20,23407.65,23439.5,23397.35,23433.65,5155412
2026-06-03,14:25,2026-06-03 14:25,23434.7,23435.55,23400.75,23406.75,3818431
2026-06-03,14:30,2026-06-03 14:30,23408.45,23433.4,23405.2,23424.5,4934108
2026-06-03,14:35,2026-06-03 14:35,23426.5,23429.05,23400.55,23424.45,4768373
2026-06-03,14:40,2026-06-03 14:40,23425.65,23445.2,23423.65,23439.8,5123036
2026-06-03,14:45,2026-06-03 14:45,23440.1,23444.65,23425.85,23435.05,4524362
2026-06-03,14:50,2026-06-03 14:50,23435.95,23459.55,23428.95,23450.3,8391926
2026-06-03,14:55,2026-06-03 14:55,23452.25,23452.95,23427.1,23442.95,6260779
2026-06-03,15:00,2026-06-03 15:00,23443.8,23459.65,23392.4,23431.2,10988859
2026-06-03,15:05,2026-06-03 15:05,23431.55,23447.05,23382.55,23389.4,11175073
2026-06-03,15:10,2026-06-03 15:10,23391.05,23396.6,23373.9,23395.85,9734397
2026-06-03,15:15,2026-06-03 15:15,23396.1,23411.3,23394.1,23402.35,10801357
2026-06-03,15:20,2026-06-03 15:20,23402.5,23408.95,23398.7,23400.15,11415990
2026-06-03,15:25,2026-06-03 15:25,23400.9,23409.35,23389.0,23396.95,13278425
2026-06-03,15:30,2026-06-03 15:30,23396.2,23396.2,23396.2,23396.2,1716674
2026-06-04,09:15,2026-06-04 09:15,23282.45,23362.85,23247.3,23345.9,17359245
2026-06-04,09:20,2026-06-04 09:20,23344.5,23357.8,23318.2,23340.45,8275886
2026-06-04,09:25,2026-06-04 09:25,23339.6,23356.75,23329.75,23334.8,6617978
2026-06-04,09:30,2026-06-04 09:30,23334.75,23339.3,23304.35,23330.95,7010350
2026-06-04,09:35,2026-06-04 09:35,23331.5,23366.65,23320.75,23321.45,5239113
2026-06-04,09:40,2026-06-04 09:40,23321.8,23356.9,23307.8,23355.35,4754040
2026-06-04,09:45,2026-06-04 09:45,23355.5,23395.0,23355.5,23388.35,5369439
2026-06-04,09:50,2026-06-04 09:50,23386.9,23394.5,23375.3,23394.35,4037578
2026-06-04,09:55,2026-06-04 09:55,23393.85,23443.35,23388.35,23407.85,6203571
2026-06-04,10:00,2026-06-04 10:00,23407.3,23430.65,23398.9,23420.8,5742422
2026-06-04,10:05,2026-06-04 10:05,23421.15,23442.3,23420.65,23433.8,5032273
2026-06-04,10:10,2026-06-04 10:10,23432.2,23443.7,23426.75,23431.35,4657448
2026-06-04,10:15,2026-06-04 10:15,23431.9,23449.5,23417.05,23442.85,5065307
2026-06-04,10:20,2026-06-04 10:20,23443.2,23449.7,23434.15,23447.55,4672607
2026-06-04,10:25,2026-06-04 10:25,23447.2,23450.1,23422.55,23423.5,5267693
2026-06-04,10:30,2026-06-04 10:30,23423.0,23426.6,23387.4,23388.0,4413403
2026-06-04,10:35,2026-06-04 10:35,23388.45,23401.65,23375.55,23385.95,4060284
2026-06-04,10:40,2026-06-04 10:40,23385.7,23411.7,23385.4,23410.65,3274746
2026-06-04,10:45,2026-06-04 10:45,23411.05,23446.45,23409.65,23420.05,4250728
2026-06-04,10:50,2026-06-04 10:50,23420.3,23428.2,23409.8,23421.6,3556442
2026-06-04,10:55,2026-06-04 10:55,23421.4,23434.65,23421.4,23424.9,3486612
2026-06-04,11:00,2026-06-04 11:00,23424.1,23430.35,23385.35,23398.4,6610982
2026-06-04,11:05,2026-06-04 11:05,23398.1,23400.4,23374.8,23385.4,3939938
2026-06-04,11:10,2026-06-04 11:10,23385.65,23405.6,23382.95,23401.85,3755474
2026-06-04,11:15,2026-06-04 11:15,23402.05,23403.8,23385.05,23385.05,4134181
2026-06-04,11:20,2026-06-04 11:20,23385.05,23394.1,23383.95,23389.1,3228458
2026-06-04,11:25,2026-06-04 11:25,23389.35,23403.75,23379.5,23392.7,4966547
2026-06-04,11:30,2026-06-04 11:30,23392.65,23401.8,23359.45,23401.55,3891340
2026-06-04,11:35,2026-06-04 11:35,23401.45,23446.45,23397.6,23445.7,5075293
2026-06-04,11:40,2026-06-04 11:40,23445.65,23462.3,23442.6,23443.65,3872009
2026-06-04,11:45,2026-06-04 11:45,23443.75,23451.65,23435.45,23439.9,3353821
2026-06-04,11:50,2026-06-04 11:50,23439.3,23442.5,23398.75,23402.3,3687482
2026-06-04,11:55,2026-06-04 11:55,23403.1,23431.05,23397.0,23419.05,5737577
2026-06-04,12:00,2026-06-04 12:00,23419.15,23441.75,23416.25,23431.2,3474386
2026-06-04,12:05,2026-06-04 12:05,23431.4,23447.85,23429.4,23445.15,6320694
2026-06-04,12:10,2026-06-04 12:10,23445.85,23450.45,23428.75,23439.7,6653262
2026-06-04,12:15,2026-06-04 12:15,23439.25,23450.0,23428.1,23430.55,3868620
2026-06-04,12:20,2026-06-04 12:20,23430.0,23437.3,23423.35,23428.8,3208326
2026-06-04,12:25,2026-06-04 12:25,23428.5,23435.3,23422.25,23430.65,3694152
2026-06-04,12:30,2026-06-04 12:30,23430.45,23432.0,23395.95,23397.05,3136480
2026-06-04,12:35,2026-06-04 12:35,23396.55,23402.05,23381.3,23402.05,4085075
2026-06-04,12:40,2026-06-04 12:40,23402.35,23406.0,23383.5,23385.35,3918244
2026-06-04,12:45,2026-06-04 12:45,23384.45,23405.15,23382.9,23399.0,4723612
2026-06-04,12:50,2026-06-04 12:50,23398.45,23405.0,23390.05,23405.0,3899358
2026-06-04,12:55,2026-06-04 12:55,23405.1,23416.05,23401.25,23415.9,3045768
2026-06-04,13:00,2026-06-04 13:00,23415.75,23422.0,23401.5,23411.85,3936686
2026-06-04,13:05,2026-06-04 13:05,23411.9,23412.1,23383.1,23405.8,4079479
2026-06-04,13:10,2026-06-04 13:10,23405.25,23409.85,23332.8,23334.25,6942059
2026-06-04,13:15,2026-06-04 13:15,23333.65,23356.7,23313.15,23353.3,5971639
2026-06-04,13:20,2026-06-04 13:20,23352.7,23363.7,23336.1,23356.15,9320096
2026-06-04,13:25,2026-06-04 13:25,23354.75,23368.65,23349.45,23362.25,4601937
2026-06-04,13:30,2026-06-04 13:30,23362.55,23366.35,23348.7,23365.1,3123619
2026-06-04,13:35,2026-06-04 13:35,23364.65,23375.25,23362.3,23372.2,3067040
2026-06-04,13:40,2026-06-04 13:40,23372.1,23374.75,23346.15,23361.5,2903100
2026-06-04,13:45,2026-06-04 13:45,23360.9,23375.35,23355.35,23369.95,3182940
2026-06-04,13:50,2026-06-04 13:50,23370.05,23374.1,23351.8,23365.75,3526956
2026-06-04,13:55,2026-06-04 13:55,23365.6,23377.85,23350.25,23367.9,3034807
2026-06-04,14:00,2026-06-04 14:00,23368.9,23418.4,23367.75,23410.05,5392931
2026-06-04,14:05,2026-06-04 14:05,23410.55,23425.35,23400.25,23424.6,4003829
2026-06-04,14:10,2026-06-04 14:10,23424.35,23433.75,23412.85,23413.9,3745821
2026-06-04,14:15,2026-06-04 14:15,23414.3,23429.15,23413.9,23417.3,4097630
2026-06-04,14:20,2026-06-04 14:20,23417.6,23424.9,23405.9,23413.35,3494440
2026-06-04,14:25,2026-06-04 14:25,23413.5,23429.15,23413.35,23419.75,3868705
2026-06-04,14:30,2026-06-04 14:30,23420.1,23448.3,23415.3,23429.0,6367734
2026-06-04,14:35,2026-06-04 14:35,23430.0,23452.85,23429.95,23448.5,4698684
2026-06-04,14:40,2026-06-04 14:40,23449.35,23450.15,23431.8,23433.2,4809474
2026-06-04,14:45,2026-06-04 14:45,23433.3,23465.3,23427.85,23437.6,6493635
2026-06-04,14:50,2026-06-04 14:50,23438.1,23441.45,23406.8,23407.65,5182186
2026-06-04,14:55,2026-06-04 14:55,23406.55,23417.3,23402.7,23415.15,4766258
2026-06-04,15:00,2026-06-04 15:00,23414.8,23418.35,23385.3,23390.65,16356009
2026-06-04,15:05,2026-06-04 15:05,23390.7,23416.75,23388.4,23412.65,11872849
2026-06-04,15:10,2026-06-04 15:10,23413.1,23420.35,23409.75,23418.05,10568428
2026-06-04,15:15,2026-06-04 15:15,23419.05,23428.45,23413.0,23419.7,11117178
2026-06-04,15:20,2026-06-04 15:20,23419.6,23434.35,23411.7,23430.2,13303205
2026-06-04,15:25,2026-06-04 15:25,23429.7,23446.8,23428.2,23438.0,13910569
2026-06-05,09:15,2026-06-05 09:15,23478.95,23516.35,23446.1,23456.15,20438764
2026-06-05,09:20,2026-06-05 09:20,23456.05,23468.35,23439.3,23451.2,9007015
2026-06-05,09:25,2026-06-05 09:25,23451.0,23465.45,23442.25,23461.95,8122991
2026-06-05,09:30,2026-06-05 09:30,23462.2,23480.55,23452.6,23461.1,6678676
2026-06-05,09:35,2026-06-05 09:35,23461.1,23486.95,23445.95,23463.75,7688519
2026-06-05,09:40,2026-06-05 09:40,23461.55,23480.55,23447.25,23476.3,6285062
2026-06-05,09:45,2026-06-05 09:45,23476.05,23477.95,23445.9,23445.9,8376591
2026-06-05,09:50,2026-06-05 09:50,23446.1,23466.6,23439.15,23457.9,5605762
2026-06-05,09:55,2026-06-05 09:55,23457.5,23463.1,23443.15,23443.95,5240758
2026-06-05,10:00,2026-06-05 10:00,23443.65,23484.25,23423.85,23469.15,6220700
2026-06-05,10:05,2026-06-05 10:05,23468.85,23497.8,23436.55,23491.2,6530906
2026-06-05,10:10,2026-06-05 10:10,23491.5,23512.65,23467.55,23468.5,6019111
2026-06-05,10:15,2026-06-05 10:15,23467.7,23486.2,23452.95,23478.5,3517301
2026-06-05,10:20,2026-06-05 10:20,23478.15,23492.8,23465.7,23490.0,3609586
2026-06-05,10:25,2026-06-05 10:25,23489.8,23497.5,23461.35,23470.55,4189426
2026-06-05,10:30,2026-06-05 10:30,23470.95,23474.25,23431.1,23431.1,3344667
2026-06-05,10:35,2026-06-05 10:35,23432.0,23434.95,23360.7,23364.15,5705290
2026-06-05,10:40,2026-06-05 10:40,23364.75,23371.1,23342.2,23359.75,5193929
2026-06-05,10:45,2026-06-05 10:45,23360.2,23375.25,23331.8,23373.9,5051417
2026-06-05,10:50,2026-06-05 10:50,23374.05,23392.5,23373.4,23382.75,4068312
2026-06-05,10:55,2026-06-05 10:55,23382.75,23404.65,23378.65,23402.3,4095852
2026-06-05,11:00,2026-06-05 11:00,23403.6,23454.45,23403.6,23453.9,4874082
2026-06-05,11:05,2026-06-05 11:05,23453.9,23494.8,23449.3,23469.55,7868711
2026-06-05,11:10,2026-06-05 11:10,23470.2,23478.75,23444.3,23444.4,4826972
2026-06-05,11:15,2026-06-05 11:15,23443.95,23452.2,23418.95,23429.3,3944688
2026-06-05,11:20,2026-06-05 11:20,23428.6,23431.85,23393.1,23412.05,4089825
2026-06-05,11:25,2026-06-05 11:25,23411.15,23420.55,23404.0,23418.35,3804205
2026-06-05,11:30,2026-06-05 11:30,23418.3,23436.85,23416.25,23422.9,3658781
2026-06-05,11:35,2026-06-05 11:35,23422.95,23426.45,23403.35,23413.7,4189783
2026-06-05,11:40,2026-06-05 11:40,23414.35,23442.95,23410.65,23422.8,4270069
2026-06-05,11:45,2026-06-05 11:45,23424.35,23440.95,23421.6,23433.2,2534531
2026-06-05,11:50,2026-06-05 11:50,23433.65,23435.0,23413.4,23413.7,2996957
2026-06-05,11:55,2026-06-05 11:55,23413.75,23417.25,23396.95,23397.5,2756529
2026-06-05,12:00,2026-06-05 12:00,23397.9,23430.35,23397.05,23429.3,3413074
2026-06-05,12:05,2026-06-05 12:05,23429.6,23438.2,23424.75,23425.85,2852387
2026-06-05,12:10,2026-06-05 12:10,23426.5,23441.45,23410.0,23439.5,2626750
2026-06-05,12:15,2026-06-05 12:15,23439.75,23448.15,23431.55,23436.0,2519892
2026-06-05,12:20,2026-06-05 12:20,23436.0,23449.05,23433.9,23444.75,2824290
2026-06-05,12:25,2026-06-05 12:25,23445.1,23455.25,23436.5,23437.0,3091362
2026-06-05,12:30,2026-06-05 12:30,23436.85,23439.7,23405.4,23413.2,2582684
2026-06-05,12:35,2026-06-05 12:35,23413.25,23419.7,23381.2,23400.65,3259265
2026-06-05,12:40,2026-06-05 12:40,23400.9,23403.25,23367.3,23374.65,4355357
2026-06-05,12:45,2026-06-05 12:45,23374.9,23388.25,23369.35,23373.6,2540915
2026-06-05,12:50,2026-06-05 12:50,23373.55,23378.2,23351.2,23366.1,3757968
2026-06-05,12:55,2026-06-05 12:55,23365.8,23372.5,23362.15,23367.7,2988044
2026-06-05,13:00,2026-06-05 13:00,23367.55,23374.3,23358.5,23374.05,3028612
2026-06-05,13:05,2026-06-05 13:05,23374.0,23376.2,23343.55,23347.45,4234206
2026-06-05,13:10,2026-06-05 13:10,23348.4,23353.25,23333.8,23337.5,3486097
2026-06-05,13:15,2026-06-05 13:15,23337.95,23360.8,23330.65,23355.1,2268745
2026-06-05,13:20,2026-06-05 13:20,23355.5,23356.95,23315.2,23325.8,3076517
2026-06-05,13:25,2026-06-05 13:25,23325.55,23344.8,23310.55,23310.6,3246612
2026-06-05,13:30,2026-06-05 13:30,23310.5,23328.6,23292.15,23310.25,4422275
2026-06-05,13:35,2026-06-05 13:35,23310.9,23321.8,23304.8,23318.45,2653576
2026-06-05,13:40,2026-06-05 13:40,23318.55,23321.3,23282.65,23300.1,2862457
2026-06-05,13:45,2026-06-05 13:45,23300.4,23321.35,23296.75,23317.0,2381018
2026-06-05,13:50,2026-06-05 13:50,23317.55,23322.5,23306.85,23312.6,3099167
2026-06-05,13:55,2026-06-05 13:55,23311.6,23330.85,23308.2,23330.85,3139723
2026-06-05,14:00,2026-06-05 14:00,23330.25,23339.5,23320.4,23328.35,3247073
2026-06-05,14:05,2026-06-05 14:05,23329.4,23341.95,23326.85,23330.45,2750223
2026-06-05,14:10,2026-06-05 14:10,23333.2,23334.05,23313.5,23320.15,2754373
2026-06-05,14:15,2026-06-05 14:15,23320.9,23321.55,23303.15,23311.65,3022148
2026-06-05,14:20,2026-06-05 14:20,23311.45,23327.15,23301.0,23324.2,2821168
2026-06-05,14:25,2026-06-05 14:25,23324.8,23354.05,23323.8,23351.6,3821905
2026-06-05,14:30,2026-06-05 14:30,23351.8,23365.65,23343.15,23345.8,3386408
2026-06-05,14:35,2026-06-05 14:35,23344.7,23350.15,23318.75,23335.3,4680836
2026-06-05,14:40,2026-06-05 14:40,23334.5,23405.05,23332.6,23398.8,5332863
2026-06-05,14:45,2026-06-05 14:45,23398.05,23418.25,23364.7,23373.0,5675742
2026-06-05,14:50,2026-06-05 14:50,23373.35,23388.8,23372.35,23383.45,4030582
2026-06-05,14:55,2026-06-05 14:55,23382.1,23387.25,23353.3,23361.8,4577484
2026-06-05,15:00,2026-06-05 15:00,23365.0,23368.9,23326.95,23360.5,7962870
2026-06-05,15:05,2026-06-05 15:05,23360.55,23368.45,23353.3,23362.45,7944871
2026-06-05,15:10,2026-06-05 15:10,23363.3,23369.85,23355.8,23365.75,8007264
2026-06-05,15:15,2026-06-05 15:15,23366.55,23386.5,23365.85,23372.75,10249476
2026-06-05,15:20,2026-06-05 15:20,23373.0,23377.9,23361.05,23371.0,10422583
2026-06-05,15:25,2026-06-05 15:25,23370.2,23379.2,23364.05,23368.85,10521760
2026-06-08,09:15,2026-06-08 09:15,23080.7,23139.55,23070.15,23130.55,18927672
2026-06-08,09:20,2026-06-08 09:20,23133.35,23145.35,23103.65,23136.0,12288771
2026-06-08,09:25,2026-06-08 09:25,23136.65,23157.05,23125.2,23155.5,8118728
2026-06-08,09:30,2026-06-08 09:30,23156.1,23184.9,23147.3,23184.35,7309803
2026-06-08,09:35,2026-06-08 09:35,23184.95,23185.2,23132.85,23155.6,8973017
2026-06-08,09:40,2026-06-08 09:40,23155.75,23171.5,23144.9,23159.15,6242758
2026-06-08,09:45,2026-06-08 09:45,23159.85,23178.85,23134.5,23134.5,5905551
2026-06-08,09:50,2026-06-08 09:50,23135.55,23173.45,23125.25,23173.05,5826380
2026-06-08,09:55,2026-06-08 09:55,23174.15,23202.0,23171.85,23199.5,5225175
2026-06-08,10:00,2026-06-08 10:00,23199.85,23200.4,23166.7,23169.8,7887723
2026-06-08,10:05,2026-06-08 10:05,23163.35,23193.85,23154.35,23187.8,5134774
2026-06-08,10:10,2026-06-08 10:10,23188.6,23192.65,23173.95,23174.25,3169988
2026-06-08,10:15,2026-06-08 10:15,23174.55,23187.65,23166.45,23186.1,4111423
2026-06-08,10:20,2026-06-08 10:20,23186.45,23188.0,23176.05,23182.75,3908320
2026-06-08,10:25,2026-06-08 10:25,23183.15,23184.75,23163.25,23172.45,3954137
2026-06-08,10:30,2026-06-08 10:30,23173.2,23215.55,23172.3,23213.45,3789842
2026-06-08,10:35,2026-06-08 10:35,23214.0,23216.0,23200.05,23207.95,3011852
2026-06-08,10:40,2026-06-08 10:40,23207.85,23223.45,23190.55,23191.65,3739855
2026-06-08,10:45,2026-06-08 10:45,23192.25,23202.9,23181.1,23202.55,5095636
2026-06-08,10:50,2026-06-08 10:50,23203.25,23211.9,23192.2,23195.9,4267755
2026-06-08,10:55,2026-06-08 10:55,23196.15,23218.7,23191.35,23217.45,3164694
2026-06-08,11:00,2026-06-08 11:00,23217.9,23218.6,23207.05,23210.15,2728474
2026-06-08,11:05,2026-06-08 11:05,23209.95,23211.2,23192.75,23206.25,4001086
2026-06-08,11:10,2026-06-08 11:10,23206.2,23210.6,23194.2,23198.85,4564946
2026-06-08,11:15,2026-06-08 11:15,23199.75,23204.7,23179.0,23182.55,5482176
2026-06-08,11:20,2026-06-08 11:20,23183.25,23192.55,23179.95,23183.75,4373945
2026-06-08,11:25,2026-06-08 11:25,23184.55,23190.0,23179.1,23186.15,3685026
2026-06-08,11:30,2026-06-08 11:30,23186.55,23199.8,23182.7,23199.05,5934550
2026-06-08,11:35,2026-06-08 11:35,23199.15,23209.05,23193.5,23206.3,4699638
2026-06-08,11:40,2026-06-08 11:40,23207.15,23211.6,23201.95,23205.45,3773438
2026-06-08,11:45,2026-06-08 11:45,23206.1,23215.3,23200.4,23213.95,5046796
2026-06-08,11:50,2026-06-08 11:50,23214.4,23214.4,23198.3,23205.6,3426031
2026-06-08,11:55,2026-06-08 11:55,23207.2,23212.7,23198.4,23205.45,3347121
2026-06-08,12:00,2026-06-08 12:00,23205.8,23209.65,23197.6,23207.25,2983343
2026-06-08,12:05,2026-06-08 12:05,23207.9,23212.95,23193.8,23204.45,3688680
2026-06-08,12:10,2026-06-08 12:10,23205.0,23224.4,23205.0,23212.45,2592271
2026-06-08,12:15,2026-06-08 12:15,23212.45,23215.65,23208.0,23212.65,2171350
2026-06-08,12:20,2026-06-08 12:20,23212.65,23226.0,23212.45,23225.45,2830604
2026-06-08,12:25,2026-06-08 12:25,23225.55,23226.45,23216.8,23218.75,2627208
2026-06-08,12:30,2026-06-08 12:30,23219.2,23227.65,23215.25,23220.55,3092239
2026-06-08,12:35,2026-06-08 12:35,23221.9,23224.0,23216.85,23222.35,3137384
2026-06-08,12:40,2026-06-08 12:40,23223.0,23245.6,23221.35,23237.85,3385678
2026-06-08,12:45,2026-06-08 12:45,23238.65,23247.35,23229.6,23245.3,2815952
2026-06-08,12:50,2026-06-08 12:50,23245.9,23267.3,23244.05,23248.3,3439250
2026-06-08,12:55,2026-06-08 12:55,23250.55,23256.25,23245.5,23246.15,2458345
2026-06-08,13:00,2026-06-08 13:00,23247.1,23247.8,23226.1,23226.55,4762907
2026-06-08,13:05,2026-06-08 13:05,23227.3,23229.35,23212.55,23219.5,4003935
2026-06-08,13:10,2026-06-08 13:10,23220.5,23221.0,23213.35,23216.3,2554942
2026-06-08,13:15,2026-06-08 13:15,23216.5,23225.7,23212.5,23215.2,3489489
2026-06-08,13:20,2026-06-08 13:20,23215.25,23216.15,23208.9,23210.4,2534152
2026-06-08,13:25,2026-06-08 13:25,23210.6,23212.0,23194.7,23209.05,3682635
2026-06-08,13:30,2026-06-08 13:30,23208.7,23215.3,23188.35,23195.55,3031826
2026-06-08,13:35,2026-06-08 13:35,23196.25,23199.5,23184.25,23195.7,2969595
2026-06-08,13:40,2026-06-08 13:40,23197.25,23197.85,23169.75,23171.0,2924979
2026-06-08,13:45,2026-06-08 13:45,23171.9,23177.0,23150.4,23170.3,4883143
2026-06-08,13:50,2026-06-08 13:50,23171.55,23175.65,23157.3,23165.9,2996560
2026-06-08,13:55,2026-06-08 13:55,23166.3,23174.1,23156.15,23172.45,3056401
2026-06-08,14:00,2026-06-08 14:00,23173.45,23184.7,23171.5,23180.35,3009254
2026-06-08,14:05,2026-06-08 14:05,23180.4,23183.2,23160.6,23163.1,4223141
2026-06-08,14:10,2026-06-08 14:10,23163.75,23167.7,23156.25,23156.85,3183287
2026-06-08,14:15,2026-06-08 14:15,23157.35,23173.2,23145.7,23168.75,3749986
2026-06-08,14:20,2026-06-08 14:20,23168.85,23168.85,23151.05,23155.4,2825542
2026-06-08,14:25,2026-06-08 14:25,23155.15,23158.45,23147.35,23149.1,2852093
2026-06-08,14:30,2026-06-08 14:30,23148.6,23163.2,23147.3,23159.05,2955190
2026-06-08,14:35,2026-06-08 14:35,23160.3,23167.55,23153.9,23158.15,4363757
2026-06-08,14:40,2026-06-08 14:40,23158.75,23181.0,23151.9,23179.9,3872909
2026-06-08,14:45,2026-06-08 14:45,23181.4,23189.8,23160.6,23174.85,5607878
2026-06-08,14:50,2026-06-08 14:50,23175.5,23181.45,23167.3,23177.4,5599542
2026-06-08,14:55,2026-06-08 14:55,23178.2,23196.7,23161.65,23179.0,5955803
2026-06-08,15:00,2026-06-08 15:00,23182.4,23182.4,23109.35,23116.75,9822650
2026-06-08,15:05,2026-06-08 15:05,23117.75,23135.75,23107.05,23131.95,11275152
2026-06-08,15:10,2026-06-08 15:10,23133.25,23137.2,23123.85,23134.45,8636566
2026-06-08,15:15,2026-06-08 15:15,23134.05,23135.8,23122.35,23124.15,12486287
2026-06-08,15:20,2026-06-08 15:20,23124.95,23125.2,23093.6,23104.0,11432152
2026-06-08,15:25,2026-06-08 15:25,23104.6,23105.1,23089.9,23103.7,12378038
2026-06-09,09:15,2026-06-09 09:15,23259.05,23259.45,23194.9,23235.15,18746425
2026-06-09,09:20,2026-06-09 09:20,23233.3,23244.35,23223.0,23237.9,9109014
2026-06-09,09:25,2026-06-09 09:25,23237.3,23241.55,23222.5,23225.05,5618099
2026-06-09,09:30,2026-06-09 09:30,23224.9,23252.05,23224.9,23239.5,6280745
2026-06-09,09:35,2026-06-09 09:35,23239.3,23243.95,23209.0,23213.05,5539551
2026-06-09,09:40,2026-06-09 09:40,23212.35,23221.0,23196.4,23196.8,5349195
2026-06-09,09:45,2026-06-09 09:45,23196.6,23218.15,23180.55,23184.9,6093114
2026-06-09,09:50,2026-06-09 09:50,23184.75,23216.7,23182.45,23212.95,5094596
2026-06-09,09:55,2026-06-09 09:55,23212.05,23212.5,23183.05,23188.35,4185234
2026-06-09,10:00,2026-06-09 10:00,23188.75,23192.9,23165.85,23168.25,4788282
2026-06-09,10:05,2026-06-09 10:05,23167.85,23176.5,23160.55,23171.05,3749467
2026-06-09,10:10,2026-06-09 10:10,23171.5,23173.2,23160.5,23167.75,4598658
2026-06-09,10:15,2026-06-09 10:15,23167.75,23177.35,23162.2,23170.0,5989879
2026-06-09,10:20,2026-06-09 10:20,23169.65,23170.75,23148.7,23158.15,5141784
2026-06-09,10:25,2026-06-09 10:25,23158.1,23168.1,23154.05,23162.35,3448385
2026-06-09,10:30,2026-06-09 10:30,23162.5,23166.4,23153.25,23158.3,2717548
2026-06-09,10:35,2026-06-09 10:35,23157.7,23158.65,23147.7,23151.6,4199099
2026-06-09,10:40,2026-06-09 10:40,23151.65,23165.3,23146.9,23164.55,3027356
2026-06-09,10:45,2026-06-09 10:45,23163.95,23168.05,23131.4,23132.2,4362710
2026-06-09,10:50,2026-06-09 10:50,23132.15,23157.05,23129.1,23155.2,3158478
2026-06-09,10:55,2026-06-09 10:55,23155.1,23160.15,23146.35,23154.55,2740049
2026-06-09,11:00,2026-06-09 11:00,23153.8,23156.85,23149.6,23154.85,2947027
2026-06-09,11:05,2026-06-09 11:05,23154.25,23161.9,23148.9,23151.4,4602304
2026-06-09,11:10,2026-06-09 11:10,23150.95,23152.6,23142.5,23146.0,4509744
2026-06-09,11:15,2026-06-09 11:15,23144.8,23158.55,23139.9,23154.85,6189154
2026-06-09,11:20,2026-06-09 11:20,23154.9,23154.9,23109.45,23113.1,5611720
2026-06-09,11:25,2026-06-09 11:25,23112.8,23139.6,23104.45,23132.15,4211372
2026-06-09,11:30,2026-06-09 11:30,23131.25,23139.8,23126.1,23137.4,3214074
2026-06-09,11:35,2026-06-09 11:35,23138.5,23159.25,23137.75,23157.65,3679806
2026-06-09,11:40,2026-06-09 11:40,23157.05,23160.65,23133.25,23150.85,4969525
2026-06-09,11:45,2026-06-09 11:45,23150.6,23196.2,23145.45,23174.65,4807045
2026-06-09,11:50,2026-06-09 11:50,23174.45,23187.55,23166.75,23174.6,4168996
2026-06-09,11:55,2026-06-09 11:55,23174.25,23184.95,23171.55,23181.2,3059429
2026-06-09,12:00,2026-06-09 12:00,23181.3,23204.5,23179.4,23185.1,3808938
2026-06-09,12:05,2026-06-09 12:05,23185.85,23187.35,23176.9,23178.05,2731049
2026-06-09,12:10,2026-06-09 12:10,23176.9,23189.95,23176.5,23187.65,3693854
2026-06-09,12:15,2026-06-09 12:15,23186.9,23198.85,23184.65,23198.5,3000914
2026-06-09,12:20,2026-06-09 12:20,23197.95,23209.4,23193.65,23198.5,3750698
2026-06-09,12:25,2026-06-09 12:25,23197.85,23207.15,23195.15,23205.3,2892118
2026-06-09,12:30,2026-06-09 12:30,23205.95,23224.7,23201.45,23219.35,3581377
2026-06-09,12:35,2026-06-09 12:35,23218.7,23226.65,23212.35,23217.6,3774081
2026-06-09,12:40,2026-06-09 12:40,23216.8,23222.45,23196.75,23207.4,5302845
2026-06-09,12:45,2026-06-09 12:45,23207.7,23219.35,23201.9,23203.25,4668355
2026-06-09,12:50,2026-06-09 12:50,23203.2,23208.55,23190.45,23199.25,3457296
2026-06-09,12:55,2026-06-09 12:55,23197.45,23199.7,23177.5,23181.4,5455761
2026-06-09,13:00,2026-06-09 13:00,23181.15,23203.4,23181.15,23193.65,6608756
2026-06-09,13:05,2026-06-09 13:05,23192.55,23201.55,23185.1,23187.3,5186828
2026-06-09,13:10,2026-06-09 13:10,23186.6,23212.05,23185.7,23208.75,3861315
2026-06-09,13:15,2026-06-09 13:15,23208.05,23223.2,23198.9,23203.85,4563685
2026-06-09,13:20,2026-06-09 13:20,23202.85,23207.5,23193.9,23200.0,2862776
2026-06-09,13:25,2026-06-09 13:25,23199.9,23205.85,23194.25,23204.65,3358919
2026-06-09,13:30,2026-06-09 13:30,23203.85,23206.5,23186.8,23200.65,4274920
2026-06-09,13:35,2026-06-09 13:35,23200.75,23216.95,23195.05,23215.4,4444228
2026-06-09,13:40,2026-06-09 13:40,23216.0,23222.25,23202.05,23218.65,5116704
2026-06-09,13:45,2026-06-09 13:45,23218.4,23220.45,23202.1,23206.65,3811595
2026-06-09,13:50,2026-06-09 13:50,23206.25,23210.1,23192.05,23192.95,3584625
2026-06-09,13:55,2026-06-09 13:55,23192.35,23197.05,23175.3,23189.65,3839733
2026-06-09,14:00,2026-06-09 14:00,23188.7,23191.0,23178.45,23187.0,3432682
2026-06-09,14:05,2026-06-09 14:05,23186.6,23208.8,23185.9,23208.0,3037109
2026-06-09,14:10,2026-06-09 14:10,23207.2,23218.65,23204.3,23206.05,3757424
2026-06-09,14:15,2026-06-09 14:15,23207.35,23212.05,23199.7,23206.05,5012693
2026-06-09,14:20,2026-06-09 14:20,23205.4,23206.8,23187.3,23195.15,4094592
2026-06-09,14:25,2026-06-09 14:25,23195.4,23217.05,23194.9,23216.85,3973769
2026-06-09,14:30,2026-06-09 14:30,23214.95,23217.45,23203.0,23216.5,4180263
2026-06-09,14:35,2026-06-09 14:35,23216.65,23242.95,23207.55,23241.45,5108006
2026-06-09,14:40,2026-06-09 14:40,23241.55,23261.15,23238.15,23251.15,5338810
2026-06-09,14:45,2026-06-09 14:45,23251.1,23253.2,23239.45,23241.3,4795092
2026-06-09,14:50,2026-06-09 14:50,23240.95,23269.05,23239.7,23267.25,7297430
2026-06-09,14:55,2026-06-09 14:55,23266.4,23279.4,23265.9,23274.4,7463467
2026-06-09,15:00,2026-06-09 15:00,23274.65,23274.65,23230.5,23237.9,11841042
2026-06-09,15:05,2026-06-09 15:05,23239.7,23265.45,23239.7,23263.7,18456993
2026-06-09,15:10,2026-06-09 15:10,23262.5,23265.65,23241.3,23244.2,12527938
2026-06-09,15:15,2026-06-09 15:15,23242.7,23244.25,23225.05,23231.1,12455862
2026-06-09,15:20,2026-06-09 15:20,23230.55,23243.5,23228.8,23239.7,12438110
2026-06-09,15:25,2026-06-09 15:25,23240.7,23261.05,23236.7,23257.75,9900870
2026-06-10,09:15,2026-06-10 09:15,23233.95,23350.2,23217.3,23326.4,15854507
2026-06-10,09:20,2026-06-10 09:20,23326.8,23331.9,23299.0,23326.75,8134512
2026-06-10,09:25,2026-06-10 09:25,23326.35,23340.75,23315.9,23339.75,5858951
2026-06-10,09:30,2026-06-10 09:30,23339.45,23351.3,23329.7,23349.9,6007118
2026-06-10,09:35,2026-06-10 09:35,23350.35,23350.95,23334.15,23337.8,6288487
2026-06-10,09:40,2026-06-10 09:40,23338.4,23356.9,23335.0,23355.05,5069983
2026-06-10,09:45,2026-06-10 09:45,23353.7,23381.45,23353.2,23379.15,5822856
2026-06-10,09:50,2026-06-10 09:50,23380.0,23380.8,23368.7,23372.5,4667760
2026-06-10,09:55,2026-06-10 09:55,23374.2,23384.45,23364.75,23366.6,5083875
2026-06-10,10:00,2026-06-10 10:00,23366.6,23370.55,23345.45,23350.8,4505847
2026-06-10,10:05,2026-06-10 10:05,23350.5,23360.05,23343.05,23350.85,4264835
2026-06-10,10:10,2026-06-10 10:10,23351.85,23357.1,23317.0,23317.0,4541044
2026-06-10,10:15,2026-06-10 10:15,23317.3,23336.55,23305.8,23334.65,4646716
2026-06-10,10:20,2026-06-10 10:20,23334.7,23338.35,23315.95,23322.65,2795608
2026-06-10,10:25,2026-06-10 10:25,23322.5,23323.15,23313.0,23319.4,3144317
2026-06-10,10:30,2026-06-10 10:30,23319.4,23338.1,23317.7,23337.35,3154119
2026-06-10,10:35,2026-06-10 10:35,23337.1,23351.55,23332.9,23333.25,3960631
2026-06-10,10:40,2026-06-10 10:40,23333.55,23347.9,23329.55,23345.95,4603859
2026-06-10,10:45,2026-06-10 10:45,23345.8,23352.85,23341.45,23352.35,4281486
2026-06-10,10:50,2026-06-10 10:50,23352.25,23363.2,23346.05,23361.7,3891908
2026-06-10,10:55,2026-06-10 10:55,23361.2,23378.55,23350.5,23378.55,4689747
2026-06-10,11:00,2026-06-10 11:00,23378.55,23384.3,23362.85,23378.5,3571456
2026-06-10,11:05,2026-06-10 11:05,23378.1,23379.2,23363.1,23377.4,4047473
2026-06-10,11:10,2026-06-10 11:10,23377.3,23388.9,23372.9,23373.65,6229716
2026-06-10,11:15,2026-06-10 11:15,23373.65,23383.05,23360.45,23360.45,4297626
2026-06-10,11:20,2026-06-10 11:20,23360.8,23379.5,23359.95,23378.35,3923843
2026-06-10,11:25,2026-06-10 11:25,23378.3,23398.1,23375.6,23396.75,5781158
2026-06-10,11:30,2026-06-10 11:30,23396.9,23400.2,23385.85,23388.55,3500357
2026-06-10,11:35,2026-06-10 11:35,23388.45,23408.4,23386.7,23406.15,4538106
2026-06-10,11:40,2026-06-10 11:40,23406.5,23409.8,23397.4,23406.0,3381747
2026-06-10,11:45,2026-06-10 11:45,23405.95,23406.3,23389.5,23400.05,4217480
2026-06-10,11:50,2026-06-10 11:50,23399.95,23402.85,23389.7,23396.35,2521980
2026-06-10,11:55,2026-06-10 11:55,23396.25,23403.7,23393.8,23402.8,3476618
2026-06-10,12:00,2026-06-10 12:00,23403.3,23404.65,23376.45,23381.85,2629571
2026-06-10,12:05,2026-06-10 12:05,23382.05,23395.7,23378.1,23390.3,2443907
2026-06-10,12:10,2026-06-10 12:10,23390.25,23396.55,23383.3,23395.4,2257435
2026-06-10,12:15,2026-06-10 12:15,23394.9,23397.25,23384.55,23390.35,2687726
2026-06-10,12:20,2026-06-10 12:20,23390.6,23392.45,23376.1,23377.65,3607635
2026-06-10,12:25,2026-06-10 12:25,23377.6,23381.2,23374.3,23375.25,3318264
2026-06-10,12:30,2026-06-10 12:30,23375.85,23381.35,23372.6,23374.15,3837770
2026-06-10,12:35,2026-06-10 12:35,23374.2,23380.5,23370.8,23373.15,3313230
2026-06-10,12:40,2026-06-10 12:40,23373.05,23373.2,23346.6,23347.75,3748666
2026-06-10,12:45,2026-06-10 12:45,23347.85,23364.35,23333.2,23361.65,4423036
2026-06-10,12:50,2026-06-10 12:50,23362.35,23385.45,23362.3,23380.35,3815087
2026-06-10,12:55,2026-06-10 12:55,23380.7,23381.8,23363.75,23380.05,3700761
2026-06-10,13:00,2026-06-10 13:00,23380.05,23418.15,23380.0,23416.45,4456584
2026-06-10,13:05,2026-06-10 13:05,23417.35,23425.35,23403.6,23412.75,5860592
2026-06-10,13:10,2026-06-10 13:10,23412.4,23420.05,23400.85,23405.15,4332645
2026-06-10,13:15,2026-06-10 13:15,23405.65,23410.3,23395.95,23396.85,2920344
2026-06-10,13:20,2026-06-10 13:20,23397.0,23398.2,23372.5,23373.15,3320940
2026-06-10,13:25,2026-06-10 13:25,23373.35,23401.4,23371.75,23398.3,4544780
2026-06-10,13:30,2026-06-10 13:30,23397.95,23407.35,23377.2,23381.65,5591438
2026-06-10,13:35,2026-06-10 13:35,23381.55,23388.55,23375.35,23378.2,4441353
2026-06-10,13:40,2026-06-10 13:40,23378.35,23387.75,23351.9,23358.85,4634115
2026-06-10,13:45,2026-06-10 13:45,23358.3,23377.45,23358.0,23362.5,4047471
2026-06-10,13:50,2026-06-10 13:50,23362.15,23366.3,23347.8,23349.75,3130878
2026-06-10,13:55,2026-06-10 13:55,23349.5,23355.35,23347.05,23352.95,4011963
2026-06-10,14:00,2026-06-10 14:00,23352.85,23364.75,23339.95,23359.05,2825422
2026-06-10,14:05,2026-06-10 14:05,23358.9,23361.7,23338.55,23339.85,3031822
2026-06-10,14:10,2026-06-10 14:10,23339.1,23345.15,23315.0,23317.15,4333262
2026-06-10,14:15,2026-06-10 14:15,23317.25,23332.8,23307.45,23327.8,3833166
2026-06-10,14:20,2026-06-10 14:20,23326.95,23339.8,23325.05,23330.2,3645156
2026-06-10,14:25,2026-06-10 14:25,23330.2,23333.35,23313.35,23315.5,3880226
2026-06-10,14:30,2026-06-10 14:30,23316.35,23318.15,23289.75,23309.9,5231580
2026-06-10,14:35,2026-06-10 14:35,23309.5,23320.85,23280.9,23281.8,4672623
2026-06-10,14:40,2026-06-10 14:40,23281.65,23296.6,23260.3,23261.6,6333120
2026-06-10,14:45,2026-06-10 14:45,23262.85,23271.95,23244.9,23249.2,5578581
2026-06-10,14:50,2026-06-10 14:50,23248.95,23258.2,23243.85,23251.15,5325130
2026-06-10,14:55,2026-06-10 14:55,23251.25,23264.05,23250.9,23256.75,4876591
2026-06-10,15:00,2026-06-10 15:00,23256.85,23259.1,23234.15,23236.2,9424495
2026-06-10,15:05,2026-06-10 15:05,23236.45,23238.95,23222.7,23235.35,12960859
2026-06-10,15:10,2026-06-10 15:10,23235.05,23236.35,23198.35,23199.7,12400379
2026-06-10,15:15,2026-06-10 15:15,23200.75,23212.1,23184.6,23208.25,13344317
2026-06-10,15:20,2026-06-10 15:20,23208.3,23215.15,23187.8,23202.35,13525018
2026-06-10,15:25,2026-06-10 15:25,23203.55,23216.8,23199.75,23216.1,9460092
2026-06-11,09:15,2026-06-11 09:15,23104.4,23124.1,23072.05,23112.65,15958302
2026-06-11,09:20,2026-06-11 09:20,23115.85,23148.05,23107.05,23114.9,9024271
2026-06-11,09:25,2026-06-11 09:25,23116.8,23126.4,23092.8,23119.35,7667347
2026-06-11,09:30,2026-06-11 09:30,23121.9,23124.5,23098.65,23108.45,7198768
2026-06-11,09:35,2026-06-11 09:35,23109.65,23136.65,23093.15,23132.35,4968276
2026-06-11,09:40,2026-06-11 09:40,23134.8,23148.6,23113.4,23143.6,4712587
2026-06-11,09:45,2026-06-11 09:45,23144.25,23155.2,23136.55,23151.75,5541185
2026-06-11,09:50,2026-06-11 09:50,23153.3,23172.85,23142.25,23150.65,6579289
2026-06-11,09:55,2026-06-11 09:55,23152.35,23153.3,23112.6,23115.7,4416992
2026-06-11,10:00,2026-06-11 10:00,23117.6,23136.0,23108.45,23108.55,5729592
2026-06-11,10:05,2026-06-11 10:05,23111.2,23159.4,23102.85,23155.0,3955413
2026-06-11,10:10,2026-06-11 10:10,23156.95,23164.5,23144.15,23145.5,3149162
2026-06-11,10:15,2026-06-11 10:15,23147.5,23181.55,23144.7,23180.7,4697623
2026-06-11,10:20,2026-06-11 10:20,23183.15,23191.85,23174.7,23176.9,4570327
2026-06-11,10:25,2026-06-11 10:25,23179.75,23207.8,23175.0,23199.5,3429460
2026-06-11,10:30,2026-06-11 10:30,23201.1,23205.0,23185.15,23198.45,3504485
2026-06-11,10:35,2026-06-11 10:35,23200.8,23207.3,23189.25,23204.35,3538720
2026-06-11,10:40,2026-06-11 10:40,23207.45,23214.05,23195.25,23203.2,3183624
2026-06-11,10:45,2026-06-11 10:45,23204.85,23211.85,23192.25,23192.55,3499229
2026-06-11,10:50,2026-06-11 10:50,23193.75,23193.8,23168.25,23172.5,3804818
2026-06-11,10:55,2026-06-11 10:55,23174.7,23181.1,23167.2,23174.55,3125477
2026-06-11,11:00,2026-06-11 11:00,23176.55,23184.45,23162.5,23179.25,3946534
2026-06-11,11:05,2026-06-11 11:05,23181.6,23205.0,23180.1,23191.95,3527572
2026-06-11,11:10,2026-06-11 11:10,23193.55,23193.85,23181.0,23181.65,2638756
2026-06-11,11:15,2026-06-11 11:15,23183.2,23208.55,23181.55,23201.3,2920618
2026-06-11,11:20,2026-06-11 11:20,23203.45,23220.3,23199.35,23217.25,3281462
2026-06-11,11:25,2026-06-11 11:25,23218.5,23236.8,23214.25,23235.45,3512721
2026-06-11,11:30,2026-06-11 11:30,23237.4,23245.0,23220.3,23225.4,4561642
2026-06-11,11:35,2026-06-11 11:35,23226.35,23234.35,23210.65,23222.95,4503898
2026-06-11,11:40,2026-06-11 11:40,23224.6,23251.85,23220.05,23251.7,4436803
2026-06-11,11:45,2026-06-11 11:45,23253.7,23270.85,23251.05,23263.3,4019769
2026-06-11,11:50,2026-06-11 11:50,23265.2,23276.35,23261.55,23271.35,2974041
2026-06-11,11:55,2026-06-11 11:55,23272.95,23291.7,23269.0,23281.15,3409753
2026-06-11,12:00,2026-06-11 12:00,23283.15,23290.4,23281.55,23285.55,3287289
2026-06-11,12:05,2026-06-11 12:05,23286.7,23292.7,23274.6,23281.15,4162456
2026-06-11,12:10,2026-06-11 12:10,23283.25,23286.9,23272.55,23285.25,4544977
2026-06-11,12:15,2026-06-11 12:15,23287.55,23307.05,23285.35,23287.25,4671275
2026-06-11,12:20,2026-06-11 12:20,23289.5,23293.5,23278.35,23288.7,3891620
2026-06-11,12:25,2026-06-11 12:25,23291.75,23301.55,23281.85,23295.6,6813232
2026-06-11,12:30,2026-06-11 12:30,23297.6,23320.95,23296.6,23319.9,3801810
2026-06-11,12:35,2026-06-11 12:35,23322.05,23324.25,23290.8,23297.65,5343210
2026-06-11,12:40,2026-06-11 12:40,23299.75,23300.5,23288.1,23294.4,3618719
2026-06-11,12:45,2026-06-11 12:45,23296.1,23301.85,23273.05,23273.3,3367875
2026-06-11,12:50,2026-06-11 12:50,23275.45,23287.55,23272.7,23280.6,2901551
2026-06-11,12:55,2026-06-11 12:55,23282.2,23307.3,23274.85,23306.75,3037795
2026-06-11,13:00,2026-06-11 13:00,23308.25,23327.45,23299.05,23300.3,3518508
2026-06-11,13:05,2026-06-11 13:05,23301.6,23303.15,23279.15,23279.45,2831856
2026-06-11,13:10,2026-06-11 13:10,23280.65,23282.5,23256.3,23257.7,4089288
2026-06-11,13:15,2026-06-11 13:15,23259.45,23264.65,23249.45,23252.15,3375902
2026-06-11,13:20,2026-06-11 13:20,23254.1,23258.2,23225.55,23239.3,3917963
2026-06-11,13:25,2026-06-11 13:25,23241.3,23241.75,23220.45,23241.0,2827146
2026-06-11,13:30,2026-06-11 13:30,23242.9,23267.75,23240.1,23243.65,3212784
2026-06-11,13:35,2026-06-11 13:35,23245.8,23256.3,23228.4,23230.0,2319079
2026-06-11,13:40,2026-06-11 13:40,23232.7,23238.15,23213.45,23220.1,3252761
2026-06-11,13:45,2026-06-11 13:45,23223.9,23240.65,23214.55,23227.75,2342231
2026-06-11,13:50,2026-06-11 13:50,23230.35,23236.8,23221.25,23231.85,2298227
2026-06-11,13:55,2026-06-11 13:55,23234.5,23248.05,23227.25,23231.3,2367419
2026-06-11,14:00,2026-06-11 14:00,23233.0,23240.2,23228.15,23235.1,3428948
2026-06-11,14:05,2026-06-11 14:05,23236.35,23236.35,23201.6,23211.2,3304410
2026-06-11,14:10,2026-06-11 14:10,23212.6,23226.25,23205.7,23218.75,2794229
2026-06-11,14:15,2026-06-11 14:15,23219.8,23220.85,23204.1,23215.75,2652297
2026-06-11,14:20,2026-06-11 14:20,23216.8,23224.95,23204.95,23206.4,2840744
2026-06-11,14:25,2026-06-11 14:25,23208.1,23252.05,23206.2,23240.05,4215029
2026-06-11,14:30,2026-06-11 14:30,23241.15,23245.45,23224.0,23231.7,4269443
2026-06-11,14:35,2026-06-11 14:35,23233.55,23242.35,23197.6,23217.1,6735765
2026-06-11,14:40,2026-06-11 14:40,23218.6,23221.1,23193.55,23198.15,5604320
2026-06-11,14:45,2026-06-11 14:45,23200.2,23209.6,23165.85,23191.7,6029720
2026-06-11,14:50,2026-06-11 14:50,23193.1,23193.1,23166.85,23170.35,4288171
2026-06-11,14:55,2026-06-11 14:55,23171.7,23178.25,23162.5,23175.5,4838121
2026-06-11,15:00,2026-06-11 15:00,23177.05,23192.45,23138.85,23145.0,12211498
2026-06-11,15:05,2026-06-11 15:05,23146.25,23152.4,23131.95,23143.3,13425468
2026-06-11,15:10,2026-06-11 15:10,23143.85,23169.55,23137.9,23165.8,9597442
2026-06-11,15:15,2026-06-11 15:15,23165.3,23188.15,23156.4,23173.8,9963251
2026-06-11,15:20,2026-06-11 15:20,23172.0,23183.75,23164.75,23173.6,10822660
2026-06-11,15:25,2026-06-11 15:25,23173.6,23194.9,23170.95,23186.55,11737928
2026-06-12,09:15,2026-06-12 09:15,23412.55,23455.95,23405.0,23444.65,16680803
2026-06-12,09:20,2026-06-12 09:20,23447.05,23451.9,23423.0,23423.35,8565357
2026-06-12,09:25,2026-06-12 09:25,23423.8,23431.55,23400.55,23401.2,6541798
2026-06-12,09:30,2026-06-12 09:30,23402.85,23410.15,23385.65,23407.95,6464405
2026-06-12,09:35,2026-06-12 09:35,23409.35,23410.65,23388.3,23396.1,5795628
2026-06-12,09:40,2026-06-12 09:40,23396.9,23397.7,23364.25,23370.1,4771267
2026-06-12,09:45,2026-06-12 09:45,23370.6,23379.85,23357.05,23379.35,3254504
2026-06-12,09:50,2026-06-12 09:50,23380.75,23380.75,23355.25,23358.15,3371603
2026-06-12,09:55,2026-06-12 09:55,23361.45,23361.45,23345.95,23346.55,4693624
2026-06-12,10:00,2026-06-12 10:00,23348.7,23349.85,23327.65,23342.55,4531141
2026-06-12,10:05,2026-06-12 10:05,23343.4,23359.15,23341.1,23347.55,4384039
2026-06-12,10:10,2026-06-12 10:10,23349.05,23353.6,23339.4,23342.65,2903712
2026-06-12,10:15,2026-06-12 10:15,23345.15,23349.1,23323.9,23326.85,3002228
2026-06-12,10:20,2026-06-12 10:20,23328.2,23355.2,23322.65,23355.2,3743303
2026-06-12,10:25,2026-06-12 10:25,23356.35,23362.9,23342.4,23345.85,3201558
2026-06-12,10:30,2026-06-12 10:30,23346.75,23356.8,23342.8,23349.85,2936447
2026-06-12,10:35,2026-06-12 10:35,23351.05,23355.1,23341.55,23354.25,2242618
2026-06-12,10:40,2026-06-12 10:40,23355.55,23357.5,23347.2,23349.7,2931768
2026-06-12,10:45,2026-06-12 10:45,23350.95,23354.8,23329.95,23345.5,4034497
2026-06-12,10:50,2026-06-12 10:50,23346.5,23354.55,23336.75,23354.1,3483459
2026-06-12,10:55,2026-06-12 10:55,23355.4,23359.85,23352.3,23358.25,2263796
2026-06-12,11:00,2026-06-12 11:00,23359.2,23359.2,23345.7,23353.35,2226607
2026-06-12,11:05,2026-06-12 11:05,23355.05,23357.4,23344.45,23355.35,2648095
2026-06-12,11:10,2026-06-12 11:10,23356.25,23378.35,23352.4,23378.05,2666606
2026-06-12,11:15,2026-06-12 11:15,23379.1,23380.65,23360.05,23361.45,2860300
2026-06-12,11:20,2026-06-12 11:20,23363.1,23365.75,23349.7,23365.45,5384095
2026-06-12,11:25,2026-06-12 11:25,23366.5,23366.95,23353.0,23357.4,4743845
2026-06-12,11:30,2026-06-12 11:30,23358.9,23372.6,23357.5,23366.7,3220086
2026-06-12,11:35,2026-06-12 11:35,23367.25,23371.8,23361.1,23368.95,3150908
2026-06-12,11:40,2026-06-12 11:40,23371.0,23377.9,23368.45,23374.8,2021931
2026-06-12,11:45,2026-06-12 11:45,23375.5,23388.65,23368.35,23385.45,3517086
2026-06-12,11:50,2026-06-12 11:50,23386.7,23386.75,23372.0,23381.8,7079100
2026-06-12,11:55,2026-06-12 11:55,23382.75,23388.95,23376.75,23378.2,2738999
2026-06-12,12:00,2026-06-12 12:00,23380.1,23383.55,23371.85,23379.25,2939737
2026-06-12,12:05,2026-06-12 12:05,23380.5,23381.2,23362.9,23363.45,2701868
2026-06-12,12:10,2026-06-12 12:10,23365.35,23365.5,23343.35,23347.4,3886200
2026-06-12,12:15,2026-06-12 12:15,23349.45,23353.85,23343.5,23346.2,2358493
2026-06-12,12:20,2026-06-12 12:20,23346.9,23365.75,23345.85,23365.3,2501315
2026-06-12,12:25,2026-06-12 12:25,23366.75,23369.9,23363.5,23365.3,2490201
2026-06-12,12:30,2026-06-12 12:30,23365.9,23365.9,23343.45,23350.65,2855192
2026-06-12,12:35,2026-06-12 12:35,23351.9,23351.9,23338.05,23342.65,2534846
2026-06-12,12:40,2026-06-12 12:40,23343.75,23345.55,23320.3,23321.55,3620161
2026-06-12,12:45,2026-06-12 12:45,23323.0,23325.85,23313.9,23317.15,2899311
2026-06-12,12:50,2026-06-12 12:50,23318.05,23327.8,23314.55,23327.55,2395719
2026-06-12,12:55,2026-06-12 12:55,23328.1,23329.9,23319.75,23325.3,2920118
2026-06-12,13:00,2026-06-12 13:00,23326.75,23334.1,23322.25,23331.3,1665277
2026-06-12,13:05,2026-06-12 13:05,23331.65,23340.7,23328.75,23334.25,2285216
2026-06-12,13:10,2026-06-12 13:10,23335.0,23344.05,23329.1,23336.25,2383138
2026-06-12,13:15,2026-06-12 13:15,23336.95,23348.0,23334.55,23343.2,2255390
2026-06-12,13:20,2026-06-12 13:20,23344.4,23347.1,23330.0,23331.05,1842596
2026-06-12,13:25,2026-06-12 13:25,23332.05,23392.5,23321.6,23388.95,5677511
2026-06-12,13:30,2026-06-12 13:30,23390.4,23429.85,23389.05,23426.55,5762478
2026-06-12,13:35,2026-06-12 13:35,23426.7,23463.85,23424.35,23461.7,5939320
2026-06-12,13:40,2026-06-12 13:40,23463.45,23480.25,23459.1,23474.6,4869871
2026-06-12,13:45,2026-06-12 13:45,23476.15,23498.4,23468.45,23492.0,4868929
2026-06-12,13:50,2026-06-12 13:50,23494.55,23496.95,23475.3,23489.05,4049033
2026-06-12,13:55,2026-06-12 13:55,23489.85,23511.25,23486.05,23507.45,5184023
2026-06-12,14:00,2026-06-12 14:00,23509.7,23519.35,23496.6,23519.2,5311882
2026-06-12,14:05,2026-06-12 14:05,23520.25,23523.4,23506.35,23509.35,4295809
2026-06-12,14:10,2026-06-12 14:10,23510.15,23531.6,23496.55,23527.5,5203645
2026-06-12,14:15,2026-06-12 14:15,23528.2,23537.9,23524.6,23535.75,4932989
2026-06-12,14:20,2026-06-12 14:20,23536.7,23539.75,23526.95,23534.1,4300138
2026-06-12,14:25,2026-06-12 14:25,23535.15,23550.3,23525.3,23547.8,4554963
2026-06-12,14:30,2026-06-12 14:30,23549.3,23557.6,23542.5,23548.7,5467853
2026-06-12,14:35,2026-06-12 14:35,23550.05,23568.6,23532.9,23568.1,5618170
2026-06-12,14:40,2026-06-12 14:40,23569.4,23577.3,23554.05,23569.75,5520462
2026-06-12,14:45,2026-06-12 14:45,23571.85,23589.65,23568.35,23588.8,4784903
2026-06-12,14:50,2026-06-12 14:50,23589.85,23607.55,23588.0,23605.5,5367268
2026-06-12,14:55,2026-06-12 14:55,23605.45,23616.95,23599.95,23608.15,6006112
2026-06-12,15:00,2026-06-12 15:00,23607.95,23639.4,23581.65,23635.9,12232551
2026-06-12,15:05,2026-06-12 15:05,23636.05,23645.35,23619.1,23620.05,9669182
2026-06-12,15:10,2026-06-12 15:10,23621.2,23624.1,23607.4,23621.8,9718849
2026-06-12,15:15,2026-06-12 15:15,23620.95,23636.7,23612.15,23629.1,11943200
2026-06-12,15:20,2026-06-12 15:20,23630.25,23630.25,23614.6,23622.55,10340710
2026-06-12,15:25,2026-06-12 15:25,23623.35,23639.35,23620.2,23631.75,10225470
2026-06-15,09:15,2026-06-15 09:15,23984.85,24011.4,23934.1,23946.2,31130646
2026-06-15,09:20,2026-06-15 09:20,23948.15,23962.3,23943.9,23956.75,14501045
2026-06-15,09:25,2026-06-15 09:25,23960.05,23962.3,23938.45,23946.15,12520589
2026-06-15,09:30,2026-06-15 09:30,23947.05,23952.1,23927.35,23946.7,9464778
2026-06-15,09:35,2026-06-15 09:35,23948.65,23950.4,23931.85,23937.9,7717788
2026-06-15,09:40,2026-06-15 09:40,23938.85,23965.9,23938.6,23965.7,7899342
2026-06-15,09:45,2026-06-15 09:45,23966.55,23980.45,23963.25,23971.8,7794011
2026-06-15,09:50,2026-06-15 09:50,23972.15,23975.15,23955.25,23958.1,5942722
2026-06-15,09:55,2026-06-15 09:55,23959.15,23960.85,23939.75,23945.95,6064849
2026-06-15,10:00,2026-06-15 10:00,23946.9,23968.2,23945.9,23957.9,6173955
2026-06-15,10:05,2026-06-15 10:05,23958.25,23960.5,23940.65,23946.55,8490779
2026-06-15,10:10,2026-06-15 10:10,23946.35,23952.6,23933.55,23945.05,4651797
2026-06-15,10:15,2026-06-15 10:15,23946.0,23948.45,23936.55,23941.65,4064213
2026-06-15,10:20,2026-06-15 10:20,23943.15,23955.0,23935.6,23948.85,4853686
2026-06-15,10:25,2026-06-15 10:25,23950.7,23968.65,23943.85,23962.55,3607105
2026-06-15,10:30,2026-06-15 10:30,23964.9,23973.5,23961.95,23972.6,4242250
2026-06-15,10:35,2026-06-15 10:35,23973.05,23977.05,23966.85,23973.6,3693481
2026-06-15,10:40,2026-06-15 10:40,23974.7,23982.15,23969.65,23978.45,3368430
2026-06-15,10:45,2026-06-15 10:45,23979.65,23991.2,23974.75,23989.15,3233045
2026-06-15,10:50,2026-06-15 10:50,23989.6,24008.9,23989.6,23995.3,4233796
2026-06-15,10:55,2026-06-15 10:55,23995.5,24009.1,23995.25,24002.1,4196738
2026-06-15,11:00,2026-06-15 11:00,24001.4,24003.6,23971.55,23982.1,5155688
2026-06-15,11:05,2026-06-15 11:05,23983.25,23984.05,23970.9,23979.35,3920360
2026-06-15,11:10,2026-06-15 11:10,23980.7,23984.4,23966.3,23967.85,4225917
2026-06-15,11:15,2026-06-15 11:15,23968.2,23973.5,23962.5,23971.3,3806378
2026-06-15,11:20,2026-06-15 11:20,23972.3,23974.65,23962.2,23964.75,3319880
2026-06-15,11:25,2026-06-15 11:25,23965.1,23982.95,23964.8,23978.45,3375116
2026-06-15,11:30,2026-06-15 11:30,23977.95,23979.8,23961.15,23965.3,2885775
2026-06-15,11:35,2026-06-15 11:35,23963.25,23969.55,23961.45,23966.8,2907174
2026-06-15,11:40,2026-06-15 11:40,23967.6,23971.2,23957.25,23957.25,3332491
2026-06-15,11:45,2026-06-15 11:45,23958.1,23963.1,23950.0,23961.25,3332697
2026-06-15,11:50,2026-06-15 11:50,23961.45,23970.55,23955.65,23966.85,3324140
2026-06-15,11:55,2026-06-15 11:55,23967.6,23970.05,23956.7,23961.35,3699791
2026-06-15,12:00,2026-06-15 12:00,23961.65,23965.75,23949.1,23949.9,3626526
2026-06-15,12:05,2026-06-15 12:05,23951.55,23951.7,23933.25,23934.85,3812633
2026-06-15,12:10,2026-06-15 12:10,23935.45,23940.8,23930.05,23931.8,3769877
2026-06-15,12:15,2026-06-15 12:15,23930.7,23932.95,23905.8,23907.45,5146204
2026-06-15,12:20,2026-06-15 12:20,23908.65,23919.7,23903.05,23912.6,3720421
2026-06-15,12:25,2026-06-15 12:25,23913.15,23915.2,23893.8,23894.75,3545922
2026-06-15,12:30,2026-06-15 12:30,23896.0,23907.1,23892.35,23906.3,3255452
2026-06-15,12:35,2026-06-15 12:35,23906.7,23917.8,23905.05,23906.85,2998790
2026-06-15,12:40,2026-06-15 12:40,23907.0,23913.35,23897.35,23912.85,2607913
2026-06-15,12:45,2026-06-15 12:45,23913.55,23913.95,23898.1,23899.6,2440909
2026-06-15,12:50,2026-06-15 12:50,23900.1,23907.95,23896.65,23903.4,2877140
2026-06-15,12:55,2026-06-15 12:55,23903.7,23912.5,23903.15,23906.95,2670603
2026-06-15,13:00,2026-06-15 13:00,23907.85,23908.25,23892.8,23897.6,2763697
2026-06-15,13:05,2026-06-15 13:05,23897.15,23912.7,23893.95,23912.5,2802803
2026-06-15,13:10,2026-06-15 13:10,23913.65,23935.0,23912.0,23916.1,4047163
2026-06-15,13:15,2026-06-15 13:15,23916.55,23917.9,23897.2,23899.05,2822764
2026-06-15,13:20,2026-06-15 13:20,23899.75,23916.35,23897.9,23913.35,2545718
2026-06-15,13:25,2026-06-15 13:25,23912.9,23916.35,23903.2,23906.65,2823552
2026-06-15,13:30,2026-06-15 13:30,23907.5,23913.1,23900.4,23907.85,2363404
2026-06-15,13:35,2026-06-15 13:35,23908.4,23912.05,23895.35,23902.6,3611978
2026-06-15,13:40,2026-06-15 13:40,23902.75,23906.7,23883.8,23893.95,3653049
2026-06-15,13:45,2026-06-15 13:45,23895.1,23906.2,23892.65,23896.35,3987053
2026-06-15,13:50,2026-06-15 13:50,23897.3,23900.2,23865.85,23886.85,3555795
2026-06-15,13:55,2026-06-15 13:55,23887.2,23910.7,23882.65,23905.65,4092891
2026-06-15,14:00,2026-06-15 14:00,23907.75,23913.9,23895.7,23895.75,3098829
2026-06-15,14:05,2026-06-15 14:05,23896.7,23898.2,23882.6,23887.6,4193109
2026-06-15,14:10,2026-06-15 14:10,23889.95,23900.3,23887.2,23889.3,3741367
2026-06-15,14:15,2026-06-15 14:15,23891.1,23908.3,23887.4,23900.5,3086055
2026-06-15,14:20,2026-06-15 14:20,23900.75,23915.35,23896.75,23909.75,4232359
2026-06-15,14:25,2026-06-15 14:25,23911.2,23916.75,23902.4,23906.8,3415706
2026-06-15,14:30,2026-06-15 14:30,23908.15,23929.9,23907.45,23924.0,3181655
2026-06-15,14:35,2026-06-15 14:35,23925.75,23942.6,23925.4,23932.45,5777155
2026-06-15,14:40,2026-06-15 14:40,23934.35,23935.75,23916.5,23924.2,3938581
2026-06-15,14:45,2026-06-15 14:45,23923.95,23931.55,23911.1,23919.2,4332233
2026-06-15,14:50,2026-06-15 14:50,23920.8,23925.45,23890.45,23896.95,4937167
2026-06-15,14:55,2026-06-15 14:55,23898.3,23902.3,23888.1,23895.25,4033893
2026-06-15,15:00,2026-06-15 15:00,23894.6,23904.05,23850.35,23866.0,11988108
2026-06-15,15:05,2026-06-15 15:05,23866.5,23867.95,23844.45,23847.4,8792643
2026-06-15,15:10,2026-06-15 15:10,23848.7,23849.95,23817.8,23843.6,10569834
2026-06-15,15:15,2026-06-15 15:15,23845.1,23867.55,23843.5,23860.4,10816421
2026-06-15,15:20,2026-06-15 15:20,23862.4,23867.85,23853.45,23856.85,11294372
2026-06-15,15:25,2026-06-15 15:25,23857.1,23858.35,23842.85,23856.55,9728690
2026-06-15,15:30,2026-06-15 15:30,23856.55,23856.55,23856.55,23856.55,1452384
2026-06-16,09:15,2026-06-16 09:15,23923.9,23941.1,23888.2,23933.0,14848065
2026-06-16,09:20,2026-06-16 09:20,23933.05,23937.45,23910.1,23915.2,7252897
2026-06-16,09:25,2026-06-16 09:25,23914.45,23939.5,23914.45,23938.0,4905196
2026-06-16,09:30,2026-06-16 09:30,23938.1,23954.75,23932.7,23943.25,5211691
2026-06-16,09:35,2026-06-16 09:35,23943.05,23949.25,23931.8,23933.95,5166820
2026-06-16,09:40,2026-06-16 09:40,23934.4,23936.75,23917.05,23917.85,4619853
2026-06-16,09:45,2026-06-16 09:45,23917.8,23942.7,23916.2,23935.15,5216065
2026-06-16,09:50,2026-06-16 09:50,23935.05,23940.75,23916.3,23936.4,5847857
2026-06-16,09:55,2026-06-16 09:55,23936.6,23941.9,23931.2,23940.6,4350803
2026-06-16,10:00,2026-06-16 10:00,23939.7,23947.35,23904.7,23906.55,4409275
2026-06-16,10:05,2026-06-16 10:05,23905.7,23918.1,23895.65,23900.8,4066362
2026-06-16,10:10,2026-06-16 10:10,23900.65,23911.4,23897.05,23910.15,3418972
2026-06-16,10:15,2026-06-16 10:15,23910.05,23931.1,23909.65,23928.25,5265613
2026-06-16,10:20,2026-06-16 10:20,23927.9,23953.85,23926.75,23940.8,4399875
2026-06-16,10:25,2026-06-16 10:25,23940.75,23946.55,23932.8,23943.45,3101339
2026-06-16,10:30,2026-06-16 10:30,23943.35,23954.55,23941.65,23951.9,2722484
2026-06-16,10:35,2026-06-16 10:35,23952.7,23972.75,23950.2,23964.55,4362259
2026-06-16,10:40,2026-06-16 10:40,23964.2,23971.3,23954.9,23962.4,3353153
2026-06-16,10:45,2026-06-16 10:45,23962.1,23977.3,23959.6,23977.0,4383888
2026-06-16,10:50,2026-06-16 10:50,23976.35,23977.8,23965.05,23969.7,3990447
2026-06-16,10:55,2026-06-16 10:55,23969.55,23977.3,23964.05,23966.75,3310539
2026-06-16,11:00,2026-06-16 11:00,23966.65,23970.2,23946.75,23946.75,3174576
2026-06-16,11:05,2026-06-16 11:05,23946.7,23959.65,23941.9,23943.5,3637162
2026-06-16,11:10,2026-06-16 11:10,23943.15,23945.75,23931.8,23940.8,3254911
2026-06-16,11:15,2026-06-16 11:15,23940.55,23951.4,23929.7,23929.9,3119892
2026-06-16,11:20,2026-06-16 11:20,23930.05,23945.4,23923.95,23944.25,2618363
2026-06-16,11:25,2026-06-16 11:25,23944.8,23947.55,23926.9,23929.4,3525294
2026-06-16,11:30,2026-06-16 11:30,23929.45,23934.35,23921.2,23933.15,4559519
2026-06-16,11:35,2026-06-16 11:35,23929.65,23934.2,23911.45,23921.9,3968113
2026-06-16,11:40,2026-06-16 11:40,23922.55,23929.45,23914.8,23927.1,3062866
2026-06-16,11:45,2026-06-16 11:45,23927.6,23937.9,23920.45,23932.8,4716254
2026-06-16,11:50,2026-06-16 11:50,23933.4,23949.75,23931.85,23936.95,3638161
2026-06-16,11:55,2026-06-16 11:55,23936.7,23941.85,23920.6,23939.1,3028011
2026-06-16,12:00,2026-06-16 12:00,23938.5,23943.65,23919.1,23930.15,2752586
2026-06-16,12:05,2026-06-16 12:05,23929.35,23937.3,23925.1,23931.9,2064714
2026-06-16,12:10,2026-06-16 12:10,23932.8,23938.75,23927.0,23928.55,2188643
2026-06-16,12:15,2026-06-16 12:15,23928.05,23928.8,23913.35,23915.15,2812726
2026-06-16,12:20,2026-06-16 12:20,23915.45,23926.55,23903.35,23917.9,3392243
2026-06-16,12:25,2026-06-16 12:25,23918.65,23943.2,23914.95,23940.8,3125786
2026-06-16,12:30,2026-06-16 12:30,23940.15,23947.1,23922.2,23925.65,3918021
2026-06-16,12:35,2026-06-16 12:35,23923.55,23939.75,23922.5,23936.25,4338069
2026-06-16,12:40,2026-06-16 12:40,23936.1,23936.7,23919.0,23927.15,3431086
2026-06-16,12:45,2026-06-16 12:45,23927.25,23935.4,23922.0,23933.85,3080308
2026-06-16,12:50,2026-06-16 12:50,23934.35,23935.9,23915.5,23924.85,2569072
2026-06-16,12:55,2026-06-16 12:55,23924.95,23938.75,23917.4,23936.25,2278794
2026-06-16,13:00,2026-06-16 13:00,23935.65,23940.2,23923.45,23929.25,1829045
2026-06-16,13:05,2026-06-16 13:05,23929.1,23939.25,23925.65,23937.1,2946511
2026-06-16,13:10,2026-06-16 13:10,23938.15,23950.65,23936.55,23946.5,3019877
2026-06-16,13:15,2026-06-16 13:15,23946.85,23950.55,23935.5,23941.95,4585364
2026-06-16,13:20,2026-06-16 13:20,23939.7,23961.95,23937.15,23955.9,3005249
2026-06-16,13:25,2026-06-16 13:25,23956.35,23969.8,23954.9,23966.7,2879121
2026-06-16,13:30,2026-06-16 13:30,23966.8,23969.15,23959.65,23967.65,2229023
2026-06-16,13:35,2026-06-16 13:35,23967.35,23976.95,23963.4,23969.65,2767350
2026-06-16,13:40,2026-06-16 13:40,23968.95,23974.0,23961.75,23964.85,2973628
2026-06-16,13:45,2026-06-16 13:45,23964.85,23974.05,23964.1,23972.3,1828254
2026-06-16,13:50,2026-06-16 13:50,23971.9,23973.55,23955.75,23962.05,2831143
2026-06-16,13:55,2026-06-16 13:55,23961.65,23976.9,23961.45,23966.8,2584403
2026-06-16,14:00,2026-06-16 14:00,23967.05,23978.65,23963.45,23973.95,3164858
2026-06-16,14:05,2026-06-16 14:05,23973.7,23984.15,23971.7,23983.2,4659875
2026-06-16,14:10,2026-06-16 14:10,23982.05,23997.8,23982.05,23995.9,3656647
2026-06-16,14:15,2026-06-16 14:15,23994.35,24000.3,23990.05,23992.4,3623580
2026-06-16,14:20,2026-06-16 14:20,23992.35,23993.65,23978.1,23989.95,3305040
2026-06-16,14:25,2026-06-16 14:25,23989.75,23992.0,23982.1,23984.6,3469540
2026-06-16,14:30,2026-06-16 14:30,23984.2,23999.85,23984.2,23994.8,3780180
2026-06-16,14:35,2026-06-16 14:35,23995.05,24001.6,23985.3,24000.85,4321270
2026-06-16,14:40,2026-06-16 14:40,24001.0,24002.4,23964.85,23964.85,5340753
2026-06-16,14:45,2026-06-16 14:45,23963.45,23987.25,23962.7,23981.15,6084521
2026-06-16,14:50,2026-06-16 14:50,23980.75,23997.2,23970.3,23994.55,4577793
2026-06-16,14:55,2026-06-16 14:55,23993.7,23998.8,23980.15,23988.05,4192403
2026-06-16,15:00,2026-06-16 15:00,23986.45,24002.6,23978.55,23981.3,10444695
2026-06-16,15:05,2026-06-16 15:05,23981.75,23996.15,23976.6,23989.7,10346732
2026-06-16,15:10,2026-06-16 15:10,23989.55,23992.5,23983.6,23987.0,7848537
2026-06-16,15:15,2026-06-16 15:15,23986.8,23991.55,23980.1,23983.5,9724965
2026-06-16,15:20,2026-06-16 15:20,23983.45,23991.25,23981.65,23985.55,11325478
2026-06-16,15:25,2026-06-16 15:25,23985.2,23997.4,23982.65,23993.95,8665999
2026-06-16,15:30,2026-06-16 15:30,23995.0,23995.0,23995.0,23995.0,1143461
2026-06-17,09:15,2026-06-17 09:15,24044.5,24048.05,23969.7,23979.35,11884330
2026-06-17,09:20,2026-06-17 09:20,23982.3,23996.95,23973.95,23987.6,6787648
2026-06-17,09:25,2026-06-17 09:25,23989.65,24021.95,23985.6,24020.7,5437030
2026-06-17,09:30,2026-06-17 09:30,24022.75,24043.3,24017.7,24032.1,6485552
2026-06-17,09:35,2026-06-17 09:35,24033.15,24052.85,24026.6,24050.9,6867582
2026-06-17,09:40,2026-06-17 09:40,24051.6,24063.8,24045.2,24061.55,7039267
2026-06-17,09:45,2026-06-17 09:45,24063.8,24067.55,24053.8,24064.05,6583729
2026-06-17,09:50,2026-06-17 09:50,24064.9,24066.3,24054.65,24063.8,6450186
2026-06-17,09:55,2026-06-17 09:55,24065.8,24071.65,24056.65,24065.85,4350869
2026-06-17,10:00,2026-06-17 10:00,24067.9,24069.2,24045.5,24046.05,4015600
2026-06-17,10:05,2026-06-17 10:05,24047.7,24064.55,24043.15,24061.15,3788425
2026-06-17,10:10,2026-06-17 10:10,24062.2,24066.75,24046.55,24047.7,2782557
2026-06-17,10:15,2026-06-17 10:15,24048.25,24067.3,24046.45,24066.95,4826088
2026-06-17,10:20,2026-06-17 10:20,24067.6,24080.65,24065.6,24078.7,3292786
2026-06-17,10:25,2026-06-17 10:25,24080.55,24082.8,24065.55,24066.9,3427400
2026-06-17,10:30,2026-06-17 10:30,24067.8,24075.75,24062.5,24075.7,4272510
2026-06-17,10:35,2026-06-17 10:35,24077.05,24087.95,24075.25,24078.75,4821092
2026-06-17,10:40,2026-06-17 10:40,24080.15,24088.6,24077.0,24085.75,3890685
2026-06-17,10:45,2026-06-17 10:45,24086.35,24088.7,24073.95,24076.55,2626480
2026-06-17,10:50,2026-06-17 10:50,24078.65,24085.6,24074.75,24083.45,2772415
2026-06-17,10:55,2026-06-17 10:55,24084.25,24097.4,24077.7,24080.0,3595468
2026-06-17,11:00,2026-06-17 11:00,24081.7,24082.5,24071.4,24073.15,2582484
2026-06-17,11:05,2026-06-17 11:05,24074.9,24078.55,24068.7,24069.05,3822190
2026-06-17,11:10,2026-06-17 11:10,24070.45,24083.1,24062.05,24081.7,3096461
2026-06-17,11:15,2026-06-17 11:15,24082.0,24088.15,24073.05,24087.5,3698378
2026-06-17,11:20,2026-06-17 11:20,24088.55,24091.45,24083.9,24084.55,3250966
2026-06-17,11:25,2026-06-17 11:25,24085.85,24090.4,24080.65,24088.95,3453060
2026-06-17,11:30,2026-06-17 11:30,24089.9,24108.2,24087.3,24098.65,3113108
2026-06-17,11:35,2026-06-17 11:35,24099.45,24099.45,24073.6,24074.2,4134766
2026-06-17,11:40,2026-06-17 11:40,24075.6,24089.3,24066.9,24083.3,3389594
2026-06-17,11:45,2026-06-17 11:45,24084.15,24085.6,24071.7,24074.3,3297123
2026-06-17,11:50,2026-06-17 11:50,24075.2,24075.55,24066.9,24068.55,2804088
2026-06-17,11:55,2026-06-17 11:55,24068.8,24076.9,24054.7,24055.1,2753226
2026-06-17,12:00,2026-06-17 12:00,24056.7,24065.35,24047.7,24063.35,3905639
2026-06-17,12:05,2026-06-17 12:05,24062.75,24065.05,24053.45,24058.15,2919607
2026-06-17,12:10,2026-06-17 12:10,24059.0,24061.75,24050.3,24050.3,2644943
2026-06-17,12:15,2026-06-17 12:15,24051.75,24056.8,24042.05,24055.4,2590514
2026-06-17,12:20,2026-06-17 12:20,24056.3,24056.9,24042.4,24044.1,3272546
2026-06-17,12:25,2026-06-17 12:25,24044.8,24050.05,24033.0,24045.5,3122608
2026-06-17,12:30,2026-06-17 12:30,24045.85,24046.8,24034.6,24040.15,2476682
2026-06-17,12:35,2026-06-17 12:35,24041.3,24043.65,24032.35,24035.85,2511324
2026-06-17,12:40,2026-06-17 12:40,24036.65,24051.2,24033.25,24044.25,2266320
2026-06-17,12:45,2026-06-17 12:45,24044.9,24053.95,24041.7,24045.6,3027077
2026-06-17,12:50,2026-06-17 12:50,24046.15,24047.4,24028.6,24028.6,2674315
2026-06-17,12:55,2026-06-17 12:55,24030.05,24036.25,24027.35,24029.5,2294172
2026-06-17,13:00,2026-06-17 13:00,24030.0,24038.6,24023.6,24037.65,2599552
2026-06-17,13:05,2026-06-17 13:05,24038.6,24040.4,24016.0,24017.05,3138394
2026-06-17,13:10,2026-06-17 13:10,24017.55,24022.15,24009.75,24009.75,2947119
2026-06-17,13:15,2026-06-17 13:15,24010.6,24031.8,24005.85,24024.15,2434258
2026-06-17,13:20,2026-06-17 13:20,24026.0,24037.6,24024.4,24033.55,2248217
2026-06-17,13:25,2026-06-17 13:25,24034.45,24039.3,24032.1,24034.25,2683768
2026-06-17,13:30,2026-06-17 13:30,24035.1,24044.65,24032.05,24044.05,2162379
2026-06-17,13:35,2026-06-17 13:35,24045.55,24061.85,24041.0,24053.35,3060592
2026-06-17,13:40,2026-06-17 13:40,24054.3,24059.3,24047.8,24055.7,8652076
2026-06-17,13:45,2026-06-17 13:45,24057.15,24058.55,24044.75,24052.75,6034485
2026-06-17,13:50,2026-06-17 13:50,24052.95,24053.15,24029.45,24045.45,8812722
2026-06-17,13:55,2026-06-17 13:55,24046.55,24051.1,24040.15,24048.85,5470502
2026-06-17,14:00,2026-06-17 14:00,24049.85,24053.45,24043.25,24049.2,7485225
2026-06-17,14:05,2026-06-17 14:05,24049.9,24051.25,24040.05,24041.05,6014751
2026-06-17,14:10,2026-06-17 14:10,24042.5,24052.35,24036.35,24047.85,5288040
2026-06-17,14:15,2026-06-17 14:15,24049.1,24052.3,24035.5,24050.55,4801471
2026-06-17,14:20,2026-06-17 14:20,24050.65,24050.65,24037.6,24040.55,5367991
2026-06-17,14:25,2026-06-17 14:25,24041.8,24041.8,24021.4,24024.3,4859908
2026-06-17,14:30,2026-06-17 14:30,24025.8,24032.9,24015.8,24028.25,6300967
2026-06-17,14:35,2026-06-17 14:35,24029.7,24048.25,24025.95,24043.35,5723439
2026-06-17,14:40,2026-06-17 14:40,24044.65,24045.4,24036.0,24041.25,4731623
2026-06-17,14:45,2026-06-17 14:45,24043.25,24047.55,24038.2,24038.95,5336327
2026-06-17,14:50,2026-06-17 14:50,24042.9,24050.9,24026.95,24050.6,5368580
2026-06-17,14:55,2026-06-17 14:55,24052.0,24077.3,24044.1,24076.9,6319127
2026-06-17,15:00,2026-06-17 15:00,24076.8,24098.75,24070.45,24087.65,8554279
2026-06-17,15:05,2026-06-17 15:05,24088.1,24095.4,24082.65,24091.35,7139542
2026-06-17,15:10,2026-06-17 15:10,24091.1,24092.95,24082.05,24083.6,8215304
2026-06-17,15:15,2026-06-17 15:15,24083.6,24088.8,24078.25,24087.35,9969617
2026-06-17,15:20,2026-06-17 15:20,24088.05,24090.0,24079.95,24081.45,9886922
2026-06-17,15:25,2026-06-17 15:25,24081.25,24087.15,24073.1,24081.95,9983091
